title_id,title_name,genre,region,licensing_cost,viewing_hours,ad_revenue,churn_risk_score,strategic_score
NFLX-001,Stranger Things S5,Sci-Fi,UCAN,45000000,12500000,62000000,10,10
NFLX-002,Squid Game S2,Drama,APAC,35000000,14200000,58000000,10,10
NFLX-003,Wednesday S2,Comedy,UCAN,28000000,9800000,39000000,9,9
NFLX-004,The Crown S6,Drama,EMEA,22000000,6500000,27000000,8,10
NFLX-005,Bridgerton S3,Romance,EMEA,25000000,8900000,34000000,9,8
NFLX-006,Cobra Kai S6,Action,UCAN,15000000,5400000,19000000,7,7
NFLX-007,Emily in Paris S4,Comedy,EMEA,14000000,4800000,18000000,8,6
NFLX-008,Black Mirror S7,Sci-Fi,EMEA,18000000,4200000,21000000,8,9
NFLX-009,The Witcher S4,Fantasy,UCAN,30000000,7100000,36000000,7,8
NFLX-010,Lupin S3,Crime,EMEA,12000000,4900000,16000000,8,7
NFLX-011,Love is Blind S6,Unscripted,UCAN,6000000,3800000,9500000,6,5
NFLX-012,Drive to Survive S6,Docuseries,EMEA,8000000,3200000,11000000,9,8
NFLX-013,Tokyo Heist Thriller,Crime,APAC,5000000,2100000,6800000,7,6
NFLX-014,Spanish Mystery Limited,Drama,EMEA,4500000,1900000,5900000,6,6
NFLX-015,Seoul Reality Dating,Unscripted,APAC,3000000,2800000,4800000,7,5
NFLX-016,Standup Special London,Comedy,EMEA,2500000,1100000,3200000,4,4
NFLX-017,Baking Championship,Unscripted,UCAN,2000000,950000,2600000,5,4
NFLX-018,Anime Legend Revival,Action,APAC,7500000,3400000,9800000,8,7
NFLX-019,Deep Sea Doc 4K,Documentary,LATAM,1800000,720000,2100000,4,6
NFLX-020,Indie Drama Pilot,Drama,LATAM,1200000,410000,1400000,3,5
NFLX-0021,Wild Chronicles 1,Documentary,LATAM,15479419,2143112,14111508,9,2
NFLX-0022,Royal Horizon 1,Drama,UCAN,15172546,3464853,14962083,9,4
NFLX-0023,Golden Rivalry 4,Crime,APAC,19169062,2322710,27748067,3,7
NFLX-0024,Lost Odyssey 2,Crime,EMEA,7359215,1011221,6433401,6,10
NFLX-0025,Rising Legacy 4,Fantasy,UCAN,25903012,4475317,22355339,10,6
NFLX-0026,Royal Empire 1,Drama,LATAM,19920497,5457363,31637279,2,7
NFLX-0027,Rising Kingdom 3,Comedy,EMEA,24341813,4090787,23553275,2,10
NFLX-0028,Wild Heist 2,Comedy,APAC,25964823,7440750,26379176,9,4
NFLX-0029,Wild Protocol 1,Crime,UCAN,21669695,2858535,24290250,10,6
NFLX-0030,Dark Rivalry 4,Unscripted,APAC,10087950,1658387,10208038,9,9
NFLX-0031,Rising Vengeance 4,Animation,APAC,24793170,7426961,24184661,9,8
NFLX-0032,Secret Legacy 1,Comedy,LATAM,28830675,5456439,36820439,10,8
NFLX-0033,Shadow Odyssey 1,Sci-Fi,EMEA,23328789,4625113,20744932,8,1
NFLX-0034,Golden Vengeance 3,Fantasy,LATAM,34569940,9565272,52895543,5,9
NFLX-0035,Royal Empire 2,Action,LATAM,36697113,10496773,57350240,1,10
NFLX-0036,Lost Kingdom 1,Sci-Fi,EMEA,21136923,3452861,20958566,10,2
NFLX-0037,Secret Vengeance 4,Sci-Fi,LATAM,9116205,2647644,12104502,3,5
NFLX-0038,Shadow Frontier 4,Crime,LATAM,21418926,5159897,23971930,6,8
NFLX-0039,Shadow Kingdom 1,Crime,LATAM,4796705,1083554,5134721,4,10
NFLX-0040,Dark Legacy 1,Drama,LATAM,5023159,1380034,7656982,2,9
NFLX-0041,Dark Odyssey 4,Crime,LATAM,38822053,6356703,48953417,8,7
NFLX-0042,Dark Chronicles 1,Unscripted,EMEA,28925880,7968808,32653900,1,2
NFLX-0043,Global Horizon 3,Sci-Fi,LATAM,13357392,2681502,12718469,7,3
NFLX-0044,Rising Kingdom 2,Sci-Fi,APAC,37431706,8885765,32877277,9,1
NFLX-0045,Secret Empire 2,Unscripted,APAC,32803416,6304398,31852046,1,3
NFLX-0046,Infinite Legacy 4,Documentary,APAC,19642751,5741913,22361425,9,8
NFLX-0047,Ultimate Empire 3,Crime,UCAN,39368131,5156137,54666182,6,1
NFLX-0048,Global Frontier 4,Fantasy,LATAM,4317123,580307,6771938,3,2
NFLX-0049,Royal Chronicles 2,Unscripted,UCAN,38730269,8792291,38613004,10,2
NFLX-0050,Infinite Rivalry 3,Documentary,LATAM,21584522,4127855,21389155,5,8
NFLX-0051,Lost Chronicles 1,Romance,UCAN,5416443,1143190,6662807,3,6
NFLX-0052,Secret Empire 3,Documentary,LATAM,29906068,7375948,43872081,10,9
NFLX-0053,Global Rivalry 3,Sci-Fi,LATAM,18248007,2541335,16283480,9,3
NFLX-0054,Rising Odyssey 2,Action,LATAM,18215659,3009260,21937614,1,2
NFLX-0055,Wild Horizon 3,Drama,UCAN,22884600,5370567,32425083,5,3
NFLX-0056,Golden Kingdom 4,Fantasy,UCAN,8007729,2233829,6888209,3,9
NFLX-0057,Global Protocol 2,Unscripted,LATAM,3307087,931992,3461219,1,6
NFLX-0058,Dark Rivalry 2,Sci-Fi,EMEA,38073146,7353749,57387948,10,3
NFLX-0059,Dark Heist 2,Unscripted,UCAN,12536690,2254013,17416616,7,4
NFLX-0060,Rising Heist 1,Unscripted,UCAN,32087472,8566892,31379846,8,6
NFLX-0061,Rising Empire 2,Drama,LATAM,27240599,7507060,28946120,5,6
NFLX-0062,Wild Hearts 4,Fantasy,EMEA,2352240,693139,2098841,3,10
NFLX-0063,Rising Legacy 1,Animation,APAC,23698669,4181912,32771373,10,9
NFLX-0064,Secret Horizon 2,Documentary,UCAN,29763324,8530273,23850929,9,4
NFLX-0065,Lost Horizon 1,Action,EMEA,8863463,1542756,12194382,5,7
NFLX-0066,Lost Horizon 3,Fantasy,LATAM,13374170,3868685,15197832,3,10
NFLX-0067,Royal Odyssey 4,Fantasy,UCAN,20892702,4123798,21509683,10,10
NFLX-0068,Wild Protocol 4,Romance,APAC,14841258,3901356,17942178,3,2
NFLX-0069,Rising Hearts 3,Sci-Fi,LATAM,21331897,3324435,20899126,1,1
NFLX-0070,Dark Kingdom 1,Romance,APAC,39132620,9600944,37393104,8,7
NFLX-0071,Dark Heist 1,Sci-Fi,APAC,15186180,4440953,14285781,9,8
NFLX-0072,Global Hearts 2,Sci-Fi,APAC,9448235,2269125,13616165,9,10
NFLX-0073,Lost Kingdom 4,Fantasy,APAC,11180906,2297020,15596518,5,4
NFLX-0074,Wild Odyssey 4,Crime,EMEA,30019350,5146249,25876279,5,6
NFLX-0075,Lost Hearts 1,Comedy,LATAM,16019695,2362984,17724642,4,2
NFLX-0076,Infinite Horizon 3,Fantasy,APAC,28402136,7666316,24136492,7,10
NFLX-0077,Golden Legacy 4,Romance,UCAN,24106133,4584928,25043623,7,9
NFLX-0078,Golden Vengeance 2,Romance,LATAM,18816378,2356270,21613785,6,7
NFLX-0079,Golden Heist 4,Comedy,UCAN,26942251,6448357,34311339,2,7
NFLX-0080,Ultimate Kingdom 2,Drama,EMEA,25941229,5236130,27546527,6,7
NFLX-0081,Rising Horizon 3,Sci-Fi,APAC,1800790,232977,2519700,6,4
NFLX-0082,Wild Chronicles 1,Drama,LATAM,13878868,3217682,20421131,4,3
NFLX-0083,Silent Rivalry 1,Animation,LATAM,31707902,8181959,43109175,3,10
NFLX-0084,Royal Vengeance 1,Comedy,EMEA,7754384,2227056,9793382,10,7
NFLX-0085,Infinite Vengeance 2,Sci-Fi,LATAM,7338480,1278986,9963853,10,2
NFLX-0086,Royal Legacy 3,Fantasy,APAC,25368590,6001137,21694340,1,7
NFLX-0087,Silent Chronicles 4,Action,APAC,10767062,2714194,12364783,5,10
NFLX-0088,Shadow Kingdom 4,Unscripted,EMEA,22129494,5964597,32781980,2,5
NFLX-0089,Silent Empire 4,Animation,APAC,23075195,6303485,18989962,3,8
NFLX-0090,Dark Protocol 3,Action,EMEA,19040070,4055399,23697896,4,2
NFLX-0091,Dark Vengeance 4,Romance,LATAM,32450067,6760901,42727727,1,2
NFLX-0092,Rising Empire 4,Crime,EMEA,39527534,8681239,43291201,6,7
NFLX-0093,Golden Hearts 3,Action,APAC,18680893,3016905,19527107,4,6
NFLX-0094,Secret Vengeance 2,Crime,LATAM,32994017,7460793,33693480,9,10
NFLX-0095,Rising Chronicles 2,Documentary,LATAM,24718318,3029148,23323048,9,3
NFLX-0096,Rising Legacy 1,Fantasy,EMEA,8974473,2293001,11759213,2,1
NFLX-0097,Royal Odyssey 4,Romance,APAC,23364388,3019795,22137545,8,2
NFLX-0098,Secret Horizon 4,Sci-Fi,UCAN,10682227,2364095,9820791,5,2
NFLX-0099,Dark Chronicles 4,Animation,LATAM,35569249,10084977,39279207,5,10
NFLX-0100,Infinite Odyssey 1,Animation,UCAN,14444410,2421407,18783684,2,3
NFLX-0101,Dark Heist 1,Comedy,UCAN,27915150,6333557,32392822,5,1
NFLX-0102,Dark Odyssey 3,Romance,UCAN,16164806,4232092,24879719,10,4
NFLX-0103,Infinite Chronicles 2,Comedy,EMEA,10045315,1505452,8610119,5,10
NFLX-0104,Golden Frontier 3,Romance,UCAN,31953788,7859100,43167726,5,9
NFLX-0105,Shadow Kingdom 4,Sci-Fi,UCAN,29492952,6744107,40925220,1,2
NFLX-0106,Dark Rivalry 1,Documentary,UCAN,12256850,2908203,14418966,5,3
NFLX-0107,Royal Horizon 4,Sci-Fi,APAC,23851271,4240529,26872713,2,3
NFLX-0108,Lost Horizon 4,Documentary,APAC,37416358,5083040,31031544,5,6
NFLX-0109,Secret Horizon 1,Fantasy,APAC,28232575,6022547,23810316,10,8
NFLX-0110,Wild Kingdom 1,Crime,EMEA,37357506,6419709,33801466,8,2
NFLX-0111,Global Rivalry 2,Comedy,EMEA,37466180,7247395,30382807,4,2
NFLX-0112,Silent Chronicles 2,Romance,EMEA,34649822,6749378,47273767,8,8
NFLX-0113,Dark Kingdom 2,Unscripted,LATAM,34607468,5003253,48347810,2,5
NFLX-0114,Infinite Protocol 3,Drama,EMEA,20535743,4607937,30187146,8,3
NFLX-0115,Silent Hearts 4,Action,EMEA,37538550,7053411,52940547,6,4
NFLX-0116,Golden Empire 4,Crime,APAC,3429120,703435,3616147,7,7
NFLX-0117,Wild Rivalry 2,Romance,UCAN,8972243,2029812,10783137,2,8
NFLX-0118,Secret Hearts 4,Drama,LATAM,28013199,8252470,41928654,2,8
NFLX-0119,Rising Protocol 4,Sci-Fi,EMEA,36310787,6426973,40087381,8,9
NFLX-0120,Global Frontier 1,Crime,EMEA,15766345,3123547,22032096,2,2
NFLX-0121,Silent Heist 3,Drama,UCAN,22268415,3848120,31997814,6,7
NFLX-0122,Ultimate Empire 4,Animation,LATAM,11907409,2735233,11193625,7,10
NFLX-0123,Wild Empire 4,Animation,LATAM,16081902,2665027,18798455,5,1
NFLX-0124,Silent Odyssey 2,Sci-Fi,APAC,23690516,4118543,37670795,7,5
NFLX-0125,Silent Odyssey 2,Unscripted,APAC,7657379,1707182,7579002,10,5
NFLX-0126,Golden Odyssey 1,Unscripted,EMEA,1043445,254020,1307168,1,10
NFLX-0127,Golden Kingdom 3,Crime,EMEA,15197145,3522096,19897535,3,2
NFLX-0128,Wild Rivalry 1,Documentary,APAC,2739055,689761,3461231,2,5
NFLX-0129,Lost Vengeance 4,Comedy,LATAM,9369093,2602386,13390403,6,9
NFLX-0130,Shadow Odyssey 2,Documentary,APAC,20306607,3674861,28373355,2,8
NFLX-0131,Secret Heist 2,Unscripted,EMEA,6560123,803650,9397675,9,2
NFLX-0132,Silent Protocol 3,Animation,APAC,25429174,4121762,22547460,1,10
NFLX-0133,Shadow Protocol 2,Sci-Fi,APAC,20779639,2929963,27416480,1,1
NFLX-0134,Rising Kingdom 1,Sci-Fi,LATAM,36574142,7375390,33228750,9,7
NFLX-0135,Royal Vengeance 2,Unscripted,UCAN,33339523,9636107,43092059,5,1
NFLX-0136,Golden Protocol 2,Romance,APAC,16345250,2253745,24262237,6,9
NFLX-0137,Wild Protocol 1,Unscripted,EMEA,13237836,3849853,20843839,8,2
NFLX-0138,Wild Empire 1,Drama,EMEA,16845631,4407761,26802354,4,2
NFLX-0139,Shadow Empire 2,Crime,EMEA,10402193,2364176,14884654,5,3
NFLX-0140,Ultimate Hearts 3,Comedy,UCAN,2230076,411412,2019205,4,10
NFLX-0141,Lost Legacy 2,Documentary,UCAN,9006621,1933680,12549595,2,8
NFLX-0142,Silent Protocol 1,Romance,LATAM,3410178,967042,4712164,9,5
NFLX-0143,Silent Rivalry 1,Drama,APAC,27452077,3827729,31323338,8,2
NFLX-0144,Secret Protocol 2,Sci-Fi,LATAM,18956011,4272033,24632464,6,7
NFLX-0145,Royal Hearts 3,Romance,APAC,7155753,1006059,10264762,9,4
NFLX-0146,Infinite Kingdom 2,Unscripted,EMEA,30933796,7774598,34614427,6,7
NFLX-0147,Lost Rivalry 3,Action,LATAM,32327579,8719360,27598269,2,7
NFLX-0148,Secret Vengeance 3,Comedy,UCAN,39857005,8812503,62388157,2,7
NFLX-0149,Lost Rivalry 4,Drama,EMEA,21468090,4809396,23213809,4,3
NFLX-0150,Wild Kingdom 2,Sci-Fi,EMEA,37830344,9732575,41388243,10,4
NFLX-0151,Infinite Hearts 1,Animation,EMEA,2443015,602168,2307019,5,6
NFLX-0152,Lost Legacy 2,Comedy,APAC,5169798,1209582,4722609,1,2
NFLX-0153,Golden Hearts 2,Unscripted,APAC,30943653,5774381,33193775,6,10
NFLX-0154,Royal Chronicles 1,Comedy,LATAM,3839504,648793,5141767,7,8
NFLX-0155,Royal Kingdom 4,Documentary,LATAM,34882978,6885357,31082617,5,10
NFLX-0156,Silent Hearts 3,Drama,LATAM,27025677,3509574,42904789,4,5
NFLX-0157,Dark Heist 3,Documentary,EMEA,8552013,2176166,6894495,3,3
NFLX-0158,Infinite Hearts 2,Fantasy,EMEA,5336904,1353265,5964827,7,1
NFLX-0159,Silent Chronicles 3,Animation,APAC,38980201,9169137,43795749,5,2
NFLX-0160,Infinite Legacy 3,Comedy,APAC,24783523,6741296,21574153,4,7
NFLX-0161,Royal Horizon 1,Unscripted,EMEA,23284350,6059547,22754809,2,9
NFLX-0162,Wild Chronicles 2,Action,EMEA,10411297,1523797,10296929,4,3
NFLX-0163,Royal Heist 1,Comedy,APAC,31635363,8123261,44402024,8,10
NFLX-0164,Wild Rivalry 3,Action,LATAM,30011983,5990315,25649111,5,5
NFLX-0165,Royal Legacy 3,Fantasy,UCAN,21331118,2704130,24944481,6,5
NFLX-0166,Secret Rivalry 1,Animation,APAC,31552053,9205679,39890109,1,8
NFLX-0167,Royal Rivalry 2,Action,APAC,34146190,4477838,31438016,2,6
NFLX-0168,Golden Chronicles 2,Drama,LATAM,29877460,6403705,47588484,10,3
NFLX-0169,Lost Protocol 3,Unscripted,APAC,23207434,3003640,31170326,6,2
NFLX-0170,Lost Chronicles 4,Documentary,EMEA,10591383,2381929,11297718,3,6
NFLX-0171,Rising Rivalry 4,Comedy,UCAN,21275688,5017419,26533711,6,3
NFLX-0172,Wild Vengeance 1,Unscripted,EMEA,1723430,262732,1878673,4,6
NFLX-0173,Silent Empire 2,Comedy,LATAM,5678461,1486971,5886483,9,9
NFLX-0174,Golden Hearts 1,Action,LATAM,25781242,3932987,23806455,10,3
NFLX-0175,Golden Kingdom 1,Unscripted,EMEA,16440381,3779761,25904629,8,4
NFLX-0176,Shadow Empire 3,Romance,LATAM,25185388,5608168,33815046,8,8
NFLX-0177,Rising Horizon 4,Comedy,LATAM,9787768,1266462,14666006,8,6
NFLX-0178,Shadow Chronicles 1,Documentary,UCAN,11258378,3185615,11463652,3,7
NFLX-0179,Secret Empire 4,Action,UCAN,28343260,5962324,23882187,4,7
NFLX-0180,Secret Protocol 2,Drama,EMEA,7149355,1694346,10519139,3,3
NFLX-0181,Global Odyssey 4,Comedy,APAC,30605135,8662916,39550361,1,5
NFLX-0182,Dark Heist 4,Sci-Fi,EMEA,16447765,2115098,17120823,7,10
NFLX-0183,Silent Chronicles 1,Romance,UCAN,35086279,8748341,44210043,5,7
NFLX-0184,Global Frontier 3,Crime,APAC,13070423,1769872,17403229,6,2
NFLX-0185,Shadow Hearts 1,Unscripted,APAC,3421545,1014786,4477216,5,1
NFLX-0186,Lost Chronicles 3,Crime,UCAN,39550870,7113356,54902523,1,6
NFLX-0187,Shadow Protocol 2,Romance,APAC,12732469,1672512,18451870,8,1
NFLX-0188,Rising Empire 1,Crime,UCAN,21679276,4612678,33531266,9,8
NFLX-0189,Rising Legacy 2,Documentary,EMEA,3708074,666513,5534814,2,6
NFLX-0190,Infinite Horizon 4,Unscripted,EMEA,13037091,2731977,15604910,9,5
NFLX-0191,Secret Vengeance 4,Sci-Fi,APAC,12610229,2242326,15591028,2,6
NFLX-0192,Wild Odyssey 3,Romance,APAC,11683341,2141304,15793678,1,6
NFLX-0193,Royal Horizon 3,Drama,UCAN,27760307,7334197,30276748,3,1
NFLX-0194,Ultimate Frontier 4,Drama,LATAM,5011954,1183469,4955801,6,7
NFLX-0195,Royal Legacy 2,Romance,EMEA,25465395,3408272,29416387,3,9
NFLX-0196,Lost Horizon 3,Documentary,LATAM,8113407,1245315,6658921,9,7
NFLX-0197,Shadow Chronicles 3,Documentary,APAC,14899577,2553844,23795996,8,4
NFLX-0198,Secret Heist 1,Romance,LATAM,30370906,8075392,48526934,6,6
NFLX-0199,Golden Chronicles 3,Documentary,LATAM,12183049,2577641,17482152,2,4
NFLX-0200,Ultimate Empire 4,Drama,EMEA,37679749,7691682,47394414,9,3
NFLX-0201,Royal Chronicles 1,Documentary,APAC,32622671,8431316,39817813,10,2
NFLX-0202,Ultimate Protocol 1,Romance,APAC,35219442,9792161,37882448,9,10
NFLX-0203,Ultimate Heist 4,Fantasy,UCAN,8832311,1543379,10726680,3,6
NFLX-0204,Golden Empire 3,Fantasy,EMEA,5792198,1357171,5795002,9,5
NFLX-0205,Ultimate Rivalry 3,Animation,UCAN,34227112,7753314,44933008,10,3
NFLX-0206,Ultimate Rivalry 3,Animation,UCAN,2404112,698967,2079504,10,5
NFLX-0207,Wild Empire 4,Animation,UCAN,33922768,7402081,51264002,5,8
NFLX-0208,Dark Rivalry 4,Documentary,APAC,5397136,801229,7290941,7,8
NFLX-0209,Silent Empire 3,Animation,LATAM,21477056,3811682,31983375,6,7
NFLX-0210,Ultimate Protocol 1,Action,LATAM,31804444,6390380,28560948,3,2
NFLX-0211,Global Odyssey 4,Animation,APAC,17161136,4846578,26945535,6,10
NFLX-0212,Golden Protocol 2,Comedy,APAC,35042599,9750029,41120811,8,1
NFLX-0213,Secret Horizon 4,Crime,LATAM,39647560,5118391,42911191,8,10
NFLX-0214,Wild Rivalry 4,Documentary,UCAN,7714007,2150989,8830549,6,7
NFLX-0215,Lost Legacy 4,Drama,LATAM,24828558,3308050,30851428,9,8
NFLX-0216,Shadow Odyssey 1,Comedy,UCAN,26934430,8016272,29589051,9,6
NFLX-0217,Ultimate Empire 4,Fantasy,UCAN,3540256,879564,2942417,8,9
NFLX-0218,Silent Heist 2,Action,EMEA,11405327,2634289,12709682,5,10
NFLX-0219,Lost Hearts 4,Animation,EMEA,32369502,6030580,47019908,2,7
NFLX-0220,Royal Odyssey 1,Animation,APAC,18319445,4779959,28828514,10,10
NFLX-0221,Dark Vengeance 1,Animation,APAC,11942870,2983483,14562966,7,3
NFLX-0222,Wild Empire 1,Animation,UCAN,13303319,2347565,10844199,3,7
NFLX-0223,Golden Empire 4,Fantasy,APAC,4679626,998458,6385912,9,6
NFLX-0224,Wild Kingdom 4,Action,LATAM,31347497,5693296,47952245,6,5
NFLX-0225,Royal Kingdom 2,Crime,EMEA,37952561,10986029,39425094,5,5
NFLX-0226,Golden Empire 4,Action,APAC,23907784,6890399,29846240,5,5
NFLX-0227,Secret Frontier 4,Unscripted,EMEA,10329846,1774393,10664141,2,6
NFLX-0228,Silent Rivalry 3,Romance,LATAM,14060554,2373476,20561610,9,5
NFLX-0229,Ultimate Chronicles 2,Crime,UCAN,36137591,5851058,35434256,2,7
NFLX-0230,Lost Vengeance 4,Sci-Fi,LATAM,847720,250945,1332289,3,7
NFLX-0231,Wild Kingdom 4,Crime,EMEA,22053199,2881234,22678016,2,10
NFLX-0232,Dark Hearts 1,Comedy,APAC,12296980,1556074,19025126,7,8
NFLX-0233,Ultimate Vengeance 3,Drama,UCAN,20524762,2859389,25745635,6,5
NFLX-0234,Silent Rivalry 4,Comedy,APAC,18809786,2638569,17949221,3,8
NFLX-0235,Wild Odyssey 2,Drama,EMEA,20298742,5202788,25459189,3,10
NFLX-0236,Wild Horizon 4,Fantasy,EMEA,6320873,867029,7083591,3,8
NFLX-0237,Lost Empire 1,Documentary,APAC,16305563,2740296,18871869,6,5
NFLX-0238,Royal Vengeance 1,Documentary,EMEA,16357997,2311065,13899381,5,3
NFLX-0239,Infinite Rivalry 3,Sci-Fi,EMEA,25165453,4012459,32506224,3,8
NFLX-0240,Ultimate Kingdom 3,Unscripted,APAC,36572201,9823608,52722338,4,10
NFLX-0241,Secret Hearts 4,Fantasy,EMEA,5741384,804928,8806110,9,9
NFLX-0242,Dark Frontier 2,Comedy,EMEA,35419529,8587576,40855450,10,8
NFLX-0243,Secret Hearts 4,Drama,APAC,9354634,1891728,11324703,1,9
NFLX-0244,Silent Rivalry 3,Drama,APAC,17576334,4468691,25541270,10,2
NFLX-0245,Global Horizon 3,Sci-Fi,UCAN,5131796,1051878,8153960,5,7
NFLX-0246,Ultimate Heist 4,Action,APAC,30600817,8666705,45769526,7,2
NFLX-0247,Wild Rivalry 2,Action,UCAN,12477162,2380025,19892057,3,4
NFLX-0248,Global Legacy 3,Romance,APAC,36197460,5840081,39941043,8,6
NFLX-0249,Ultimate Odyssey 2,Sci-Fi,UCAN,28634760,8261781,36994350,1,4
NFLX-0250,Dark Chronicles 1,Animation,UCAN,30460152,7511215,38935016,1,4
NFLX-0251,Golden Legacy 4,Romance,LATAM,36722667,10116046,35761097,1,3
NFLX-0252,Shadow Odyssey 2,Animation,EMEA,39253678,9462324,50179316,6,4
NFLX-0253,Rising Heist 2,Unscripted,EMEA,18965267,5513841,16097075,3,7
NFLX-0254,Shadow Kingdom 1,Action,APAC,35696120,6958545,37658962,3,5
NFLX-0255,Infinite Heist 4,Crime,LATAM,20682079,3019238,30734251,8,1
NFLX-0256,Shadow Horizon 4,Fantasy,LATAM,26566361,4160308,26414582,2,8
NFLX-0257,Lost Chronicles 2,Drama,EMEA,25811314,5898555,34559737,2,4
NFLX-0258,Royal Vengeance 2,Romance,LATAM,22844856,6479234,23816914,4,4
NFLX-0259,Golden Chronicles 4,Crime,LATAM,27117526,5948887,41546793,5,7
NFLX-0260,Silent Hearts 3,Documentary,EMEA,24635341,5161348,29815001,2,8
NFLX-0261,Lost Empire 3,Action,APAC,3567911,570256,4459959,3,1
NFLX-0262,Rising Hearts 4,Documentary,LATAM,13666207,2574319,14539371,4,8
NFLX-0263,Shadow Rivalry 3,Documentary,APAC,33423312,8419298,39060594,6,3
NFLX-0264,Ultimate Vengeance 4,Comedy,UCAN,35661314,9714339,29494010,1,1
NFLX-0265,Infinite Heist 2,Sci-Fi,LATAM,1113473,225012,1085609,1,10
NFLX-0266,Wild Rivalry 4,Romance,UCAN,943747,183125,1156816,1,9
NFLX-0267,Golden Odyssey 3,Drama,APAC,12530394,1720880,11097081,3,4
NFLX-0268,Dark Frontier 3,Action,EMEA,27135268,7941776,23423581,8,10
NFLX-0269,Dark Vengeance 2,Documentary,UCAN,2626311,494449,2297497,9,8
NFLX-0270,Global Rivalry 1,Comedy,UCAN,34044928,8037439,50259295,6,10
NFLX-0271,Secret Hearts 1,Crime,LATAM,38536240,4947326,45488186,2,5
NFLX-0272,Shadow Frontier 1,Comedy,EMEA,1550796,349962,2433470,7,2
NFLX-0273,Rising Heist 2,Animation,APAC,36776530,9415147,39181121,3,2
NFLX-0274,Shadow Vengeance 3,Drama,UCAN,29832496,3988106,29406344,10,10
NFLX-0275,Royal Horizon 3,Drama,EMEA,30735911,5656821,36652044,7,7
NFLX-0276,Ultimate Rivalry 4,Sci-Fi,EMEA,17038964,2296287,23351675,3,7
NFLX-0277,Golden Rivalry 2,Unscripted,EMEA,24706182,2987845,21870918,5,8
NFLX-0278,Lost Odyssey 1,Comedy,UCAN,13075649,2880007,14968788,9,7
NFLX-0279,Secret Legacy 1,Action,UCAN,22272150,2722131,33207208,7,7
NFLX-0280,Secret Vengeance 2,Animation,LATAM,26050493,4387044,24372877,5,8
NFLX-0281,Ultimate Chronicles 2,Unscripted,EMEA,28759699,7502830,29904386,6,5
NFLX-0282,Dark Vengeance 4,Animation,LATAM,31226574,5459605,27653563,7,6
NFLX-0283,Royal Horizon 3,Romance,EMEA,29398165,8076014,42697317,10,3
NFLX-0284,Rising Protocol 2,Romance,EMEA,12421035,3656386,19521640,5,8
NFLX-0285,Royal Empire 3,Unscripted,EMEA,26869430,7732271,29341751,4,10
NFLX-0286,Shadow Heist 1,Romance,LATAM,29924213,8068487,43035459,2,7
NFLX-0287,Wild Kingdom 2,Documentary,LATAM,17457180,4342343,23164462,7,2
NFLX-0288,Silent Frontier 4,Animation,APAC,36360789,10387208,43825299,7,9
NFLX-0289,Global Protocol 1,Sci-Fi,LATAM,24324238,5601434,22696236,10,7
NFLX-0290,Lost Horizon 1,Drama,UCAN,17863638,4545108,17463507,9,10
NFLX-0291,Golden Frontier 2,Romance,EMEA,26748569,6481712,31307877,9,3
NFLX-0292,Lost Legacy 4,Sci-Fi,EMEA,28415638,3849007,43658867,3,6
NFLX-0293,Rising Protocol 4,Crime,APAC,23874037,4747826,28193567,8,6
NFLX-0294,Secret Odyssey 1,Sci-Fi,UCAN,23523571,5690000,31012909,3,4
NFLX-0295,Shadow Heist 2,Action,APAC,31507929,6078148,31050573,3,3
NFLX-0296,Wild Rivalry 4,Unscripted,UCAN,13742218,2711607,15936300,1,4
NFLX-0297,Dark Odyssey 1,Animation,UCAN,36530011,6527083,34687724,8,2
NFLX-0298,Rising Rivalry 4,Fantasy,EMEA,26581139,5998322,34264330,6,6
NFLX-0299,Silent Frontier 2,Documentary,UCAN,9489082,1546180,9968741,2,3
NFLX-0300,Lost Vengeance 2,Fantasy,APAC,28567551,6383850,36484780,7,3
NFLX-0301,Silent Rivalry 2,Fantasy,LATAM,33359320,5126585,34395721,8,10
NFLX-0302,Global Protocol 1,Romance,LATAM,13594851,3989942,19742072,9,8
NFLX-0303,Infinite Rivalry 4,Unscripted,APAC,33296069,7384122,31091962,4,5
NFLX-0304,Global Odyssey 2,Fantasy,EMEA,11788313,2614849,16793538,8,9
NFLX-0305,Shadow Chronicles 1,Documentary,EMEA,36875915,4701306,53768356,8,9
NFLX-0306,Dark Horizon 1,Crime,EMEA,2662945,486636,3088445,2,8
NFLX-0307,Secret Empire 2,Animation,EMEA,29233805,4240722,27268863,4,4
NFLX-0308,Global Frontier 3,Fantasy,EMEA,36656145,10858284,34262568,5,5
NFLX-0309,Royal Odyssey 1,Comedy,APAC,4478608,1236402,7138851,3,3
NFLX-0310,Dark Heist 3,Crime,APAC,33347019,7797612,30470415,7,7
NFLX-0311,Silent Chronicles 1,Unscripted,EMEA,25267947,5251892,29405738,10,1
NFLX-0312,Golden Chronicles 4,Action,UCAN,36364618,10700766,40661922,4,8
NFLX-0313,Rising Protocol 3,Action,LATAM,38493153,10081151,57044468,1,1
NFLX-0314,Secret Rivalry 4,Drama,UCAN,11102094,1333602,12801033,7,4
NFLX-0315,Golden Heist 3,Comedy,EMEA,6763940,1116524,8953226,6,3
NFLX-0316,Global Horizon 3,Crime,APAC,6620273,795727,9023156,8,2
NFLX-0317,Ultimate Frontier 2,Fantasy,APAC,1123236,204252,905833,2,7
NFLX-0318,Golden Heist 4,Sci-Fi,LATAM,26207387,6946850,22838816,2,6
NFLX-0319,Lost Odyssey 2,Unscripted,LATAM,10086707,2233120,8621403,10,3
NFLX-0320,Silent Protocol 2,Comedy,APAC,30187878,4093592,44918657,2,3
NFLX-0321,Secret Frontier 4,Action,APAC,21605983,3556378,30958377,2,4
NFLX-0322,Shadow Frontier 3,Drama,EMEA,14287228,3024807,17347542,7,5
NFLX-0323,Wild Legacy 2,Romance,APAC,8066099,1894362,8008550,2,9
NFLX-0324,Global Protocol 3,Comedy,APAC,38643362,8437550,43925555,3,8
NFLX-0325,Secret Legacy 1,Drama,EMEA,14978263,1960420,12459840,7,9
NFLX-0326,Rising Rivalry 4,Unscripted,APAC,6031636,1307525,7916099,3,5
NFLX-0327,Secret Odyssey 1,Fantasy,LATAM,10927182,2079788,13430732,2,5
NFLX-0328,Golden Horizon 2,Drama,LATAM,6285642,885506,9678016,10,10
NFLX-0329,Global Odyssey 2,Sci-Fi,UCAN,9708127,1451266,13214699,6,9
NFLX-0330,Shadow Vengeance 3,Comedy,EMEA,9018168,2500041,12623821,2,1
NFLX-0331,Lost Horizon 3,Fantasy,UCAN,18146252,4061082,24857799,2,8
NFLX-0332,Silent Hearts 3,Drama,APAC,38543084,5716548,35980166,2,10
NFLX-0333,Wild Vengeance 1,Crime,UCAN,3455333,422282,5137911,1,8
NFLX-0334,Lost Horizon 2,Comedy,UCAN,37602127,9345021,54240782,7,4
NFLX-0335,Lost Empire 4,Action,EMEA,5726912,810313,7200038,1,3
NFLX-0336,Dark Hearts 1,Unscripted,UCAN,31711941,8220843,47340403,5,6
NFLX-0337,Secret Hearts 4,Drama,EMEA,13966813,3648289,14431573,10,4
NFLX-0338,Silent Protocol 4,Crime,LATAM,10604338,2055189,8537576,4,9
NFLX-0339,Lost Rivalry 1,Action,UCAN,25751376,6460986,38091558,2,4
NFLX-0340,Shadow Empire 4,Romance,UCAN,10054522,1374903,13767877,4,9
NFLX-0341,Infinite Vengeance 3,Romance,UCAN,39474857,5685662,34598196,7,2
NFLX-0342,Royal Frontier 1,Unscripted,LATAM,16389482,4477024,16935920,7,6
NFLX-0343,Lost Kingdom 3,Crime,UCAN,14103814,3647618,12818808,2,3
NFLX-0344,Secret Heist 4,Romance,EMEA,27780595,5125290,24907786,4,8
NFLX-0345,Rising Kingdom 3,Sci-Fi,UCAN,11077388,1935869,16018761,10,1
NFLX-0346,Dark Protocol 2,Sci-Fi,LATAM,24373492,3139576,27225082,5,5
NFLX-0347,Ultimate Legacy 4,Romance,LATAM,6856905,1815032,8020073,3,2
NFLX-0348,Global Legacy 2,Comedy,LATAM,27382590,6392563,30060382,2,10
NFLX-0349,Royal Odyssey 1,Drama,UCAN,13770800,2751648,20959114,3,2
NFLX-0350,Lost Chronicles 1,Romance,UCAN,11773564,2330790,18123110,7,8
NFLX-0351,Global Horizon 4,Comedy,EMEA,14909353,2527086,22761264,8,3
NFLX-0352,Global Frontier 2,Documentary,APAC,28148328,5804904,42397655,2,5
NFLX-0353,Infinite Heist 4,Crime,LATAM,36984182,11024712,53104736,6,8
NFLX-0354,Shadow Kingdom 3,Animation,EMEA,26563826,3312278,26998105,10,4
NFLX-0355,Global Odyssey 1,Romance,EMEA,39690832,11721352,63492812,2,4
NFLX-0356,Wild Empire 3,Fantasy,UCAN,15224462,4519832,19191251,7,6
NFLX-0357,Ultimate Heist 2,Animation,EMEA,24577528,3074087,37632717,6,10
NFLX-0358,Royal Heist 2,Romance,EMEA,12281415,1673297,14643734,4,10
NFLX-0359,Dark Legacy 4,Drama,EMEA,14020045,2542347,20261156,3,6
NFLX-0360,Global Legacy 2,Animation,LATAM,7943754,2183900,11734391,2,6
NFLX-0361,Golden Rivalry 4,Animation,UCAN,23086231,3337375,24042280,3,7
NFLX-0362,Wild Kingdom 3,Comedy,EMEA,15481195,4127313,20627536,7,5
NFLX-0363,Golden Vengeance 3,Comedy,LATAM,620655,180465,967620,7,10
NFLX-0364,Global Heist 3,Animation,LATAM,38453434,8048815,33965463,6,2
NFLX-0365,Dark Protocol 3,Comedy,UCAN,23031765,3863307,26654752,4,2
NFLX-0366,Lost Odyssey 1,Drama,UCAN,26399800,5162153,30374979,3,7
NFLX-0367,Silent Horizon 3,Fantasy,APAC,7306755,1914160,10690115,10,4
NFLX-0368,Ultimate Kingdom 1,Drama,EMEA,1847411,538149,1948969,2,6
NFLX-0369,Ultimate Horizon 2,Sci-Fi,UCAN,23179479,5341851,29559038,8,1
NFLX-0370,Infinite Rivalry 2,Animation,APAC,11043056,1983299,9307580,4,7
NFLX-0371,Golden Hearts 3,Documentary,EMEA,16441595,3135780,14414884,9,8
NFLX-0372,Ultimate Legacy 3,Drama,APAC,6380639,1526016,6608042,10,8
NFLX-0373,Dark Chronicles 1,Crime,LATAM,20083135,4121917,31764413,2,5
NFLX-0374,Infinite Kingdom 4,Documentary,UCAN,37015679,6913925,41088206,7,6
NFLX-0375,Ultimate Kingdom 1,Documentary,APAC,31709511,8582945,32049457,10,1
NFLX-0376,Ultimate Vengeance 1,Sci-Fi,EMEA,36836027,9435999,41668520,4,9
NFLX-0377,Global Horizon 4,Fantasy,APAC,38934205,8009825,58608557,2,7
NFLX-0378,Golden Legacy 2,Sci-Fi,APAC,12101711,1816341,18869583,4,4
NFLX-0379,Ultimate Legacy 4,Sci-Fi,APAC,14050573,3272388,22450221,10,5
NFLX-0380,Lost Vengeance 1,Sci-Fi,APAC,37836969,6761573,42297342,5,9
NFLX-0381,Silent Legacy 4,Sci-Fi,APAC,10542326,2380753,9683756,2,2
NFLX-0382,Royal Chronicles 3,Fantasy,EMEA,28074363,6677817,28391864,10,10
NFLX-0383,Silent Legacy 2,Documentary,APAC,10153789,2462764,13145050,7,1
NFLX-0384,Infinite Protocol 2,Drama,APAC,18524390,2290391,28113079,5,5
NFLX-0385,Rising Kingdom 1,Crime,LATAM,20664901,4128018,32637639,6,5
NFLX-0386,Golden Horizon 1,Crime,APAC,14686176,2838700,22480808,8,9
NFLX-0387,Lost Legacy 2,Sci-Fi,EMEA,34510455,8989730,38745167,9,10
NFLX-0388,Global Heist 2,Crime,UCAN,17243008,2226083,14250601,6,4
NFLX-0389,Rising Protocol 4,Fantasy,APAC,8812966,1441350,11852905,8,10
NFLX-0390,Silent Heist 4,Animation,EMEA,23602159,6632408,21969146,2,5
NFLX-0391,Global Horizon 1,Comedy,LATAM,15354619,3715589,20235912,5,7
NFLX-0392,Shadow Legacy 1,Romance,LATAM,12123299,1473265,15528898,5,10
NFLX-0393,Rising Vengeance 3,Unscripted,APAC,23901478,3806970,27897767,5,9
NFLX-0394,Royal Horizon 1,Drama,EMEA,38178749,8766948,50314769,5,2
NFLX-0395,Silent Chronicles 3,Documentary,EMEA,19081433,4732135,19251592,5,4
NFLX-0396,Ultimate Hearts 2,Drama,APAC,21947035,5483049,29510084,8,5
NFLX-0397,Rising Horizon 4,Unscripted,UCAN,39626058,8835328,54147231,4,6
NFLX-0398,Golden Vengeance 2,Fantasy,APAC,24558335,6684176,29613714,9,3
NFLX-0399,Rising Chronicles 4,Comedy,EMEA,38015979,5814631,53615249,6,2
NFLX-0400,Dark Protocol 2,Documentary,APAC,22734316,5124376,24947409,8,2
NFLX-0401,Silent Legacy 1,Romance,LATAM,34086468,8266841,30536456,9,5
NFLX-0402,Infinite Legacy 2,Comedy,LATAM,23496186,5227728,26488506,8,3
NFLX-0403,Lost Vengeance 2,Sci-Fi,APAC,22822384,3465085,29779244,1,1
NFLX-0404,Silent Odyssey 2,Comedy,LATAM,33354962,8684145,47636513,3,10
NFLX-0405,Infinite Rivalry 4,Unscripted,APAC,32537790,4125484,36008047,4,6
NFLX-0406,Global Protocol 2,Drama,UCAN,17198237,4778656,16871686,5,3
NFLX-0407,Secret Horizon 3,Comedy,UCAN,3568106,614959,3705698,9,10
NFLX-0408,Shadow Protocol 4,Comedy,EMEA,33395334,5140099,36314109,7,1
NFLX-0409,Dark Empire 2,Crime,UCAN,34365384,6391496,32138087,1,7
NFLX-0410,Wild Odyssey 1,Animation,UCAN,7755370,958203,10259222,2,7
NFLX-0411,Silent Horizon 1,Fantasy,EMEA,32336199,5076430,44025559,1,5
NFLX-0412,Infinite Rivalry 1,Fantasy,EMEA,9704888,2734371,11015636,9,10
NFLX-0413,Secret Odyssey 1,Sci-Fi,APAC,13830951,3596498,17803220,9,4
NFLX-0414,Lost Vengeance 4,Documentary,LATAM,3144472,892603,3894463,8,6
NFLX-0415,Dark Legacy 1,Sci-Fi,UCAN,39030739,5731508,52114527,2,9
NFLX-0416,Secret Vengeance 1,Documentary,LATAM,31152056,5398152,49560825,8,1
NFLX-0417,Secret Heist 1,Documentary,EMEA,21485418,3026483,24510482,1,1
NFLX-0418,Ultimate Rivalry 2,Action,EMEA,29874523,5027753,46725884,2,6
NFLX-0419,Lost Heist 1,Unscripted,APAC,31137792,5898394,31681659,8,7
NFLX-0420,Wild Heist 1,Comedy,UCAN,11196844,3180136,9886482,8,10
NFLX-0421,Wild Kingdom 2,Animation,APAC,24565165,6761896,31666628,3,8
NFLX-0422,Silent Chronicles 4,Romance,UCAN,4750410,838745,4794542,9,10
NFLX-0423,Golden Frontier 2,Action,UCAN,29547931,4867840,39280151,6,7
NFLX-0424,Ultimate Hearts 1,Drama,LATAM,34428065,9410457,50921740,3,2
NFLX-0425,Silent Protocol 2,Action,EMEA,3878979,849842,4676277,7,7
NFLX-0426,Dark Chronicles 4,Romance,APAC,6406912,1284408,9516003,2,8
NFLX-0427,Golden Rivalry 1,Sci-Fi,APAC,28171571,6165004,23344810,2,10
NFLX-0428,Royal Rivalry 3,Fantasy,LATAM,31115595,5768882,48549168,1,4
NFLX-0429,Silent Protocol 4,Action,APAC,8151978,1945093,7157025,1,6
NFLX-0430,Lost Rivalry 3,Fantasy,EMEA,7635164,1141823,6387749,3,7
NFLX-0431,Secret Odyssey 2,Crime,UCAN,26866837,7211589,26127236,4,6
NFLX-0432,Secret Horizon 1,Animation,UCAN,30732851,6947987,35831747,9,3
NFLX-0433,Silent Legacy 1,Fantasy,APAC,39766786,8410672,47177150,3,10
NFLX-0434,Ultimate Vengeance 2,Sci-Fi,APAC,22098569,4181917,26590945,10,4
NFLX-0435,Rising Horizon 3,Documentary,APAC,9450432,2158992,8605034,9,5
NFLX-0436,Golden Hearts 3,Fantasy,LATAM,13981438,3475634,13530818,6,3
NFLX-0437,Golden Rivalry 2,Fantasy,EMEA,8244715,1823817,11613670,10,10
NFLX-0438,Wild Vengeance 4,Fantasy,EMEA,28845869,6175652,41729698,1,7
NFLX-0439,Ultimate Legacy 1,Crime,EMEA,11300191,2746062,17931435,3,1
NFLX-0440,Golden Odyssey 2,Fantasy,UCAN,24570770,3401734,35657616,9,4
NFLX-0441,Golden Rivalry 4,Crime,EMEA,3652766,693148,5629598,6,9
NFLX-0442,Global Legacy 3,Crime,APAC,15636303,3859559,23910864,6,10
NFLX-0443,Shadow Vengeance 2,Crime,EMEA,30619459,7436811,28841715,3,3
NFLX-0444,Golden Hearts 1,Unscripted,UCAN,29256672,4902339,29938053,3,10
NFLX-0445,Rising Legacy 3,Romance,LATAM,3180367,566338,2935360,1,10
NFLX-0446,Wild Odyssey 4,Animation,EMEA,5390947,955354,7694095,4,3
NFLX-0447,Shadow Chronicles 2,Unscripted,APAC,6670361,1861106,7200803,6,6
NFLX-0448,Lost Odyssey 2,Animation,APAC,38170532,11321531,55688925,1,2
NFLX-0449,Wild Protocol 4,Crime,LATAM,3176116,564613,4275182,2,7
NFLX-0450,Rising Hearts 3,Drama,EMEA,35014696,7009950,50500064,1,5
NFLX-0451,Wild Empire 3,Fantasy,UCAN,6939527,2027242,6480934,9,9
NFLX-0452,Global Rivalry 1,Crime,LATAM,28968214,4548134,42540751,7,2
NFLX-0453,Golden Rivalry 2,Drama,APAC,22761042,3031421,18898699,3,5
NFLX-0454,Shadow Chronicles 2,Documentary,APAC,26540427,5117011,30810795,6,1
NFLX-0455,Infinite Rivalry 1,Fantasy,UCAN,4743802,1069297,6663943,2,6
NFLX-0456,Shadow Chronicles 3,Documentary,UCAN,19392315,3854837,27386203,7,1
NFLX-0457,Silent Heist 2,Comedy,APAC,37122949,8691529,38458735,5,6
NFLX-0458,Global Hearts 2,Sci-Fi,UCAN,837546,159916,1053779,9,2
NFLX-0459,Rising Empire 3,Crime,APAC,34896829,5343356,31894448,10,5
NFLX-0460,Dark Chronicles 2,Animation,UCAN,37332774,8173623,43642466,5,2
NFLX-0461,Rising Chronicles 2,Animation,APAC,22703030,5467643,24648922,4,2
NFLX-0462,Rising Frontier 1,Crime,EMEA,33105595,7645460,38419598,5,10
NFLX-0463,Ultimate Frontier 3,Action,APAC,11817206,1941703,9499444,4,7
NFLX-0464,Rising Protocol 2,Action,APAC,31561228,8188814,36493818,8,9
NFLX-0465,Secret Heist 1,Documentary,LATAM,36646044,9236196,35075597,2,2
NFLX-0466,Global Hearts 1,Animation,APAC,14778127,3240649,22537277,9,9
NFLX-0467,Silent Rivalry 2,Action,APAC,15485855,3501787,23432422,5,3
NFLX-0468,Silent Hearts 1,Unscripted,EMEA,34199875,5574529,27649687,10,3
NFLX-0469,Shadow Heist 4,Comedy,LATAM,38507591,9191546,60032158,3,8
NFLX-0470,Lost Legacy 2,Romance,LATAM,4718541,764985,4772736,4,9
NFLX-0471,Lost Horizon 4,Romance,UCAN,3177958,566734,5035384,9,5
NFLX-0472,Golden Odyssey 2,Unscripted,APAC,25014651,7046146,31772185,2,9
NFLX-0473,Rising Horizon 2,Fantasy,APAC,24182584,4403789,35156384,8,10
NFLX-0474,Global Hearts 2,Romance,LATAM,15934419,3757748,13730220,4,3
NFLX-0475,Ultimate Heist 3,Animation,UCAN,15958280,2863561,18059841,2,8
NFLX-0476,Wild Kingdom 4,Crime,LATAM,28074979,3587027,22964120,10,10
NFLX-0477,Ultimate Heist 1,Animation,LATAM,4252191,1216298,3967605,9,7
NFLX-0478,Royal Frontier 1,Documentary,UCAN,15035338,4491050,17431409,8,3
NFLX-0479,Dark Horizon 2,Animation,LATAM,34779537,8707183,35183555,6,8
NFLX-0480,Royal Frontier 1,Crime,APAC,26367909,3242759,23883275,9,9
NFLX-0481,Wild Horizon 2,Animation,UCAN,12406601,2861640,14648416,1,9
NFLX-0482,Shadow Chronicles 1,Romance,LATAM,36690869,10326806,53642689,7,9
NFLX-0483,Infinite Protocol 1,Fantasy,APAC,15900561,3287953,24657593,7,6
NFLX-0484,Royal Vengeance 1,Unscripted,LATAM,17580415,2845430,20775004,2,5
NFLX-0485,Royal Hearts 4,Documentary,LATAM,867048,227249,1185531,10,9
NFLX-0486,Secret Hearts 1,Unscripted,LATAM,21699805,3020286,24457330,7,10
NFLX-0487,Rising Odyssey 4,Animation,EMEA,18992554,3637866,30263475,4,7
NFLX-0488,Shadow Hearts 4,Comedy,EMEA,38020151,6299177,47294371,5,10
NFLX-0489,Lost Vengeance 4,Comedy,UCAN,15919691,3914270,18423474,3,2
NFLX-0490,Dark Hearts 4,Action,UCAN,11286945,2646312,12542989,2,3
NFLX-0491,Silent Frontier 4,Sci-Fi,UCAN,18155805,2440270,17745777,1,7
NFLX-0492,Infinite Frontier 3,Animation,UCAN,12262246,2440370,16090924,4,9
NFLX-0493,Rising Empire 1,Animation,LATAM,11873804,2193723,15901629,1,3
NFLX-0494,Secret Odyssey 4,Action,APAC,27709353,5907459,35159404,2,2
NFLX-0495,Shadow Odyssey 3,Action,EMEA,15686434,2431625,20158490,7,10
NFLX-0496,Global Odyssey 2,Unscripted,UCAN,37989072,6570792,32591158,2,9
NFLX-0497,Rising Hearts 3,Romance,APAC,38293605,6272078,45450829,6,8
NFLX-0498,Wild Kingdom 1,Romance,UCAN,17801991,4166718,15203673,4,4
NFLX-0499,Lost Horizon 3,Fantasy,UCAN,18173098,2485020,18147766,6,2
NFLX-0500,Shadow Heist 4,Action,EMEA,15167724,2554754,22985972,4,8
NFLX-0501,Golden Empire 2,Crime,EMEA,14376679,3885862,14137537,10,6
NFLX-0502,Ultimate Chronicles 1,Sci-Fi,APAC,944507,205397,1333072,1,8
NFLX-0503,Lost Frontier 3,Romance,EMEA,33437389,8612375,31641717,9,5
NFLX-0504,Infinite Empire 2,Drama,APAC,32599516,4103016,50585436,6,7
NFLX-0505,Wild Heist 4,Sci-Fi,APAC,21682997,2648092,29301717,4,7
NFLX-0506,Royal Chronicles 3,Action,EMEA,13059587,2124599,16178878,8,10
NFLX-0507,Lost Protocol 2,Romance,APAC,14628595,3736073,16607468,6,7
NFLX-0508,Rising Kingdom 2,Animation,LATAM,39147506,10434936,52802529,5,4
NFLX-0509,Shadow Horizon 4,Crime,LATAM,10536000,1282796,12415513,7,8
NFLX-0510,Ultimate Rivalry 3,Romance,EMEA,17342582,3853698,21673211,7,2
NFLX-0511,Golden Heist 1,Crime,EMEA,32480019,4460621,47783868,6,5
NFLX-0512,Lost Protocol 3,Action,UCAN,28132806,7768208,25234845,10,4
NFLX-0513,Royal Frontier 2,Documentary,EMEA,22316439,4636215,29871764,8,2
NFLX-0514,Infinite Frontier 3,Romance,LATAM,11745803,3372713,15415949,7,10
NFLX-0515,Royal Horizon 1,Sci-Fi,LATAM,23560316,4171073,23149762,5,5
NFLX-0516,Royal Rivalry 4,Documentary,APAC,24871579,5316758,34778336,8,7
NFLX-0517,Ultimate Heist 1,Comedy,LATAM,17387744,4279566,26991862,2,4
NFLX-0518,Ultimate Horizon 1,Sci-Fi,UCAN,32254961,4023667,39955736,7,9
NFLX-0519,Secret Chronicles 3,Animation,LATAM,6158033,1720461,8152411,5,4
NFLX-0520,Dark Vengeance 3,Romance,LATAM,9309857,1403083,11371002,1,6
NFLX-0521,Lost Kingdom 4,Fantasy,EMEA,37312250,10989114,43128332,9,3
NFLX-0522,Royal Frontier 4,Animation,APAC,35628792,7698710,46738889,6,8
NFLX-0523,Shadow Empire 1,Romance,EMEA,25047303,3707731,28297517,1,1
NFLX-0524,Shadow Heist 3,Documentary,APAC,36409878,10412348,29370162,8,5
NFLX-0525,Global Horizon 3,Animation,LATAM,984390,151539,1219235,9,7
NFLX-0526,Infinite Empire 2,Unscripted,APAC,15303707,2999573,15462624,4,9
NFLX-0527,Royal Vengeance 3,Documentary,EMEA,28209510,3732781,26810332,3,5
NFLX-0528,Secret Rivalry 4,Animation,APAC,18762612,3913116,25524246,6,1
NFLX-0529,Ultimate Legacy 1,Comedy,UCAN,19432386,4833519,19730791,1,4
NFLX-0530,Secret Heist 1,Romance,LATAM,23445383,6129339,26638513,8,6
NFLX-0531,Silent Vengeance 1,Action,UCAN,10303788,2675043,8704956,2,9
NFLX-0532,Silent Heist 2,Documentary,APAC,1346611,347784,1208676,4,7
NFLX-0533,Silent Empire 1,Crime,APAC,6805569,2019762,8281773,8,7
NFLX-0534,Wild Odyssey 3,Comedy,UCAN,37381685,6190268,45483828,5,4
NFLX-0535,Lost Legacy 2,Sci-Fi,LATAM,29636095,4449114,31402726,5,10
NFLX-0536,Secret Horizon 2,Drama,UCAN,39495418,8118232,56351280,10,3
NFLX-0537,Lost Chronicles 2,Comedy,APAC,6633854,1200170,8947448,1,1
NFLX-0538,Lost Rivalry 2,Fantasy,UCAN,8944137,1583229,10645976,9,6
NFLX-0539,Silent Vengeance 2,Drama,APAC,24536213,4051550,33848180,1,8
NFLX-0540,Golden Kingdom 3,Fantasy,APAC,13235640,2883406,16589040,6,8
NFLX-0541,Rising Frontier 2,Sci-Fi,LATAM,30657663,5132180,31777836,6,8
NFLX-0542,Global Rivalry 4,Comedy,UCAN,24932672,4063566,35424670,2,9
NFLX-0543,Infinite Empire 4,Fantasy,LATAM,19500471,4589683,20633058,2,2
NFLX-0544,Shadow Rivalry 1,Drama,LATAM,12488246,1952839,18717310,8,4
NFLX-0545,Secret Legacy 4,Romance,EMEA,3794080,869116,4147245,2,1
NFLX-0546,Dark Rivalry 4,Sci-Fi,APAC,4573520,1160878,4979378,7,6
NFLX-0547,Golden Legacy 3,Fantasy,UCAN,5223667,700119,7666071,4,9
NFLX-0548,Secret Chronicles 2,Fantasy,APAC,13214473,3148186,12613155,10,3
NFLX-0549,Shadow Vengeance 4,Sci-Fi,EMEA,31284217,6159033,42610365,2,3
NFLX-0550,Ultimate Hearts 4,Fantasy,EMEA,11115042,2534060,13639494,6,6
NFLX-0551,Shadow Protocol 3,Unscripted,APAC,22206423,4915748,28573686,4,7
NFLX-0552,Shadow Vengeance 3,Action,APAC,30531202,3664819,47868636,1,5
NFLX-0553,Royal Legacy 2,Documentary,UCAN,20655070,3277300,32790244,6,1
NFLX-0554,Golden Odyssey 2,Sci-Fi,UCAN,31394894,4549543,34048534,6,10
NFLX-0555,Dark Empire 3,Documentary,UCAN,38784745,11062135,43432654,2,6
NFLX-0556,Silent Heist 4,Animation,UCAN,20659050,5485006,17144889,7,2
NFLX-0557,Global Protocol 3,Unscripted,APAC,8589337,1381244,12848181,10,1
NFLX-0558,Wild Rivalry 4,Drama,EMEA,35690771,7751584,29728477,3,6
NFLX-0559,Shadow Vengeance 2,Comedy,UCAN,26865911,6864542,42363033,10,9
NFLX-0560,Secret Empire 4,Documentary,APAC,10432944,1406967,9449651,10,1
NFLX-0561,Shadow Horizon 3,Sci-Fi,APAC,34176779,8394387,39221028,3,8
NFLX-0562,Shadow Empire 4,Unscripted,LATAM,38159320,9632183,49332272,4,4
NFLX-0563,Secret Odyssey 4,Action,UCAN,8051751,1580053,10768396,6,4
NFLX-0564,Lost Protocol 1,Documentary,LATAM,23969070,7148263,30991451,8,10
NFLX-0565,Ultimate Kingdom 1,Crime,LATAM,25586688,6425523,23662389,2,2
NFLX-0566,Golden Legacy 2,Animation,LATAM,19806219,4850209,16062578,2,5
NFLX-0567,Silent Kingdom 1,Action,LATAM,36604935,7992920,35488493,5,9
NFLX-0568,Silent Frontier 2,Drama,APAC,39624799,8512351,60421170,5,3
NFLX-0569,Global Odyssey 2,Animation,EMEA,4062490,1178657,4761110,2,7
NFLX-0570,Wild Odyssey 3,Sci-Fi,UCAN,20129045,4768450,30071351,4,7
NFLX-0571,Shadow Vengeance 1,Action,APAC,36172431,5635575,31485082,8,9
NFLX-0572,Golden Legacy 1,Crime,EMEA,22885479,5812690,27278261,1,6
NFLX-0573,Wild Protocol 3,Documentary,LATAM,34138416,4477654,34845170,5,7
NFLX-0574,Global Hearts 3,Crime,LATAM,23436880,5583783,35571096,2,7
NFLX-0575,Shadow Rivalry 2,Unscripted,LATAM,38946571,11477425,35916501,10,6
NFLX-0576,Silent Hearts 2,Crime,LATAM,39492310,10426716,48697298,3,5
NFLX-0577,Golden Vengeance 2,Unscripted,LATAM,38406058,6803606,58902975,9,9
NFLX-0578,Golden Chronicles 2,Action,LATAM,2478593,690099,3500635,7,7
NFLX-0579,Rising Kingdom 3,Comedy,LATAM,7665309,955984,6938919,10,10
NFLX-0580,Rising Frontier 2,Animation,LATAM,15996267,2953983,21593397,8,3
NFLX-0581,Shadow Frontier 4,Action,LATAM,26502019,3836227,31621055,4,4
NFLX-0582,Global Horizon 1,Documentary,APAC,15435360,4597943,21515245,4,2
NFLX-0583,Ultimate Kingdom 4,Action,APAC,17061383,4431159,19484859,10,7
NFLX-0584,Golden Protocol 4,Animation,UCAN,35440169,7167493,31451485,1,4
NFLX-0585,Shadow Hearts 4,Drama,APAC,35136675,10304413,49617479,4,5
NFLX-0586,Silent Horizon 3,Documentary,APAC,11672726,2688977,13283209,1,9
NFLX-0587,Ultimate Kingdom 4,Sci-Fi,UCAN,12564253,3628702,17878742,9,3
NFLX-0588,Infinite Horizon 3,Romance,UCAN,12504338,3518610,14541852,4,8
NFLX-0589,Secret Odyssey 3,Comedy,UCAN,6619740,1329850,5900385,6,2
NFLX-0590,Shadow Vengeance 4,Fantasy,LATAM,25912692,3314313,32138908,3,6
NFLX-0591,Royal Rivalry 2,Comedy,LATAM,12503545,1615906,17696585,5,5
NFLX-0592,Golden Kingdom 3,Comedy,UCAN,9329582,1125482,14632022,5,1
NFLX-0593,Silent Kingdom 4,Fantasy,UCAN,33615996,7597054,33290011,8,8
NFLX-0594,Infinite Kingdom 1,Animation,UCAN,16922422,2877832,25480671,9,4
NFLX-0595,Global Heist 2,Drama,EMEA,2964308,373021,2716194,10,10
NFLX-0596,Rising Protocol 1,Drama,UCAN,28481505,4244893,45427662,5,10
NFLX-0597,Wild Vengeance 2,Romance,EMEA,2905184,505133,2540586,6,7
NFLX-0598,Secret Horizon 1,Documentary,APAC,9529215,2617612,8553600,6,9
NFLX-0599,Infinite Hearts 2,Crime,UCAN,7835148,2321421,9849514,9,2
NFLX-0600,Silent Vengeance 3,Unscripted,EMEA,17925490,5361592,21874708,6,3
NFLX-0601,Royal Frontier 4,Fantasy,APAC,33551414,9362839,48528238,4,5
NFLX-0602,Dark Legacy 1,Drama,APAC,8413861,1323664,11695053,10,7
NFLX-0603,Infinite Legacy 3,Action,LATAM,1258146,307243,1651309,5,2
NFLX-0604,Rising Odyssey 3,Drama,UCAN,22866236,5725508,24537512,10,1
NFLX-0605,Ultimate Empire 3,Action,APAC,32343186,7640023,46503146,8,3
NFLX-0606,Wild Kingdom 3,Romance,APAC,4259591,740665,6253439,6,9
NFLX-0607,Shadow Legacy 2,Animation,EMEA,24229395,3558689,20666957,1,6
NFLX-0608,Infinite Rivalry 2,Animation,APAC,13074785,3603761,16685432,5,6
NFLX-0609,Golden Legacy 3,Unscripted,UCAN,33856758,6327321,50840627,5,4
NFLX-0610,Shadow Odyssey 2,Sci-Fi,EMEA,3009538,855923,4280262,8,9
NFLX-0611,Global Kingdom 2,Crime,EMEA,32945252,7058620,45660566,6,3
NFLX-0612,Secret Hearts 2,Crime,UCAN,31327692,8635974,34775948,2,1
NFLX-0613,Rising Legacy 1,Action,APAC,3596387,927552,3173747,5,1
NFLX-0614,Royal Odyssey 2,Action,LATAM,13421519,2896493,13814150,8,2
NFLX-0615,Rising Heist 2,Documentary,UCAN,1523860,336365,2387337,2,4
NFLX-0616,Shadow Protocol 3,Documentary,LATAM,19509773,2942649,24568000,5,10
NFLX-0617,Lost Hearts 4,Drama,LATAM,2445666,590846,2877542,2,7
NFLX-0618,Global Chronicles 4,Unscripted,LATAM,30419565,5361123,39334087,4,9
NFLX-0619,Secret Kingdom 2,Sci-Fi,APAC,7027209,1709059,8182955,8,8
NFLX-0620,Dark Empire 2,Animation,EMEA,24890672,6121378,27719783,6,6
NFLX-0621,Silent Kingdom 1,Sci-Fi,APAC,8075722,1639561,8731088,3,5
NFLX-0622,Lost Frontier 2,Fantasy,UCAN,27725125,7303252,40313504,6,9
NFLX-0623,Wild Chronicles 3,Fantasy,APAC,27398338,4464382,34862433,4,9
NFLX-0624,Ultimate Kingdom 4,Sci-Fi,EMEA,14474625,3276687,21004599,7,10
NFLX-0625,Lost Hearts 2,Comedy,UCAN,39033123,5487202,57355214,10,8
NFLX-0626,Lost Hearts 1,Romance,LATAM,21171927,2805902,33127857,2,10
NFLX-0627,Infinite Protocol 4,Drama,UCAN,15103678,4224605,21955112,1,3
NFLX-0628,Wild Heist 4,Fantasy,EMEA,26671293,5347294,34471518,4,6
NFLX-0629,Rising Frontier 3,Unscripted,EMEA,6491976,1493598,8220020,9,7
NFLX-0630,Ultimate Odyssey 1,Action,UCAN,556593,149019,758459,6,2
NFLX-0631,Rising Legacy 2,Unscripted,APAC,21849162,4218764,29920655,7,9
NFLX-0632,Dark Rivalry 2,Romance,LATAM,13131689,3569179,16340249,6,7
NFLX-0633,Ultimate Odyssey 2,Comedy,UCAN,5314792,775530,7008676,8,7
NFLX-0634,Ultimate Chronicles 2,Unscripted,APAC,29068523,5865765,37748348,7,9
NFLX-0635,Silent Horizon 3,Crime,LATAM,29005956,6498173,37233745,4,9
NFLX-0636,Rising Horizon 3,Drama,UCAN,38627872,7198077,45836393,10,8
NFLX-0637,Golden Chronicles 2,Fantasy,EMEA,31701348,6790562,38471476,10,2
NFLX-0638,Dark Kingdom 1,Fantasy,EMEA,4041621,874226,6154856,1,8
NFLX-0639,Silent Hearts 4,Animation,EMEA,28753912,8511068,31121268,5,5
NFLX-0640,Ultimate Legacy 3,Animation,EMEA,4621676,1035557,6024077,10,1
NFLX-0641,Wild Odyssey 1,Documentary,APAC,6037163,807984,5442243,5,5
NFLX-0642,Ultimate Frontier 3,Documentary,EMEA,1453147,332317,2024442,10,3
NFLX-0643,Wild Kingdom 3,Comedy,EMEA,16350837,4314772,19423728,1,6
NFLX-0644,Secret Heist 2,Romance,APAC,26213901,5222682,25961145,3,4
NFLX-0645,Royal Vengeance 3,Drama,EMEA,8284250,1686032,6975492,8,5
NFLX-0646,Silent Vengeance 2,Unscripted,APAC,32349167,6970585,32675897,7,1
NFLX-0647,Rising Kingdom 4,Action,UCAN,7034008,1651137,10791362,7,10
NFLX-0648,Wild Odyssey 3,Documentary,EMEA,7095243,1597506,7125576,8,4
NFLX-0649,Golden Rivalry 2,Fantasy,EMEA,12574002,1532821,13210445,1,2
NFLX-0650,Global Horizon 1,Fantasy,UCAN,30426674,7623254,32897719,5,4
NFLX-0651,Global Legacy 1,Drama,LATAM,8673197,1228088,11851577,10,3
NFLX-0652,Infinite Rivalry 2,Sci-Fi,LATAM,17501073,4180761,18125071,2,8
NFLX-0653,Rising Horizon 3,Documentary,LATAM,5465858,717283,5585177,7,6
NFLX-0654,Global Odyssey 3,Comedy,APAC,5157253,1480882,6154549,10,7
NFLX-0655,Ultimate Rivalry 4,Sci-Fi,LATAM,36781209,5859598,52044154,2,8
NFLX-0656,Golden Odyssey 1,Drama,UCAN,5225291,862733,6568586,8,1
NFLX-0657,Silent Heist 1,Drama,APAC,18380249,3296857,16933465,7,10
NFLX-0658,Global Hearts 4,Romance,APAC,27606125,7193291,40725641,2,9
NFLX-0659,Dark Legacy 4,Romance,UCAN,38567092,11511823,47369770,6,5
NFLX-0660,Infinite Legacy 1,Action,EMEA,5899363,1515437,8689438,5,4
NFLX-0661,Ultimate Hearts 1,Unscripted,LATAM,20556849,5783935,27889596,6,8
NFLX-0662,Secret Rivalry 4,Crime,LATAM,2895671,722623,2763843,10,4
NFLX-0663,Silent Horizon 1,Fantasy,EMEA,34033235,9194590,41763953,8,1
NFLX-0664,Global Protocol 1,Action,UCAN,27713171,7351713,24790808,9,8
NFLX-0665,Wild Hearts 2,Animation,LATAM,5334084,776036,4424634,1,8
NFLX-0666,Royal Legacy 2,Comedy,UCAN,12059435,3410881,15751179,2,8
NFLX-0667,Royal Heist 1,Sci-Fi,UCAN,33862735,7815964,43208237,2,4
NFLX-0668,Infinite Protocol 4,Action,UCAN,39152491,6964687,48420192,4,1
NFLX-0669,Royal Heist 3,Sci-Fi,UCAN,18880672,3676591,17237854,6,9
NFLX-0670,Ultimate Kingdom 2,Animation,UCAN,9450368,2575471,8316080,10,7
NFLX-0671,Ultimate Legacy 4,Sci-Fi,UCAN,984794,133976,929182,10,5
NFLX-0672,Infinite Vengeance 4,Comedy,LATAM,10102463,2163499,13253022,7,4
NFLX-0673,Ultimate Frontier 1,Animation,LATAM,34046891,4625059,43908227,5,6
NFLX-0674,Infinite Legacy 2,Crime,UCAN,36081053,8349363,57059774,9,9
NFLX-0675,Dark Kingdom 2,Documentary,UCAN,13500261,1982636,12017166,8,8
NFLX-0676,Ultimate Heist 1,Drama,EMEA,19630356,3243891,18995741,10,8
NFLX-0677,Global Chronicles 1,Fantasy,LATAM,11106261,2302450,15864112,2,2
NFLX-0678,Dark Vengeance 4,Animation,EMEA,28623061,6922013,27449547,6,4
NFLX-0679,Secret Protocol 2,Sci-Fi,LATAM,28188812,5288103,42167898,4,2
NFLX-0680,Silent Frontier 4,Drama,APAC,10226844,2349086,9950025,3,7
NFLX-0681,Lost Heist 4,Crime,EMEA,18598893,2657746,17887833,10,1
NFLX-0682,Rising Heist 1,Romance,APAC,28566526,5194642,26765722,5,10
NFLX-0683,Ultimate Rivalry 2,Animation,LATAM,6303194,1348369,7118555,4,10
NFLX-0684,Silent Kingdom 3,Drama,APAC,17052681,3379240,17023097,4,10
NFLX-0685,Ultimate Frontier 1,Unscripted,UCAN,3188292,803531,5079009,9,1
NFLX-0686,Infinite Hearts 4,Romance,UCAN,30862826,4165138,36918977,1,7
NFLX-0687,Dark Heist 3,Documentary,LATAM,6588754,1584110,5354971,3,8
NFLX-0688,Royal Vengeance 1,Romance,APAC,9802893,1891613,14698058,6,8
NFLX-0689,Golden Rivalry 1,Sci-Fi,APAC,22840952,3960305,27974142,5,10
NFLX-0690,Shadow Frontier 2,Sci-Fi,EMEA,4178349,1185818,5063278,6,1
NFLX-0691,Secret Horizon 3,Romance,UCAN,25033064,5924602,27364803,2,9
NFLX-0692,Golden Empire 2,Action,LATAM,36714213,7567857,32706715,10,4
NFLX-0693,Golden Empire 3,Action,EMEA,34293740,5826031,46097007,2,6
NFLX-0694,Lost Kingdom 4,Fantasy,UCAN,32052161,7759683,43842876,9,5
NFLX-0695,Silent Frontier 3,Sci-Fi,LATAM,31227412,5943290,27163070,3,5
NFLX-0696,Secret Chronicles 2,Documentary,UCAN,10429027,2894042,12484202,9,1
NFLX-0697,Rising Horizon 2,Romance,EMEA,28694445,6773128,33144610,5,4
NFLX-0698,Secret Legacy 2,Fantasy,EMEA,28128164,6695540,35524849,6,8
NFLX-0699,Royal Rivalry 4,Romance,EMEA,38567614,10107903,34925419,3,5
NFLX-0700,Dark Kingdom 3,Documentary,UCAN,10454817,2112571,11317305,3,10
NFLX-0701,Ultimate Vengeance 3,Comedy,LATAM,10800190,1523314,10033417,6,10
NFLX-0702,Ultimate Kingdom 3,Action,LATAM,14267743,1801217,17834533,6,6
NFLX-0703,Ultimate Protocol 4,Fantasy,LATAM,36312172,10373592,37809969,7,8
NFLX-0704,Ultimate Kingdom 3,Comedy,UCAN,37151209,6673490,58716773,5,8
NFLX-0705,Rising Frontier 2,Animation,APAC,23228727,5846561,31389387,1,3
NFLX-0706,Wild Hearts 1,Documentary,UCAN,27452927,4383289,35524570,6,2
NFLX-0707,Lost Legacy 2,Animation,LATAM,19151376,2586319,18319680,8,2
NFLX-0708,Shadow Horizon 2,Romance,EMEA,34829931,9874997,54150850,6,7
NFLX-0709,Ultimate Vengeance 4,Action,APAC,25520275,4646875,20665109,5,8
NFLX-0710,Shadow Chronicles 2,Romance,APAC,30195965,8002567,31129238,7,7
NFLX-0711,Ultimate Frontier 1,Comedy,LATAM,20849497,5757685,24595953,6,2
NFLX-0712,Royal Horizon 1,Drama,APAC,18842789,4146289,21322711,10,3
NFLX-0713,Dark Heist 4,Documentary,APAC,3334202,581347,4862064,10,5
NFLX-0714,Silent Hearts 4,Crime,UCAN,664193,115589,613195,8,2
NFLX-0715,Wild Rivalry 3,Unscripted,LATAM,33509944,7910406,51117226,1,2
NFLX-0716,Rising Kingdom 1,Animation,EMEA,39494663,7839387,46777033,5,8
NFLX-0717,Golden Chronicles 3,Fantasy,UCAN,17917245,2338771,16668015,6,8
NFLX-0718,Golden Heist 3,Comedy,UCAN,18798597,4408731,20470370,6,1
NFLX-0719,Rising Odyssey 1,Fantasy,LATAM,12797531,2914986,18066933,3,9
NFLX-0720,Lost Protocol 3,Documentary,EMEA,6931271,1270455,8508386,3,1
NFLX-0721,Ultimate Hearts 3,Action,APAC,28148483,7992531,30182224,2,4
NFLX-0722,Ultimate Hearts 2,Crime,UCAN,28507633,3812954,33308121,3,1
NFLX-0723,Silent Protocol 3,Action,LATAM,30157950,6863248,45592219,6,3
NFLX-0724,Golden Odyssey 1,Sci-Fi,LATAM,9137882,1330701,13573886,4,5
NFLX-0725,Ultimate Empire 2,Sci-Fi,APAC,7997549,2074921,6895392,7,1
NFLX-0726,Dark Chronicles 1,Fantasy,UCAN,31979583,5293971,28626132,2,5
NFLX-0727,Wild Legacy 1,Sci-Fi,LATAM,39933372,6120217,60736258,6,1
NFLX-0728,Secret Heist 3,Animation,EMEA,24135961,5071308,22408933,10,4
NFLX-0729,Shadow Frontier 1,Sci-Fi,UCAN,35989767,5559647,35039581,5,3
NFLX-0730,Shadow Legacy 1,Crime,APAC,25092917,3847312,34088886,2,3
NFLX-0731,Lost Horizon 4,Crime,LATAM,27852094,8278486,24796061,2,8
NFLX-0732,Secret Hearts 2,Romance,EMEA,19845556,2526528,24721722,6,8
NFLX-0733,Secret Horizon 3,Romance,EMEA,30293374,5856036,29708673,7,4
NFLX-0734,Secret Kingdom 3,Comedy,UCAN,33493963,6408954,44804083,9,2
NFLX-0735,Secret Heist 4,Unscripted,UCAN,11822823,3494085,10070306,6,4
NFLX-0736,Royal Horizon 1,Crime,APAC,33994712,8445268,34770289,10,10
NFLX-0737,Rising Rivalry 4,Action,APAC,27641750,5861560,43950895,3,8
NFLX-0738,Secret Chronicles 3,Romance,APAC,15990188,2306256,20830367,2,1
NFLX-0739,Secret Kingdom 1,Comedy,APAC,22441638,5205428,20695438,2,2
NFLX-0740,Wild Hearts 4,Romance,LATAM,20200674,4206690,26860322,5,9
NFLX-0741,Lost Hearts 1,Drama,APAC,8494954,1500384,9403097,7,8
NFLX-0742,Silent Legacy 1,Comedy,EMEA,11515533,1660630,13740146,7,8
NFLX-0743,Secret Frontier 4,Fantasy,APAC,32437850,4805212,40540965,1,7
NFLX-0744,Rising Kingdom 4,Animation,EMEA,19588280,2449836,20692789,1,3
NFLX-0745,Lost Protocol 1,Action,APAC,7033051,2099718,8035391,7,6
NFLX-0746,Global Rivalry 2,Crime,LATAM,21444644,6087491,27321019,2,5
NFLX-0747,Secret Protocol 2,Drama,EMEA,3008369,828523,3515963,10,9
NFLX-0748,Infinite Odyssey 1,Romance,UCAN,21740917,4136299,23962622,10,2
NFLX-0749,Silent Chronicles 2,Action,APAC,34240224,8222096,49619759,3,10
NFLX-0750,Rising Protocol 4,Crime,APAC,5554718,1202319,8178235,5,5
NFLX-0751,Global Odyssey 4,Crime,UCAN,39301892,7099134,34420081,2,10
NFLX-0752,Shadow Kingdom 4,Crime,EMEA,5644672,984049,7457906,5,7
NFLX-0753,Wild Hearts 3,Crime,APAC,27497960,5850643,27525783,9,3
NFLX-0754,Global Rivalry 2,Animation,APAC,14791020,3968481,19652014,8,5
NFLX-0755,Wild Hearts 4,Animation,UCAN,35548918,7225232,34145390,4,3
NFLX-0756,Golden Rivalry 3,Unscripted,APAC,21884452,6215289,32567320,4,7
NFLX-0757,Rising Odyssey 2,Documentary,LATAM,27737202,4077180,27481651,1,4
NFLX-0758,Rising Kingdom 4,Fantasy,APAC,28821224,3650515,37973047,3,5
NFLX-0759,Ultimate Legacy 3,Documentary,LATAM,3334166,691677,5238073,1,1
NFLX-0760,Secret Protocol 3,Sci-Fi,APAC,24889659,6954904,33285878,7,3
NFLX-0761,Dark Chronicles 1,Fantasy,EMEA,33816269,5507109,50983161,2,6
NFLX-0762,Lost Frontier 4,Crime,APAC,15130295,2292659,13850609,5,8
NFLX-0763,Infinite Odyssey 1,Romance,EMEA,8080707,1586086,8510535,4,5
NFLX-0764,Ultimate Protocol 4,Action,EMEA,1914266,541624,2519782,1,1
NFLX-0765,Golden Rivalry 2,Documentary,APAC,21254657,5231005,27868240,2,9
NFLX-0766,Dark Kingdom 4,Drama,APAC,17648575,5092285,18367057,4,5
NFLX-0767,Dark Heist 4,Action,APAC,2773761,372840,2827098,8,8
NFLX-0768,Golden Horizon 3,Unscripted,UCAN,11260459,2377535,15300551,6,7
NFLX-0769,Royal Vengeance 3,Romance,UCAN,3996292,611724,5247523,8,3
NFLX-0770,Global Horizon 2,Documentary,EMEA,39141911,5808974,33888504,9,3
NFLX-0771,Royal Rivalry 4,Action,APAC,32602563,4695804,48864873,3,10
NFLX-0772,Lost Odyssey 2,Sci-Fi,APAC,25169189,6990747,23797755,10,4
NFLX-0773,Global Legacy 2,Sci-Fi,APAC,13805419,3773429,13935556,1,7
NFLX-0774,Royal Horizon 3,Comedy,UCAN,25190703,5594948,23580974,1,9
NFLX-0775,Infinite Kingdom 4,Sci-Fi,LATAM,14132854,3888635,13460629,5,5
NFLX-0776,Golden Kingdom 4,Comedy,APAC,14365090,4297134,18388266,5,4
NFLX-0777,Infinite Heist 4,Comedy,UCAN,19974519,3243610,31577767,8,4
NFLX-0778,Lost Frontier 4,Sci-Fi,UCAN,31966112,5695858,28979324,7,4
NFLX-0779,Golden Horizon 4,Animation,EMEA,5402679,705457,4733954,6,4
NFLX-0780,Silent Protocol 1,Drama,EMEA,34359240,5994014,44520170,7,6
NFLX-0781,Ultimate Hearts 1,Animation,LATAM,17967877,3750096,16816013,6,8
NFLX-0782,Ultimate Chronicles 3,Fantasy,APAC,10015750,1766663,10099129,3,8
NFLX-0783,Rising Vengeance 3,Unscripted,EMEA,18164152,4669667,23438027,5,9
NFLX-0784,Lost Horizon 2,Action,APAC,10651205,3047453,13255848,8,1
NFLX-0785,Dark Heist 1,Crime,LATAM,2906674,434373,3418824,8,7
NFLX-0786,Secret Kingdom 1,Romance,EMEA,38138309,7960912,45314398,3,2
NFLX-0787,Lost Chronicles 2,Documentary,LATAM,11794086,3161557,16511122,10,10
NFLX-0788,Dark Frontier 1,Fantasy,LATAM,28445405,4673817,43701544,8,2
NFLX-0789,Lost Legacy 3,Sci-Fi,APAC,25569073,7446214,32530784,6,3
NFLX-0790,Global Chronicles 4,Romance,APAC,18573654,2248247,23688158,1,10
NFLX-0791,Silent Protocol 2,Crime,UCAN,19488722,2533461,20629527,2,9
NFLX-0792,Royal Horizon 1,Unscripted,EMEA,12446102,3220527,12347331,7,2
NFLX-0793,Global Empire 2,Unscripted,APAC,19621723,5725576,25856219,3,2
NFLX-0794,Rising Kingdom 4,Documentary,LATAM,24595052,6634995,32770846,9,4
NFLX-0795,Silent Kingdom 4,Romance,EMEA,38286120,5216101,49016670,7,6
NFLX-0796,Royal Heist 4,Unscripted,UCAN,3213754,948664,3890805,4,3
NFLX-0797,Silent Hearts 1,Documentary,APAC,29850432,7888813,25771266,5,3
NFLX-0798,Ultimate Rivalry 3,Crime,APAC,20329436,4455785,25509956,1,9
NFLX-0799,Secret Hearts 4,Unscripted,UCAN,31682569,7043861,42096128,5,6
NFLX-0800,Rising Frontier 1,Fantasy,UCAN,8146081,1656246,11342708,3,7
NFLX-0801,Global Chronicles 4,Documentary,EMEA,39906887,10229083,55042601,8,10
NFLX-0802,Rising Protocol 2,Crime,LATAM,5749290,1315032,8035342,2,7
NFLX-0803,Shadow Legacy 1,Unscripted,UCAN,1392856,286763,1305646,7,10
NFLX-0804,Golden Kingdom 3,Animation,EMEA,27007815,3666967,38991522,3,1
NFLX-0805,Dark Chronicles 1,Crime,UCAN,14541152,2124865,17229720,4,7
NFLX-0806,Wild Hearts 2,Sci-Fi,EMEA,31599962,6191641,29025592,2,3
NFLX-0807,Ultimate Vengeance 4,Romance,APAC,1817197,409488,2703693,4,5
NFLX-0808,Royal Horizon 1,Action,UCAN,7389632,1835264,9638503,7,8
NFLX-0809,Golden Frontier 3,Drama,APAC,27322095,6185369,32482713,10,8
NFLX-0810,Dark Vengeance 1,Fantasy,UCAN,28820245,6328522,36345864,5,7
NFLX-0811,Silent Chronicles 4,Animation,EMEA,30586607,3784947,41536965,5,4
NFLX-0812,Silent Protocol 4,Crime,LATAM,39937108,7230515,60994192,10,8
NFLX-0813,Ultimate Odyssey 4,Unscripted,EMEA,32197183,8758137,46357634,10,4
NFLX-0814,Rising Vengeance 1,Romance,LATAM,12129369,2778047,11639189,2,7
NFLX-0815,Silent Odyssey 2,Crime,UCAN,1716723,286599,1866128,3,3
NFLX-0816,Shadow Legacy 1,Action,APAC,8148349,1154815,10544373,4,8
NFLX-0817,Rising Protocol 3,Drama,EMEA,10645408,2951601,15784228,10,2
NFLX-0818,Golden Legacy 4,Romance,UCAN,7606282,1747452,10841400,2,9
NFLX-0819,Global Hearts 1,Comedy,UCAN,14283236,2117716,21836048,5,8
NFLX-0820,Shadow Kingdom 1,Comedy,EMEA,22955130,3262773,33407257,4,8
NFLX-0821,Infinite Legacy 2,Romance,EMEA,19744023,2672197,23772162,6,7
NFLX-0822,Lost Rivalry 2,Comedy,APAC,15813035,3118142,14396115,7,8
NFLX-0823,Shadow Rivalry 3,Drama,APAC,10269997,2559002,14543563,9,2
NFLX-0824,Secret Protocol 3,Unscripted,LATAM,29630097,7604701,25161127,3,10
NFLX-0825,Global Rivalry 3,Unscripted,APAC,37652166,9408492,56434462,6,6
NFLX-0826,Global Odyssey 2,Unscripted,APAC,14266280,3315265,21542993,10,8
NFLX-0827,Golden Protocol 4,Crime,EMEA,6155997,1109364,5106868,3,9
NFLX-0828,Shadow Odyssey 2,Sci-Fi,EMEA,35486257,8318808,38061391,1,1
NFLX-0829,Shadow Frontier 3,Crime,EMEA,28869995,4038321,45890697,1,6
NFLX-0830,Rising Rivalry 3,Sci-Fi,UCAN,8871817,1978755,10282342,1,8
NFLX-0831,Lost Empire 2,Action,EMEA,19594853,5226226,26130479,10,3
NFLX-0832,Golden Horizon 2,Sci-Fi,EMEA,35158495,9426403,44506971,6,8
NFLX-0833,Secret Heist 4,Unscripted,UCAN,6690699,1872938,5685454,8,4
NFLX-0834,Silent Chronicles 3,Fantasy,APAC,39976081,10401314,49857159,5,10
NFLX-0835,Silent Rivalry 4,Romance,APAC,28479185,4157457,41552539,3,8
NFLX-0836,Golden Kingdom 2,Fantasy,UCAN,14770199,1859115,17197620,3,9
NFLX-0837,Lost Chronicles 4,Sci-Fi,UCAN,25302494,3219762,31815654,3,2
NFLX-0838,Lost Odyssey 3,Documentary,EMEA,33109911,4824660,27229002,10,7
NFLX-0839,Global Odyssey 3,Crime,LATAM,33302387,7278460,26697478,2,1
NFLX-0840,Infinite Kingdom 3,Animation,APAC,23170934,4762575,33020422,10,3
NFLX-0841,Ultimate Hearts 4,Romance,APAC,10498052,1874310,15674394,10,10
NFLX-0842,Infinite Horizon 2,Unscripted,EMEA,36805523,8858349,30793553,8,5
NFLX-0843,Wild Chronicles 2,Drama,EMEA,38151049,9000006,50211653,2,4
NFLX-0844,Royal Hearts 1,Animation,LATAM,32432792,4000894,38987817,9,3
NFLX-0845,Global Odyssey 2,Crime,APAC,6180627,1416809,8934323,7,10
NFLX-0846,Global Kingdom 1,Action,APAC,12613687,3465442,14278052,6,7
NFLX-0847,Rising Chronicles 1,Sci-Fi,LATAM,19649630,3261834,17983879,2,3
NFLX-0848,Rising Horizon 2,Drama,EMEA,12677429,1654788,10417511,7,2
NFLX-0849,Lost Heist 4,Action,EMEA,25700261,7245167,39919239,1,4
NFLX-0850,Dark Frontier 2,Romance,APAC,8222980,1457938,8349860,9,7
NFLX-0851,Secret Kingdom 1,Unscripted,LATAM,1749757,513423,1776576,2,4
NFLX-0852,Shadow Rivalry 2,Documentary,APAC,30429362,7133975,26386111,4,3
NFLX-0853,Lost Hearts 2,Crime,APAC,37755636,4537479,43849154,8,10
NFLX-0854,Rising Rivalry 2,Drama,UCAN,32858972,5426988,33471540,7,6
NFLX-0855,Wild Empire 3,Drama,LATAM,36342125,6327705,45444564,7,2
NFLX-0856,Ultimate Vengeance 3,Unscripted,LATAM,34377913,6095022,53833533,6,5
NFLX-0857,Golden Kingdom 3,Crime,EMEA,23426388,6854998,22688436,6,1
NFLX-0858,Golden Heist 1,Animation,APAC,787175,189777,1197415,7,9
NFLX-0859,Golden Vengeance 4,Unscripted,UCAN,5702488,1600477,7019303,8,2
NFLX-0860,Lost Horizon 3,Unscripted,LATAM,1065820,198974,959036,4,8
NFLX-0861,Global Empire 1,Documentary,EMEA,13352131,3076593,11642700,5,4
NFLX-0862,Dark Kingdom 3,Drama,EMEA,33573789,8301261,51153228,4,1
NFLX-0863,Dark Rivalry 4,Sci-Fi,EMEA,38691804,5830308,46440244,4,10
NFLX-0864,Wild Rivalry 2,Sci-Fi,LATAM,4865386,1401432,4388309,4,9
NFLX-0865,Golden Odyssey 2,Drama,EMEA,38088746,4584052,57379993,7,1
NFLX-0866,Lost Horizon 4,Documentary,UCAN,35282206,6529499,41395532,1,4
NFLX-0867,Global Odyssey 4,Fantasy,APAC,21722639,3367649,17467769,2,10
NFLX-0868,Global Vengeance 2,Unscripted,UCAN,17276153,3096930,16541941,2,2
NFLX-0869,Global Kingdom 4,Drama,EMEA,17304695,3551680,17265289,6,1
NFLX-0870,Lost Hearts 2,Sci-Fi,APAC,6920355,1551600,8998392,2,1
NFLX-0871,Global Horizon 3,Sci-Fi,LATAM,4660899,930060,7155843,5,10
NFLX-0872,Wild Horizon 1,Sci-Fi,UCAN,38031172,10382026,32013214,7,2
NFLX-0873,Royal Horizon 2,Animation,UCAN,30927913,8138050,34241406,10,10
NFLX-0874,Secret Protocol 1,Romance,EMEA,39947486,5532093,38109304,10,2
NFLX-0875,Royal Empire 2,Fantasy,EMEA,24349900,6097997,27681102,8,3
NFLX-0876,Dark Heist 1,Drama,LATAM,21415608,4547874,27146806,6,5
NFLX-0877,Royal Hearts 2,Comedy,APAC,21214789,3657249,27211437,1,9
NFLX-0878,Royal Rivalry 2,Drama,LATAM,34531432,7621121,50255217,1,7
NFLX-0879,Lost Empire 2,Crime,UCAN,23421161,4816105,22284870,8,10
NFLX-0880,Golden Protocol 3,Animation,EMEA,28598165,3971502,30396853,1,8
NFLX-0881,Dark Legacy 2,Crime,APAC,14803483,3733816,14673437,6,7
NFLX-0882,Dark Horizon 2,Drama,EMEA,1163847,145950,999727,2,3
NFLX-0883,Rising Kingdom 2,Animation,EMEA,3446402,537094,5446167,5,3
NFLX-0884,Dark Odyssey 2,Action,LATAM,12481712,1893400,11942377,5,2
NFLX-0885,Global Rivalry 2,Unscripted,UCAN,23208517,4059471,35947469,4,6
NFLX-0886,Lost Rivalry 2,Fantasy,APAC,4887411,1363050,4373229,3,4
NFLX-0887,Dark Hearts 4,Action,EMEA,29325952,4810011,46381492,1,10
NFLX-0888,Royal Empire 3,Comedy,EMEA,17087408,4497579,14397972,3,9
NFLX-0889,Royal Kingdom 2,Sci-Fi,APAC,4853556,921500,4532963,9,6
NFLX-0890,Silent Hearts 4,Comedy,EMEA,25590576,5297082,31230240,8,8
NFLX-0891,Rising Frontier 4,Animation,UCAN,14404929,2254948,14053751,4,7
NFLX-0892,Dark Odyssey 4,Unscripted,LATAM,25605919,3463369,25698699,2,5
NFLX-0893,Silent Hearts 3,Crime,UCAN,31722607,5727431,38378316,8,8
NFLX-0894,Infinite Horizon 3,Romance,EMEA,18822026,2867005,20815217,4,5
NFLX-0895,Wild Chronicles 3,Sci-Fi,EMEA,34172873,8059938,41357131,5,4
NFLX-0896,Secret Chronicles 1,Action,UCAN,37143188,5771915,35666570,6,5
NFLX-0897,Rising Vengeance 3,Crime,LATAM,36948544,4490581,56527800,5,5
NFLX-0898,Lost Horizon 4,Animation,UCAN,32175651,9590578,42577164,3,7
NFLX-0899,Dark Empire 2,Romance,LATAM,35116453,7707034,44583950,8,8
NFLX-0900,Lost Chronicles 3,Crime,APAC,28530558,5734498,27608102,9,1
NFLX-0901,Lost Heist 2,Documentary,UCAN,34041024,9196992,49302333,6,4
NFLX-0902,Infinite Horizon 4,Fantasy,EMEA,22382825,4972656,28416430,1,3
NFLX-0903,Ultimate Protocol 4,Unscripted,LATAM,26715148,5064072,22733719,8,2
NFLX-0904,Lost Frontier 4,Documentary,UCAN,12004047,2635167,10604981,1,10
NFLX-0905,Silent Legacy 2,Crime,UCAN,26396915,4274903,27111059,9,2
NFLX-0906,Silent Legacy 3,Fantasy,UCAN,12031028,3413999,12769945,7,3
NFLX-0907,Secret Heist 4,Romance,UCAN,26604871,7338312,41612077,3,4
NFLX-0908,Rising Horizon 4,Comedy,EMEA,39925917,9942310,38423835,8,5
NFLX-0909,Dark Legacy 2,Romance,UCAN,27292335,4487712,35040052,6,10
NFLX-0910,Silent Kingdom 4,Animation,UCAN,6613797,1842464,6814389,8,6
NFLX-0911,Golden Vengeance 3,Unscripted,LATAM,28353719,7995568,28334094,7,8
NFLX-0912,Infinite Rivalry 2,Animation,UCAN,26910781,3440801,36569485,3,5
NFLX-0913,Wild Hearts 3,Sci-Fi,LATAM,33617390,8644205,37954790,2,6
NFLX-0914,Secret Chronicles 3,Unscripted,APAC,11562165,2440676,11587755,8,1
NFLX-0915,Secret Rivalry 4,Unscripted,EMEA,27299376,5225138,40529159,1,5
NFLX-0916,Secret Vengeance 2,Action,APAC,33031641,4454605,38616815,4,8
NFLX-0917,Ultimate Kingdom 3,Comedy,LATAM,1712397,260117,2201441,2,9
NFLX-0918,Golden Horizon 2,Sci-Fi,UCAN,18837649,3474710,17383329,4,1
NFLX-0919,Wild Hearts 2,Romance,UCAN,35589511,8860146,46722257,2,7
NFLX-0920,Golden Odyssey 4,Drama,UCAN,3765832,971888,5339677,4,6
NFLX-0921,Dark Empire 1,Drama,APAC,2375301,429171,3780131,4,2
NFLX-0922,Dark Chronicles 2,Comedy,UCAN,28395813,7576354,34358936,6,9
NFLX-0923,Wild Empire 2,Fantasy,APAC,29214560,4629935,26195035,6,6
NFLX-0924,Ultimate Legacy 4,Action,UCAN,26617874,4248673,25825043,5,10
NFLX-0925,Lost Legacy 1,Crime,APAC,20735620,4352897,29320915,2,9
NFLX-0926,Royal Heist 3,Sci-Fi,EMEA,26576185,7840666,35673755,3,6
NFLX-0927,Ultimate Rivalry 3,Romance,UCAN,22988530,6532847,18715399,8,7
NFLX-0928,Shadow Rivalry 2,Fantasy,UCAN,16109918,4133956,13161331,2,5
NFLX-0929,Dark Vengeance 4,Crime,UCAN,4521365,948450,4114642,4,3
NFLX-0930,Infinite Empire 1,Crime,APAC,22558002,3996307,20469438,1,9
NFLX-0931,Infinite Rivalry 3,Drama,LATAM,22731171,3569865,24417431,1,4
NFLX-0932,Wild Vengeance 2,Animation,APAC,35495388,7085765,37529614,1,2
NFLX-0933,Silent Chronicles 2,Drama,LATAM,14204973,2148667,12790850,9,4
NFLX-0934,Dark Hearts 1,Unscripted,APAC,21401926,3329209,19932192,7,3
NFLX-0935,Royal Empire 3,Documentary,APAC,14015792,3652963,14260908,2,6
NFLX-0936,Infinite Horizon 2,Romance,APAC,28866732,7282702,34762301,3,8
NFLX-0937,Global Horizon 4,Sci-Fi,EMEA,36550726,9166800,33708503,5,7
NFLX-0938,Silent Odyssey 4,Documentary,APAC,38224717,5081943,49111891,3,8
NFLX-0939,Dark Heist 2,Drama,UCAN,34101395,6389455,47206387,7,7
NFLX-0940,Infinite Vengeance 3,Unscripted,APAC,21156834,4779236,27775516,7,1
NFLX-0941,Secret Horizon 2,Crime,APAC,17630102,4500681,24982141,6,9
NFLX-0942,Golden Kingdom 3,Drama,APAC,28956865,4738024,40207515,1,6
NFLX-0943,Wild Vengeance 1,Comedy,EMEA,31066125,4551999,48320629,4,10
NFLX-0944,Royal Rivalry 2,Drama,UCAN,6694537,1908203,8806783,7,10
NFLX-0945,Secret Hearts 2,Unscripted,LATAM,29146859,5083198,29213808,9,7
NFLX-0946,Royal Odyssey 4,Sci-Fi,UCAN,38927320,7084410,55329458,3,5
NFLX-0947,Golden Empire 4,Documentary,UCAN,11801044,1419478,17148232,2,7
NFLX-0948,Shadow Horizon 3,Unscripted,LATAM,12338090,3044158,13568458,4,8
NFLX-0949,Ultimate Hearts 1,Romance,LATAM,12957958,3304082,12449392,4,5
NFLX-0950,Infinite Kingdom 1,Comedy,UCAN,20171325,2873257,17520120,2,6
NFLX-0951,Global Frontier 2,Romance,APAC,7265187,1219785,5867403,1,10
NFLX-0952,Global Chronicles 2,Fantasy,UCAN,25710505,7652511,32970840,5,8
NFLX-0953,Silent Protocol 4,Action,EMEA,23523537,6281548,37627217,6,7
NFLX-0954,Infinite Frontier 1,Action,EMEA,7222789,1998527,5796055,7,3
NFLX-0955,Global Frontier 1,Fantasy,EMEA,17179078,3973577,18806691,8,9
NFLX-0956,Infinite Rivalry 2,Drama,EMEA,1616040,447995,2112199,6,8
NFLX-0957,Dark Frontier 4,Unscripted,UCAN,23876296,6868423,27274681,8,2
NFLX-0958,Golden Horizon 3,Animation,LATAM,10107401,2807048,15119529,9,1
NFLX-0959,Ultimate Kingdom 1,Documentary,APAC,11777835,3438058,17868469,8,9
NFLX-0960,Dark Empire 2,Comedy,UCAN,7577950,1885679,8698840,3,6
NFLX-0961,Infinite Odyssey 2,Documentary,APAC,8760974,2506449,11672956,8,2
NFLX-0962,Golden Protocol 2,Animation,UCAN,23533492,5863126,25924689,7,9
NFLX-0963,Infinite Empire 2,Documentary,UCAN,20027102,2724589,17426468,10,4
NFLX-0964,Golden Chronicles 3,Comedy,EMEA,26014461,3129595,32818113,1,10
NFLX-0965,Shadow Empire 4,Unscripted,EMEA,24996335,7201607,35945092,3,9
NFLX-0966,Wild Frontier 2,Sci-Fi,APAC,1116631,226573,1374164,3,5
NFLX-0967,Dark Kingdom 4,Comedy,EMEA,10289216,2807339,14380701,1,10
NFLX-0968,Lost Odyssey 1,Documentary,APAC,14975721,3695188,17911268,7,1
NFLX-0969,Lost Heist 2,Crime,UCAN,12513844,3140113,18588352,5,3
NFLX-0970,Global Hearts 4,Action,APAC,32270786,8273860,51383205,7,2
NFLX-0971,Shadow Vengeance 3,Documentary,LATAM,37276330,5351469,41563777,10,1
NFLX-0972,Golden Odyssey 4,Comedy,LATAM,30154315,5198443,40912301,3,4
NFLX-0973,Dark Vengeance 2,Drama,EMEA,39133371,10229066,34498346,3,7
NFLX-0974,Infinite Rivalry 2,Drama,UCAN,24362828,3711285,38476872,1,2
NFLX-0975,Shadow Rivalry 3,Animation,APAC,10470251,2017815,13627848,1,2
NFLX-0976,Dark Horizon 4,Documentary,LATAM,25690764,7666368,36498350,2,8
NFLX-0977,Wild Horizon 3,Romance,EMEA,1278625,172454,1145648,8,9
NFLX-0978,Dark Legacy 4,Documentary,UCAN,12653186,3795851,14009201,7,5
NFLX-0979,Royal Heist 1,Action,UCAN,36571757,9739652,34666802,1,7
NFLX-0980,Shadow Hearts 4,Sci-Fi,UCAN,14422657,4060964,22680274,3,10
NFLX-0981,Golden Heist 1,Fantasy,APAC,21592053,3091698,19399082,4,3
NFLX-0982,Secret Hearts 3,Drama,UCAN,8869624,1644789,10687175,9,3
NFLX-0983,Infinite Rivalry 1,Crime,EMEA,3598165,768207,5602241,5,9
NFLX-0984,Silent Heist 4,Action,EMEA,36618627,8928626,44252595,1,4
NFLX-0985,Global Empire 2,Documentary,LATAM,9506546,1510468,12184687,6,5
NFLX-0986,Ultimate Vengeance 4,Sci-Fi,EMEA,17993565,5086039,19890551,7,8
NFLX-0987,Secret Odyssey 4,Comedy,LATAM,5235070,882067,6824722,4,6
NFLX-0988,Royal Rivalry 2,Unscripted,LATAM,21730582,4303804,34637660,1,10
NFLX-0989,Dark Chronicles 3,Sci-Fi,UCAN,37300406,6687379,41978809,2,6
NFLX-0990,Lost Odyssey 2,Crime,EMEA,1161917,344284,1020578,4,7
NFLX-0991,Secret Chronicles 2,Fantasy,EMEA,33357748,6097864,29235812,10,5
NFLX-0992,Shadow Odyssey 1,Drama,LATAM,21840376,4152322,34010013,6,9
NFLX-0993,Shadow Frontier 4,Romance,LATAM,17885291,3799582,14444124,3,3
NFLX-0994,Ultimate Horizon 3,Drama,EMEA,17217598,3362319,23115868,8,3
NFLX-0995,Silent Protocol 4,Fantasy,EMEA,19010166,4062606,29695648,4,5
NFLX-0996,Wild Chronicles 3,Unscripted,EMEA,6549232,876318,8564701,4,2
NFLX-0997,Ultimate Frontier 1,Sci-Fi,EMEA,37689032,10006530,58179473,1,7
NFLX-0998,Wild Hearts 2,Romance,APAC,35061835,8478630,47266771,9,2
NFLX-0999,Infinite Legacy 2,Drama,APAC,36357931,5961272,50891445,9,10
NFLX-1000,Global Frontier 4,Comedy,LATAM,12231582,3315903,10520357,9,6
NFLX-1001,Global Horizon 4,Unscripted,LATAM,25550644,4620388,40262263,4,9
NFLX-1002,Secret Odyssey 3,Romance,EMEA,18267124,4618744,17727380,10,7
NFLX-1003,Dark Odyssey 1,Romance,APAC,4358540,1005931,4727251,6,5
NFLX-1004,Lost Chronicles 1,Action,LATAM,27482332,3799179,29780565,8,4
NFLX-1005,Secret Hearts 2,Unscripted,UCAN,33209676,8584720,26751335,5,4
NFLX-1006,Silent Horizon 3,Documentary,EMEA,29245509,6333317,44270526,5,2
NFLX-1007,Silent Rivalry 4,Comedy,LATAM,24238940,2934022,33878108,4,2
NFLX-1008,Dark Odyssey 1,Comedy,APAC,28756574,8114518,40119423,3,4
NFLX-1009,Silent Rivalry 3,Sci-Fi,APAC,33320786,8795608,41321071,3,6
NFLX-1010,Infinite Hearts 4,Comedy,UCAN,7739676,1104469,11100013,6,9
NFLX-1011,Global Rivalry 2,Drama,EMEA,29334333,7413891,46382004,7,8
NFLX-1012,Rising Odyssey 4,Sci-Fi,APAC,17126039,4303169,22162644,3,4
NFLX-1013,Rising Chronicles 3,Crime,APAC,13815234,3604243,16289739,2,9
NFLX-1014,Royal Heist 2,Animation,LATAM,15893712,3055263,14246629,5,4
NFLX-1015,Ultimate Horizon 1,Animation,LATAM,6602573,1244343,9847606,9,5
NFLX-1016,Golden Rivalry 2,Crime,EMEA,29093466,6161282,34427933,1,5
NFLX-1017,Secret Odyssey 3,Documentary,EMEA,28556484,8027773,28487231,3,1
NFLX-1018,Global Legacy 3,Crime,EMEA,32179287,7374653,32955692,7,3
NFLX-1019,Rising Kingdom 3,Action,EMEA,7984558,977781,7006527,9,3
NFLX-1020,Lost Protocol 3,Animation,EMEA,16488835,2602037,21768538,7,2
NFLX-1021,Secret Heist 1,Drama,LATAM,13447145,3853818,18338248,2,9
NFLX-1022,Royal Protocol 3,Romance,LATAM,36306441,4643085,49980012,4,7
NFLX-1023,Shadow Vengeance 3,Fantasy,EMEA,25062651,6243573,29042243,7,2
NFLX-1024,Silent Horizon 1,Comedy,EMEA,9152630,2672975,9442997,1,4
NFLX-1025,Golden Horizon 4,Fantasy,UCAN,11607739,2457011,13351174,9,7
NFLX-1026,Infinite Frontier 3,Crime,LATAM,741628,118071,688232,1,9
NFLX-1027,Silent Hearts 3,Documentary,LATAM,20388630,4473003,27863178,3,4
NFLX-1028,Global Hearts 2,Documentary,UCAN,10441471,1775010,16222253,3,5
NFLX-1029,Global Rivalry 2,Crime,UCAN,593949,138914,783369,6,6
NFLX-1030,Secret Vengeance 3,Comedy,APAC,20290091,2643949,21501574,1,6
NFLX-1031,Dark Vengeance 3,Comedy,EMEA,1549481,458920,1905723,10,2
NFLX-1032,Golden Vengeance 4,Documentary,LATAM,30174525,5080871,29465762,10,7
NFLX-1033,Ultimate Kingdom 2,Unscripted,EMEA,10454538,1430853,15909031,3,8
NFLX-1034,Ultimate Heist 2,Animation,APAC,12606884,1560587,16616521,3,3
NFLX-1035,Infinite Rivalry 2,Sci-Fi,LATAM,5335105,1077180,6087973,7,2
NFLX-1036,Golden Hearts 2,Drama,UCAN,25858770,3615221,28630634,1,1
NFLX-1037,Ultimate Empire 1,Documentary,LATAM,1405761,171068,2015749,2,9
NFLX-1038,Golden Protocol 1,Crime,LATAM,32740804,9188060,46090454,3,5
NFLX-1039,Lost Kingdom 2,Crime,UCAN,36975441,8613334,50051175,2,1
NFLX-1040,Global Chronicles 3,Sci-Fi,APAC,10018387,1606711,8024410,4,7
NFLX-1041,Infinite Heist 3,Documentary,LATAM,26319719,6545009,35516171,2,8
NFLX-1042,Ultimate Chronicles 2,Sci-Fi,EMEA,24478527,4407859,21076793,6,2
NFLX-1043,Global Frontier 2,Comedy,APAC,36099953,5510505,38550246,7,3
NFLX-1044,Wild Rivalry 3,Animation,EMEA,23879767,4030828,35827333,8,6
NFLX-1045,Rising Vengeance 1,Drama,LATAM,10337427,1967294,10918440,8,2
NFLX-1046,Secret Frontier 4,Documentary,LATAM,6569796,939194,6953752,7,6
NFLX-1047,Lost Kingdom 4,Romance,APAC,22878467,6633049,20832606,4,7
NFLX-1048,Infinite Hearts 4,Fantasy,APAC,36233754,5848874,44530198,2,10
NFLX-1049,Golden Horizon 2,Sci-Fi,LATAM,24773909,7404994,19875930,1,6
NFLX-1050,Shadow Kingdom 2,Sci-Fi,UCAN,23944316,6533906,26067861,3,5
NFLX-1051,Silent Heist 4,Crime,LATAM,15571791,2254861,13153375,3,7
NFLX-1052,Golden Legacy 4,Action,UCAN,7614199,1014810,10128391,10,3
NFLX-1053,Global Heist 3,Comedy,UCAN,16944745,3769408,14600477,7,3
NFLX-1054,Ultimate Kingdom 2,Fantasy,EMEA,32053547,5792738,36195441,1,5
NFLX-1055,Secret Heist 1,Drama,LATAM,34275584,6558644,31817305,7,8
NFLX-1056,Shadow Vengeance 3,Animation,EMEA,15754841,2335247,17943758,2,9
NFLX-1057,Infinite Heist 2,Unscripted,UCAN,15190560,4071843,16919743,9,10
NFLX-1058,Secret Vengeance 4,Romance,EMEA,27685792,4143687,40471172,6,7
NFLX-1059,Dark Odyssey 1,Sci-Fi,UCAN,24840494,6766293,31859228,1,4
NFLX-1060,Rising Heist 1,Sci-Fi,LATAM,1236654,217207,1737767,9,4
NFLX-1061,Wild Legacy 2,Documentary,UCAN,38760291,8584360,48521583,8,1
NFLX-1062,Global Protocol 1,Documentary,UCAN,24434318,7148822,34240873,9,4
NFLX-1063,Lost Horizon 3,Comedy,UCAN,22734387,5762285,25595037,2,9
NFLX-1064,Ultimate Legacy 4,Romance,UCAN,19969582,4849160,18551310,2,2
NFLX-1065,Golden Empire 2,Comedy,LATAM,34163142,8580746,41441279,9,6
NFLX-1066,Silent Heist 3,Documentary,EMEA,29417306,7304236,24475502,7,4
NFLX-1067,Dark Frontier 1,Comedy,APAC,7036808,1025066,10159610,5,9
NFLX-1068,Secret Kingdom 1,Romance,EMEA,11889557,1772317,18396054,5,10
NFLX-1069,Lost Protocol 1,Sci-Fi,LATAM,31419815,6446936,31619496,5,8
NFLX-1070,Wild Heist 1,Animation,APAC,3157017,541720,3443603,7,10
NFLX-1071,Wild Heist 4,Action,EMEA,25577448,4971615,22170338,8,5
NFLX-1072,Wild Legacy 1,Crime,UCAN,10872495,1873536,16117906,3,10
NFLX-1073,Infinite Chronicles 2,Unscripted,APAC,6774888,1384299,7311122,9,8
NFLX-1074,Secret Chronicles 2,Sci-Fi,APAC,29565815,5297298,28370670,6,6
NFLX-1075,Royal Kingdom 2,Romance,UCAN,19181434,4183751,22320723,8,3
NFLX-1076,Wild Empire 3,Animation,UCAN,26020482,6909375,22115333,7,8
NFLX-1077,Dark Legacy 2,Drama,APAC,18609200,2822997,18640036,3,2
NFLX-1078,Rising Horizon 1,Documentary,APAC,28667057,6895458,34968716,5,3
NFLX-1079,Global Chronicles 4,Action,EMEA,11541641,3341876,11067097,8,8
NFLX-1080,Shadow Vengeance 2,Unscripted,EMEA,38773317,4722111,43089189,10,4
NFLX-1081,Secret Vengeance 2,Action,EMEA,1452058,294126,1336481,3,8
NFLX-1082,Lost Chronicles 4,Documentary,UCAN,30736500,8431270,47784776,8,10
NFLX-1083,Secret Legacy 2,Crime,APAC,37147226,8475875,52730766,4,6
NFLX-1084,Dark Empire 1,Action,EMEA,1586577,278053,1652508,2,8
NFLX-1085,Wild Kingdom 4,Unscripted,EMEA,24136494,4746510,35300797,6,2
NFLX-1086,Ultimate Kingdom 4,Action,LATAM,37594664,8184257,47967537,7,5
NFLX-1087,Wild Vengeance 4,Documentary,UCAN,6380090,884830,9217646,1,10
NFLX-1088,Infinite Chronicles 4,Animation,UCAN,30303271,8032085,36445417,5,7
NFLX-1089,Dark Empire 4,Fantasy,APAC,8184039,1673827,7827609,2,6
NFLX-1090,Silent Horizon 4,Drama,EMEA,15528130,2611360,18727680,5,5
NFLX-1091,Infinite Rivalry 2,Drama,APAC,2692756,397471,2187659,6,9
NFLX-1092,Golden Frontier 3,Action,LATAM,38898849,6361113,62015007,7,4
NFLX-1093,Royal Rivalry 4,Drama,APAC,9148350,1740694,14193787,3,7
NFLX-1094,Lost Hearts 2,Unscripted,LATAM,7182561,1025234,9825886,2,10
NFLX-1095,Infinite Rivalry 3,Fantasy,LATAM,22136208,3027962,21317391,7,1
NFLX-1096,Wild Frontier 2,Drama,UCAN,38872434,9858870,42989953,3,8
NFLX-1097,Wild Rivalry 3,Comedy,LATAM,15381741,3328225,15959140,4,7
NFLX-1098,Rising Rivalry 1,Documentary,UCAN,10148209,2383911,13212464,10,2
NFLX-1099,Secret Kingdom 1,Sci-Fi,LATAM,19455773,2967258,19642465,2,8
NFLX-1100,Lost Empire 4,Sci-Fi,APAC,1973507,409646,2232028,2,4
NFLX-1101,Wild Horizon 4,Action,APAC,11311482,1378024,10676287,3,10
NFLX-1102,Wild Frontier 1,Sci-Fi,EMEA,23772261,5480002,28220735,9,1
NFLX-1103,Ultimate Hearts 3,Sci-Fi,LATAM,2483418,529561,3051533,3,4
NFLX-1104,Lost Chronicles 2,Drama,EMEA,9798941,2459474,9561893,3,5
NFLX-1105,Rising Kingdom 2,Sci-Fi,EMEA,37510344,7654656,49571405,8,7
NFLX-1106,Shadow Horizon 2,Documentary,LATAM,13779263,3854289,18597126,5,7
NFLX-1107,Secret Frontier 3,Comedy,LATAM,33237837,6657817,38116398,10,5
NFLX-1108,Lost Frontier 1,Animation,APAC,29310706,5379241,28131730,2,8
NFLX-1109,Ultimate Legacy 3,Animation,APAC,20194676,5612209,25911903,9,6
NFLX-1110,Infinite Legacy 1,Comedy,EMEA,29315660,5405632,42001047,2,4
NFLX-1111,Wild Protocol 3,Comedy,EMEA,8707656,2123733,7033229,6,4
NFLX-1112,Silent Frontier 3,Crime,UCAN,26376566,4172549,27085868,4,2
NFLX-1113,Shadow Odyssey 1,Animation,APAC,29706151,5276461,31317015,4,1
NFLX-1114,Silent Kingdom 1,Documentary,APAC,8503337,1282347,7646831,6,10
NFLX-1115,Infinite Empire 1,Documentary,UCAN,39138514,11119086,62244476,5,3
NFLX-1116,Infinite Legacy 1,Action,UCAN,5160986,1390230,6068879,7,5
NFLX-1117,Rising Protocol 3,Unscripted,UCAN,37842740,7904869,53724987,1,7
NFLX-1118,Rising Vengeance 4,Romance,UCAN,25592412,3544391,39672410,4,1
NFLX-1119,Global Heist 1,Action,APAC,15689504,2422596,14687778,6,9
NFLX-1120,Global Vengeance 1,Documentary,UCAN,7935903,1386975,6653482,5,6
NFLX-1121,Golden Frontier 4,Documentary,LATAM,9745140,1379738,12344778,6,3
NFLX-1122,Royal Horizon 4,Sci-Fi,LATAM,39281187,8179077,46443775,5,6
NFLX-1123,Golden Kingdom 2,Sci-Fi,EMEA,20379939,3740569,27902278,4,4
NFLX-1124,Golden Chronicles 1,Romance,UCAN,14758987,2345267,11962195,7,4
NFLX-1125,Silent Chronicles 3,Crime,EMEA,21426250,5098420,29285610,9,2
NFLX-1126,Ultimate Empire 3,Unscripted,APAC,34957988,6713223,33644147,2,5
NFLX-1127,Infinite Heist 3,Animation,UCAN,10384446,1446462,12136959,2,4
NFLX-1128,Global Kingdom 2,Documentary,UCAN,32459953,6539880,43155780,5,2
NFLX-1129,Shadow Chronicles 3,Unscripted,LATAM,10607940,2095627,11854822,6,1
NFLX-1130,Silent Odyssey 3,Sci-Fi,UCAN,26170652,5131172,36262089,5,4
NFLX-1131,Infinite Heist 3,Fantasy,APAC,35303895,8565038,40488352,4,2
NFLX-1132,Dark Chronicles 1,Drama,EMEA,16523391,2283297,14089130,4,10
NFLX-1133,Golden Vengeance 4,Unscripted,APAC,7298414,1958400,7122599,5,8
NFLX-1134,Dark Heist 2,Action,EMEA,19825918,2715430,27500646,9,10
NFLX-1135,Silent Vengeance 3,Crime,LATAM,21646841,3246943,29118334,6,8
NFLX-1136,Ultimate Legacy 4,Unscripted,EMEA,1897666,317839,1787624,2,3
NFLX-1137,Wild Legacy 3,Romance,UCAN,33269750,6822370,49857209,1,1
NFLX-1138,Royal Rivalry 3,Crime,LATAM,10337015,1426494,14680682,6,8
NFLX-1139,Silent Vengeance 3,Fantasy,EMEA,33148013,6714963,33241804,6,5
NFLX-1140,Golden Protocol 4,Sci-Fi,EMEA,35350230,4373916,48874253,7,4
NFLX-1141,Wild Heist 3,Romance,UCAN,16899245,4144456,21327985,7,6
NFLX-1142,Dark Vengeance 1,Crime,APAC,7743170,2151717,12175069,9,8
NFLX-1143,Shadow Heist 3,Action,EMEA,26741325,7758941,33996735,5,5
NFLX-1144,Dark Legacy 3,Animation,UCAN,29588982,6568731,42497658,6,5
NFLX-1145,Secret Legacy 4,Comedy,APAC,10581613,1821738,12894213,9,3
NFLX-1146,Rising Kingdom 3,Sci-Fi,EMEA,1546388,246059,1798583,10,2
NFLX-1147,Global Kingdom 3,Drama,APAC,24139467,2899524,32062104,5,3
NFLX-1148,Lost Odyssey 2,Sci-Fi,EMEA,10072693,1565406,16083385,10,2
NFLX-1149,Rising Empire 1,Romance,EMEA,17191887,4034386,24917358,7,7
NFLX-1150,Secret Odyssey 3,Animation,EMEA,12130098,2937984,15176282,6,10
NFLX-1151,Ultimate Rivalry 2,Documentary,LATAM,28438245,4953692,35360882,2,5
NFLX-1152,Royal Rivalry 4,Fantasy,LATAM,25730647,6949678,36689962,2,3
NFLX-1153,Shadow Kingdom 3,Fantasy,EMEA,31932374,6513548,34594099,7,8
NFLX-1154,Global Hearts 1,Unscripted,UCAN,9934539,1732883,12837081,4,10
NFLX-1155,Shadow Protocol 2,Animation,EMEA,4092741,780398,5747305,7,1
NFLX-1156,Silent Hearts 4,Drama,UCAN,4170368,1240731,4237677,2,6
NFLX-1157,Royal Chronicles 3,Animation,APAC,22733676,3224992,33906170,10,9
NFLX-1158,Golden Vengeance 1,Crime,LATAM,38218486,7993581,53213099,4,3
NFLX-1159,Rising Rivalry 3,Drama,APAC,13968740,1676338,12456862,10,2
NFLX-1160,Shadow Chronicles 2,Crime,UCAN,32292314,6815125,26470820,7,1
NFLX-1161,Secret Odyssey 4,Romance,LATAM,16265741,3552591,23965562,10,8
NFLX-1162,Wild Frontier 1,Unscripted,LATAM,1953435,522229,1851556,4,3
NFLX-1163,Shadow Vengeance 2,Romance,APAC,19963999,2755102,20594047,10,8
NFLX-1164,Lost Rivalry 3,Unscripted,APAC,7703186,2052350,9021747,3,1
NFLX-1165,Rising Kingdom 1,Animation,APAC,1239515,156346,1567280,10,8
NFLX-1166,Global Protocol 2,Romance,APAC,19082715,2833718,15405400,9,9
NFLX-1167,Dark Protocol 4,Fantasy,UCAN,12210287,2238585,16175399,10,6
NFLX-1168,Silent Vengeance 2,Documentary,EMEA,26936109,7301802,23018739,8,7
NFLX-1169,Silent Frontier 2,Animation,EMEA,9185361,2075830,12475694,10,6
NFLX-1170,Royal Frontier 4,Sci-Fi,UCAN,2481177,368832,3676173,2,2
NFLX-1171,Silent Rivalry 4,Action,LATAM,16379110,4562171,14484791,7,7
NFLX-1172,Secret Legacy 3,Sci-Fi,UCAN,5391007,1010156,6217031,1,3
NFLX-1173,Lost Chronicles 4,Unscripted,LATAM,39005701,6054824,48568907,8,8
NFLX-1174,Wild Odyssey 2,Crime,LATAM,29629475,7868432,42994447,4,2
NFLX-1175,Royal Legacy 1,Crime,UCAN,9932995,1834832,15044840,7,10
NFLX-1176,Shadow Chronicles 3,Comedy,APAC,13259871,2952530,19437940,8,9
NFLX-1177,Lost Protocol 2,Sci-Fi,APAC,29189827,8094801,37957766,10,2
NFLX-1178,Ultimate Hearts 3,Sci-Fi,UCAN,33968012,7753814,33440108,6,1
NFLX-1179,Dark Odyssey 3,Unscripted,EMEA,5060236,751016,7580000,5,2
NFLX-1180,Shadow Frontier 2,Fantasy,EMEA,27291177,5956831,35339779,2,10
NFLX-1181,Silent Odyssey 1,Drama,EMEA,28780057,5186667,29030584,1,3
NFLX-1182,Dark Hearts 3,Drama,LATAM,33621923,9771861,28858689,10,1
NFLX-1183,Lost Chronicles 4,Animation,UCAN,37505522,5374677,44369677,1,2
NFLX-1184,Global Kingdom 2,Action,APAC,32550696,8885364,33941739,4,1
NFLX-1185,Global Legacy 2,Fantasy,APAC,1714325,221808,2129186,7,3
NFLX-1186,Infinite Vengeance 4,Fantasy,LATAM,8256657,2324136,9498146,6,6
NFLX-1187,Dark Protocol 4,Drama,LATAM,16071499,1957652,14039943,7,9
NFLX-1188,Royal Legacy 1,Crime,UCAN,5641322,1122284,4768743,5,1
NFLX-1189,Lost Protocol 2,Documentary,LATAM,27197157,3862750,32173178,2,2
NFLX-1190,Rising Hearts 2,Romance,EMEA,15283229,2666761,17649584,6,9
NFLX-1191,Rising Rivalry 2,Fantasy,EMEA,21898261,4612215,29742598,1,6
NFLX-1192,Infinite Vengeance 4,Documentary,UCAN,14160340,3843917,21660213,9,4
NFLX-1193,Rising Vengeance 2,Sci-Fi,EMEA,10026857,1627548,8309197,8,8
NFLX-1194,Secret Legacy 4,Drama,EMEA,19154071,3334231,24337011,2,1
NFLX-1195,Rising Frontier 4,Romance,UCAN,26175058,3350271,28994912,4,7
NFLX-1196,Ultimate Rivalry 4,Fantasy,UCAN,20978140,5398500,17307906,1,10
NFLX-1197,Lost Odyssey 2,Drama,EMEA,29630347,7729676,44226073,1,2
NFLX-1198,Shadow Horizon 3,Fantasy,APAC,28943086,6433890,36412776,9,5
NFLX-1199,Ultimate Horizon 4,Crime,LATAM,1518941,368901,1556246,5,2
NFLX-1200,Dark Hearts 3,Action,APAC,3090818,572126,3994690,5,10
NFLX-1201,Global Chronicles 3,Animation,EMEA,18251471,3648205,26977027,1,8
NFLX-1202,Global Kingdom 1,Action,APAC,37853358,4941576,36879542,2,5
NFLX-1203,Royal Hearts 3,Sci-Fi,APAC,12566436,3287535,12646931,5,8
NFLX-1204,Ultimate Empire 2,Comedy,UCAN,16114384,2045403,14366895,9,8
NFLX-1205,Royal Protocol 1,Fantasy,LATAM,4581082,1367704,7152732,5,1
NFLX-1206,Wild Protocol 1,Animation,LATAM,23969959,5063625,21269282,2,9
NFLX-1207,Secret Empire 2,Action,EMEA,28415252,5591142,24355125,5,3
NFLX-1208,Global Protocol 3,Action,APAC,25646738,7571692,30174619,10,1
NFLX-1209,Ultimate Protocol 1,Documentary,LATAM,2213644,349902,1959043,6,9
NFLX-1210,Golden Vengeance 3,Crime,APAC,39603412,9929635,32715571,7,2
NFLX-1211,Secret Empire 4,Fantasy,UCAN,35917132,8235021,51669108,9,9
NFLX-1212,Silent Protocol 3,Crime,EMEA,16876508,4452378,17938843,6,4
NFLX-1213,Silent Protocol 1,Crime,APAC,28009655,5135772,30516657,9,2
NFLX-1214,Lost Rivalry 4,Animation,LATAM,30629733,4942333,43771215,3,9
NFLX-1215,Dark Horizon 2,Animation,EMEA,19752539,2789720,21199559,7,7
NFLX-1216,Shadow Heist 4,Crime,LATAM,30972064,4390042,25162008,5,9
NFLX-1217,Golden Kingdom 1,Comedy,UCAN,29452097,4419240,24125543,2,3
NFLX-1218,Shadow Hearts 4,Unscripted,EMEA,9053225,1993966,10156396,5,2
NFLX-1219,Lost Protocol 1,Drama,UCAN,24320803,6905195,37938877,8,7
NFLX-1220,Rising Kingdom 2,Comedy,UCAN,10717753,2431210,16253250,6,8
NFLX-1221,Infinite Protocol 4,Comedy,EMEA,7002755,1462124,6903391,1,10
NFLX-1222,Shadow Hearts 4,Documentary,EMEA,26274350,3996718,27715830,3,1
NFLX-1223,Golden Vengeance 2,Unscripted,EMEA,39096845,6903960,58788635,6,5
NFLX-1224,Ultimate Chronicles 3,Documentary,APAC,29955204,4507591,29323349,5,10
NFLX-1225,Secret Empire 3,Comedy,UCAN,14381006,3042527,17857337,3,1
NFLX-1226,Royal Legacy 2,Drama,APAC,2229885,380709,2443134,10,7
NFLX-1227,Golden Kingdom 2,Romance,EMEA,7856129,2242556,10786470,2,8
NFLX-1228,Infinite Kingdom 3,Sci-Fi,LATAM,19186677,2704616,26579437,6,2
NFLX-1229,Golden Empire 1,Action,LATAM,34528232,6961704,36885465,9,2
NFLX-1230,Golden Vengeance 3,Drama,APAC,7240333,1903885,11192790,6,4
NFLX-1231,Shadow Rivalry 1,Drama,LATAM,9685503,2682697,12291626,4,4
NFLX-1232,Rising Kingdom 2,Romance,LATAM,33834744,5269529,34717145,2,9
NFLX-1233,Golden Vengeance 2,Drama,APAC,5013827,1153275,5979254,3,1
NFLX-1234,Infinite Vengeance 3,Animation,APAC,39684795,7253058,39199554,9,3
NFLX-1235,Rising Empire 3,Romance,APAC,26820771,5841950,34284285,5,2
NFLX-1236,Dark Chronicles 3,Unscripted,APAC,22337026,4388683,22290498,3,8
NFLX-1237,Lost Rivalry 1,Action,APAC,9093817,1883083,12903630,8,10
NFLX-1238,Infinite Rivalry 2,Drama,EMEA,18480066,5177484,22286773,7,1
NFLX-1239,Shadow Protocol 3,Action,APAC,26764959,5260274,38734902,5,1
NFLX-1240,Rising Kingdom 2,Action,UCAN,21203799,3389126,24556312,3,9
NFLX-1241,Dark Rivalry 1,Animation,EMEA,9171494,1133464,11775913,1,7
NFLX-1242,Secret Vengeance 3,Action,UCAN,3802776,704188,4620065,4,3
NFLX-1243,Shadow Horizon 2,Documentary,LATAM,25590658,4064070,27259212,4,1
NFLX-1244,Global Legacy 1,Fantasy,APAC,33041084,5648576,27550585,1,4
NFLX-1245,Wild Vengeance 2,Drama,EMEA,8797529,1654060,12759906,7,3
NFLX-1246,Golden Odyssey 1,Sci-Fi,UCAN,34357070,8837651,47333401,7,1
NFLX-1247,Global Vengeance 2,Sci-Fi,APAC,13538183,3718594,19835839,6,7
NFLX-1248,Shadow Vengeance 1,Documentary,EMEA,31296636,5244333,30111537,10,8
NFLX-1249,Infinite Odyssey 4,Sci-Fi,LATAM,27768392,5748138,34677084,9,9
NFLX-1250,Dark Horizon 1,Romance,APAC,25514001,6343397,35978831,8,4
NFLX-1251,Royal Legacy 4,Crime,APAC,25318309,3534707,29912190,5,6
NFLX-1252,Ultimate Rivalry 1,Sci-Fi,LATAM,14437290,3005353,21538446,4,2
NFLX-1253,Ultimate Horizon 4,Fantasy,LATAM,4454923,736685,6298934,5,6
NFLX-1254,Ultimate Legacy 3,Animation,APAC,873915,137781,886600,9,8
NFLX-1255,Shadow Kingdom 3,Crime,EMEA,31462152,6688778,43011736,2,2
NFLX-1256,Infinite Vengeance 1,Unscripted,LATAM,1414326,360181,1314862,3,4
NFLX-1257,Silent Chronicles 1,Unscripted,APAC,11956965,2563884,15555197,3,9
NFLX-1258,Infinite Horizon 1,Documentary,UCAN,29724527,7418936,47458044,5,9
NFLX-1259,Lost Frontier 3,Animation,LATAM,9997085,2432333,10318565,10,6
NFLX-1260,Shadow Frontier 3,Romance,APAC,14634276,4198198,22667937,3,3
NFLX-1261,Shadow Vengeance 4,Drama,EMEA,28437617,5820862,26827496,1,5
NFLX-1262,Golden Empire 2,Sci-Fi,APAC,22715391,5281217,19893495,10,3
NFLX-1263,Secret Protocol 2,Action,UCAN,13427896,3595128,13691948,7,10
NFLX-1264,Golden Odyssey 3,Animation,APAC,17595941,4143630,21975391,4,2
NFLX-1265,Royal Heist 1,Crime,EMEA,12467205,1725685,12596241,9,10
NFLX-1266,Wild Horizon 3,Animation,EMEA,32269795,3887888,31219263,4,4
NFLX-1267,Secret Frontier 2,Comedy,LATAM,32407848,5775105,48601766,1,3
NFLX-1268,Shadow Kingdom 4,Romance,EMEA,20804345,2935771,24971457,9,7
NFLX-1269,Infinite Horizon 4,Action,EMEA,35529867,4763700,37433469,10,4
NFLX-1270,Ultimate Rivalry 3,Comedy,APAC,38113569,9342320,43957044,5,2
NFLX-1271,Shadow Horizon 3,Comedy,UCAN,25040850,6478920,37168079,6,7
NFLX-1272,Dark Frontier 2,Unscripted,EMEA,12512862,3743584,19351816,4,8
NFLX-1273,Lost Hearts 2,Drama,EMEA,22542010,4201743,19730723,5,9
NFLX-1274,Global Frontier 3,Drama,EMEA,32627353,9763174,36498105,5,5
NFLX-1275,Wild Legacy 1,Romance,APAC,33403508,8517509,31366454,9,2
NFLX-1276,Global Protocol 1,Animation,LATAM,12372072,1777825,18517658,7,2
NFLX-1277,Global Kingdom 1,Action,UCAN,37012824,10121662,37826459,10,1
NFLX-1278,Lost Rivalry 3,Comedy,EMEA,35151021,8422506,28519322,7,1
NFLX-1279,Secret Empire 2,Documentary,UCAN,12081998,2049041,13951313,4,9
NFLX-1280,Infinite Heist 1,Documentary,EMEA,38118503,6917038,41188865,10,2
NFLX-1281,Royal Kingdom 1,Sci-Fi,UCAN,12747432,1955693,17637860,10,1
NFLX-1282,Ultimate Legacy 2,Action,APAC,5954268,1725443,8941873,5,4
NFLX-1283,Golden Vengeance 2,Documentary,UCAN,25955093,3946231,35421724,3,10
NFLX-1284,Lost Horizon 2,Crime,EMEA,13869739,2400682,13060989,8,5
NFLX-1285,Secret Kingdom 3,Animation,EMEA,23911544,5120601,33904093,3,1
NFLX-1286,Royal Horizon 2,Fantasy,LATAM,29615408,7876617,31911704,5,4
NFLX-1287,Lost Vengeance 3,Sci-Fi,LATAM,17828438,2976498,17375665,2,9
NFLX-1288,Wild Rivalry 2,Romance,LATAM,31856406,5957494,40440325,7,10
NFLX-1289,Global Protocol 1,Action,UCAN,11153565,2010410,12683011,2,3
NFLX-1290,Lost Odyssey 2,Romance,LATAM,1959615,452651,2255922,10,10
NFLX-1291,Golden Horizon 4,Romance,LATAM,17450005,3981559,24058286,8,7
NFLX-1292,Rising Legacy 2,Fantasy,UCAN,28751891,4844261,32797724,10,7
NFLX-1293,Royal Legacy 2,Fantasy,LATAM,20671767,6072174,31199405,9,4
NFLX-1294,Royal Heist 2,Action,UCAN,6566550,1693172,6877928,6,8
NFLX-1295,Infinite Heist 4,Drama,LATAM,13949054,2430355,21012349,2,3
NFLX-1296,Dark Empire 4,Sci-Fi,LATAM,10844021,2951962,14615255,6,1
NFLX-1297,Silent Heist 3,Sci-Fi,APAC,37398404,9191793,50466496,8,7
NFLX-1298,Silent Vengeance 2,Sci-Fi,APAC,9123649,2630778,9622579,7,6
NFLX-1299,Rising Rivalry 4,Animation,APAC,36343862,7555731,31158517,10,1
NFLX-1300,Dark Frontier 2,Crime,EMEA,24812228,6654214,26595749,10,10
NFLX-1301,Infinite Chronicles 2,Comedy,APAC,13114490,2286495,10955823,2,6
NFLX-1302,Infinite Rivalry 2,Unscripted,LATAM,19623618,4740067,20582696,8,1
NFLX-1303,Rising Horizon 2,Comedy,APAC,35218674,7173553,51679389,2,6
NFLX-1304,Wild Vengeance 1,Unscripted,UCAN,11296727,2524172,11920539,7,8
NFLX-1305,Global Kingdom 4,Unscripted,UCAN,20830933,5282135,23746950,2,10
NFLX-1306,Silent Hearts 3,Romance,EMEA,36404863,5100357,57425620,3,7
NFLX-1307,Shadow Horizon 1,Comedy,UCAN,23123450,5719854,36039306,5,4
NFLX-1308,Shadow Frontier 4,Unscripted,UCAN,31689728,4496115,32493733,8,8
NFLX-1309,Lost Legacy 3,Documentary,APAC,23146674,5972538,31016474,1,9
NFLX-1310,Rising Heist 3,Action,APAC,1675679,290869,1939457,1,10
NFLX-1311,Secret Protocol 1,Fantasy,APAC,17185056,3717081,16157164,3,3
NFLX-1312,Wild Kingdom 4,Documentary,EMEA,31237931,5121087,42208491,9,10
NFLX-1313,Silent Legacy 1,Action,EMEA,3069422,908032,2815888,2,7
NFLX-1314,Shadow Vengeance 1,Action,EMEA,28855502,4417992,32335235,5,2
NFLX-1315,Infinite Chronicles 2,Animation,EMEA,20847502,4524916,26944670,4,1
NFLX-1316,Lost Frontier 4,Crime,APAC,18940626,4926373,26469445,5,9
NFLX-1317,Wild Legacy 4,Comedy,EMEA,18799205,2956824,15115328,7,3
NFLX-1318,Rising Odyssey 4,Animation,EMEA,7019471,865171,6858436,6,4
NFLX-1319,Secret Frontier 3,Animation,APAC,39954251,9075269,45412474,9,7
NFLX-1320,Silent Hearts 1,Action,EMEA,21950865,4389930,23643124,8,8
NFLX-1321,Dark Hearts 2,Unscripted,EMEA,27540726,7529978,22743495,2,8
NFLX-1322,Shadow Protocol 1,Crime,EMEA,20903291,3694883,21602682,8,1
NFLX-1323,Ultimate Frontier 2,Animation,EMEA,38409289,11493927,43987263,1,5
NFLX-1324,Shadow Vengeance 4,Crime,APAC,36577236,8386498,33115489,2,2
NFLX-1325,Infinite Empire 2,Sci-Fi,EMEA,12487148,3222151,18629758,7,9
NFLX-1326,Infinite Protocol 2,Unscripted,EMEA,21934805,5120671,31068452,6,9
NFLX-1327,Shadow Hearts 4,Crime,APAC,33707694,5781915,47374901,8,3
NFLX-1328,Ultimate Horizon 3,Drama,EMEA,31639954,7688613,41921435,2,7
NFLX-1329,Royal Rivalry 4,Unscripted,APAC,13175183,3048706,17248073,3,10
NFLX-1330,Royal Hearts 1,Animation,APAC,2032338,335314,2154311,10,8
NFLX-1331,Wild Chronicles 3,Drama,APAC,37547942,5810381,45398028,3,8
NFLX-1332,Lost Vengeance 2,Comedy,APAC,13907364,2402312,14716485,1,4
NFLX-1333,Royal Kingdom 4,Crime,APAC,16732536,4937854,24051394,9,2
NFLX-1334,Royal Protocol 2,Crime,APAC,5187035,652622,4178191,7,9
NFLX-1335,Silent Horizon 1,Unscripted,EMEA,36560374,9497923,32786816,9,1
NFLX-1336,Silent Kingdom 1,Documentary,APAC,3178077,791317,3466324,9,8
NFLX-1337,Infinite Chronicles 1,Comedy,EMEA,39410523,5522244,55287536,3,6
NFLX-1338,Infinite Rivalry 3,Comedy,LATAM,32886134,4521272,31836013,2,8
NFLX-1339,Golden Kingdom 2,Documentary,EMEA,20316715,3647236,27455100,8,5
NFLX-1340,Royal Odyssey 1,Comedy,LATAM,35516015,5674886,36607931,6,10
NFLX-1341,Lost Vengeance 3,Documentary,LATAM,38593670,7932977,50446390,8,5
NFLX-1342,Ultimate Vengeance 2,Comedy,EMEA,26285015,4232550,26438640,4,10
NFLX-1343,Rising Heist 1,Documentary,EMEA,34631001,10365098,48357545,7,8
NFLX-1344,Royal Heist 3,Comedy,EMEA,35620579,9823214,39164472,8,3
NFLX-1345,Shadow Kingdom 2,Romance,APAC,1455133,191576,1942596,4,5
NFLX-1346,Dark Empire 2,Documentary,UCAN,13716567,2780045,14885234,1,9
NFLX-1347,Dark Vengeance 2,Action,UCAN,27242293,7937453,35445536,9,2
NFLX-1348,Rising Hearts 1,Drama,APAC,38530738,6320759,46944272,3,4
NFLX-1349,Dark Vengeance 4,Comedy,UCAN,18335075,2501722,22764472,4,2
NFLX-1350,Ultimate Hearts 3,Drama,LATAM,15773054,4055291,15696593,8,8
NFLX-1351,Secret Hearts 1,Action,UCAN,13681914,2730111,16180768,8,4
NFLX-1352,Secret Hearts 2,Animation,APAC,20630039,4635743,25900259,2,8
NFLX-1353,Wild Empire 4,Drama,EMEA,27824640,5806137,35645682,3,6
NFLX-1354,Shadow Kingdom 3,Documentary,EMEA,36214668,6140265,36186333,9,9
NFLX-1355,Rising Rivalry 4,Sci-Fi,LATAM,33220969,9328650,26749983,9,8
NFLX-1356,Silent Heist 2,Sci-Fi,APAC,20944110,5763093,18339801,6,9
NFLX-1357,Ultimate Empire 1,Crime,LATAM,21115865,3750237,25369101,9,8
NFLX-1358,Secret Rivalry 3,Animation,LATAM,38819726,6920694,51921763,4,7
NFLX-1359,Ultimate Heist 2,Action,APAC,28478300,4798279,40547515,5,8
NFLX-1360,Rising Protocol 2,Documentary,EMEA,24252079,4286855,35490129,5,7
NFLX-1361,Royal Horizon 4,Drama,APAC,4211618,773464,6633062,3,8
NFLX-1362,Rising Legacy 2,Crime,EMEA,20283484,2520470,29736427,7,7
NFLX-1363,Lost Hearts 2,Crime,APAC,18885347,3092755,16722364,6,8
NFLX-1364,Golden Frontier 4,Drama,APAC,33184791,9877361,33180705,10,7
NFLX-1365,Global Chronicles 1,Action,EMEA,36597570,10476021,40094799,2,8
NFLX-1366,Ultimate Vengeance 1,Action,APAC,10685285,2416642,16018957,10,4
NFLX-1367,Shadow Chronicles 4,Crime,EMEA,38935472,9302632,48173618,9,9
NFLX-1368,Rising Vengeance 1,Comedy,UCAN,21569581,3990832,33772789,8,4
NFLX-1369,Ultimate Protocol 4,Crime,APAC,24807085,6002827,26454515,5,5
NFLX-1370,Royal Vengeance 1,Comedy,UCAN,28066908,7440303,32048612,1,9
NFLX-1371,Global Hearts 3,Drama,APAC,2653121,735324,4159644,6,9
NFLX-1372,Silent Odyssey 3,Sci-Fi,UCAN,38437097,8475084,33583061,2,9
NFLX-1373,Ultimate Hearts 1,Animation,APAC,13310240,3435116,18654645,7,5
NFLX-1374,Silent Kingdom 2,Action,UCAN,12691923,2299341,16731405,9,7
NFLX-1375,Global Horizon 3,Drama,APAC,1766455,314480,1425229,3,5
NFLX-1376,Dark Frontier 3,Fantasy,APAC,13944022,3115079,19743930,6,10
NFLX-1377,Ultimate Empire 2,Crime,EMEA,12686078,2740395,11172847,1,3
NFLX-1378,Shadow Protocol 1,Action,EMEA,15942008,2491835,21147609,3,7
NFLX-1379,Rising Empire 2,Action,UCAN,9714863,2817209,14592793,2,7
NFLX-1380,Global Kingdom 2,Unscripted,UCAN,30485071,4748195,35083362,7,10
NFLX-1381,Secret Chronicles 2,Fantasy,UCAN,11430892,1619351,16063662,8,10
NFLX-1382,Lost Vengeance 3,Unscripted,LATAM,14614836,3857767,23210137,6,8
NFLX-1383,Rising Hearts 1,Romance,UCAN,986914,193042,1089576,2,6
NFLX-1384,Lost Odyssey 1,Unscripted,EMEA,15892010,2148619,25423485,7,8
NFLX-1385,Global Odyssey 3,Drama,LATAM,17209981,2093926,16209852,9,3
NFLX-1386,Ultimate Vengeance 4,Drama,UCAN,14581157,3484479,21770776,6,10
NFLX-1387,Infinite Heist 4,Comedy,LATAM,35302635,8951124,55504220,3,6
NFLX-1388,Secret Heist 1,Romance,LATAM,21039662,3938059,23625929,5,10
NFLX-1389,Lost Legacy 1,Action,UCAN,32074876,8883620,26538053,7,1
NFLX-1390,Shadow Horizon 2,Comedy,UCAN,1502503,240529,1621100,7,2
NFLX-1391,Secret Kingdom 4,Unscripted,APAC,9519793,2529375,14141962,1,5
NFLX-1392,Silent Kingdom 3,Comedy,EMEA,36737853,8466228,40134861,2,8
NFLX-1393,Silent Vengeance 2,Comedy,LATAM,35043216,10148937,31673673,4,2
NFLX-1394,Golden Chronicles 4,Documentary,UCAN,17262371,2645161,16934018,5,6
NFLX-1395,Golden Kingdom 3,Comedy,EMEA,28821346,4211945,31698193,1,7
NFLX-1396,Wild Legacy 2,Comedy,UCAN,10093511,2728964,13199329,4,3
NFLX-1397,Infinite Protocol 1,Animation,APAC,32970278,5070653,48998592,10,7
NFLX-1398,Silent Empire 4,Animation,EMEA,37133348,9435319,42773546,9,6
NFLX-1399,Lost Heist 3,Action,APAC,37336108,5128884,43498537,6,9
NFLX-1400,Rising Chronicles 3,Unscripted,UCAN,36961506,5946459,33301671,8,2
NFLX-1401,Secret Hearts 3,Comedy,EMEA,21104461,4634407,24524478,2,9
NFLX-1402,Ultimate Horizon 2,Comedy,LATAM,1622009,412034,1555412,9,10
NFLX-1403,Ultimate Frontier 1,Fantasy,EMEA,36702360,10661647,36127558,9,3
NFLX-1404,Lost Heist 1,Comedy,LATAM,10703975,3124741,13194332,7,4
NFLX-1405,Rising Legacy 4,Documentary,APAC,35513953,9974946,56027064,8,6
NFLX-1406,Ultimate Vengeance 3,Drama,UCAN,17366419,4172484,23734213,4,10
NFLX-1407,Royal Chronicles 1,Unscripted,LATAM,10149688,1510735,12024799,4,7
NFLX-1408,Ultimate Rivalry 4,Unscripted,LATAM,17181471,2279907,25213176,5,3
NFLX-1409,Infinite Chronicles 2,Crime,APAC,10056868,2583661,13453982,1,2
NFLX-1410,Shadow Odyssey 1,Animation,APAC,16081414,2794756,21361539,2,9
NFLX-1411,Golden Frontier 4,Comedy,UCAN,23409435,6809987,35118562,1,7
NFLX-1412,Rising Chronicles 4,Unscripted,LATAM,33202425,5326798,46708096,2,2
NFLX-1413,Golden Frontier 3,Crime,APAC,29523061,6933514,33577737,5,5
NFLX-1414,Rising Rivalry 3,Unscripted,EMEA,24435134,3377022,21172425,8,4
NFLX-1415,Royal Kingdom 2,Animation,APAC,18334460,4777335,16192488,8,9
NFLX-1416,Royal Frontier 4,Animation,APAC,3325365,752402,4260889,2,10
NFLX-1417,Secret Chronicles 2,Action,APAC,26923786,3424050,37010276,8,8
NFLX-1418,Royal Hearts 1,Unscripted,APAC,2220709,338730,2160375,6,2
NFLX-1419,Rising Horizon 1,Romance,EMEA,24564495,4468992,35733841,4,5
NFLX-1420,Silent Legacy 3,Romance,EMEA,11277154,2917914,10910700,9,6
NFLX-1421,Golden Horizon 3,Comedy,APAC,6463928,1492860,6897079,4,6
NFLX-1422,Rising Chronicles 1,Unscripted,EMEA,33866036,8675855,44418015,4,5
NFLX-1423,Golden Kingdom 3,Action,APAC,24757385,7245880,34754829,6,1
NFLX-1424,Secret Empire 3,Fantasy,EMEA,38075679,7296625,46856063,2,4
NFLX-1425,Secret Chronicles 4,Documentary,LATAM,23328016,4465360,28606264,7,2
NFLX-1426,Golden Odyssey 1,Action,LATAM,30198091,4960418,44116609,3,5
NFLX-1427,Global Kingdom 2,Crime,LATAM,15655372,4165496,18039445,3,1
NFLX-1428,Rising Empire 1,Animation,APAC,29957428,6567288,33900444,10,4
NFLX-1429,Infinite Heist 4,Animation,APAC,18048449,5355785,24643293,5,7
NFLX-1430,Lost Protocol 2,Action,EMEA,5670096,817677,8882051,4,9
NFLX-1431,Royal Heist 1,Fantasy,APAC,36427395,9664393,38277463,10,4
NFLX-1432,Golden Protocol 2,Romance,EMEA,39037879,7918560,57357993,8,8
NFLX-1433,Royal Horizon 1,Comedy,UCAN,38078194,9026434,44124044,6,8
NFLX-1434,Golden Heist 1,Action,UCAN,19028111,5528107,23895556,1,10
NFLX-1435,Silent Horizon 2,Unscripted,LATAM,30840704,7571302,32316746,5,6
NFLX-1436,Dark Frontier 4,Comedy,EMEA,954685,123664,1505262,6,10
NFLX-1437,Secret Chronicles 1,Fantasy,APAC,11318433,1865095,15687858,10,3
NFLX-1438,Ultimate Legacy 4,Sci-Fi,EMEA,6479784,1248265,5671943,7,7
NFLX-1439,Infinite Vengeance 4,Comedy,EMEA,12780224,2350644,11204302,7,5
NFLX-1440,Silent Chronicles 2,Documentary,APAC,13962527,4152657,13701597,2,6
NFLX-1441,Silent Chronicles 3,Drama,UCAN,37888253,7091410,32103359,3,1
NFLX-1442,Shadow Legacy 1,Action,APAC,21053021,5956449,17308169,10,6
NFLX-1443,Secret Heist 2,Animation,APAC,12699499,3754472,15597158,2,3
NFLX-1444,Royal Protocol 2,Romance,LATAM,34546254,9238330,31750764,1,10
NFLX-1445,Global Hearts 1,Documentary,EMEA,7732652,1179036,8345412,9,3
NFLX-1446,Secret Kingdom 2,Animation,LATAM,23142308,6645294,35876469,9,7
NFLX-1447,Silent Chronicles 1,Action,LATAM,25041276,7333830,22865316,8,4
NFLX-1448,Infinite Legacy 3,Drama,APAC,7129038,972198,10538281,6,9
NFLX-1449,Royal Frontier 4,Fantasy,LATAM,19462385,3904598,20557205,4,5
NFLX-1450,Wild Horizon 4,Unscripted,APAC,6029024,1256587,7188841,6,9
NFLX-1451,Silent Frontier 4,Documentary,APAC,19773258,4860312,28012264,9,1
NFLX-1452,Dark Chronicles 3,Animation,LATAM,21548938,4658289,29983313,1,5
NFLX-1453,Infinite Empire 3,Fantasy,UCAN,29612097,6346381,41185454,3,9
NFLX-1454,Lost Rivalry 1,Crime,UCAN,31184437,8751104,48646831,6,2
NFLX-1455,Golden Empire 4,Crime,UCAN,3535594,555390,5436573,2,5
NFLX-1456,Global Empire 3,Comedy,APAC,15825773,4285646,17367630,1,3
NFLX-1457,Ultimate Frontier 2,Animation,EMEA,28876352,7156456,38818958,5,4
NFLX-1458,Wild Vengeance 3,Unscripted,UCAN,28409728,5337725,41445359,4,8
NFLX-1459,Rising Frontier 1,Unscripted,UCAN,30640483,7479644,27671744,2,2
NFLX-1460,Secret Heist 4,Sci-Fi,LATAM,36533413,10588499,38794935,5,7
NFLX-1461,Rising Hearts 3,Documentary,EMEA,7780778,1486775,10961493,4,2
NFLX-1462,Shadow Kingdom 2,Comedy,UCAN,31971170,4477664,37823679,1,7
NFLX-1463,Ultimate Chronicles 1,Crime,APAC,25390805,3699353,29211787,10,1
NFLX-1464,Wild Hearts 2,Crime,EMEA,3436542,999161,4313001,6,5
NFLX-1465,Ultimate Protocol 4,Crime,UCAN,26760494,7771992,29544320,9,2
NFLX-1466,Dark Heist 2,Action,APAC,2198503,291277,3291312,4,10
NFLX-1467,Shadow Odyssey 2,Comedy,EMEA,4305953,567195,3828391,9,9
NFLX-1468,Global Frontier 2,Action,EMEA,3078995,427003,2816631,4,1
NFLX-1469,Infinite Legacy 1,Unscripted,UCAN,15567152,1966678,21945652,9,2
NFLX-1470,Global Rivalry 4,Animation,APAC,19456136,3689235,26236365,4,8
NFLX-1471,Royal Odyssey 3,Romance,APAC,10776911,2999214,12537627,4,3
NFLX-1472,Rising Rivalry 2,Unscripted,EMEA,11258668,1393470,12322189,5,3
NFLX-1473,Global Kingdom 4,Fantasy,LATAM,27493262,6399606,24744468,4,7
NFLX-1474,Infinite Horizon 4,Romance,APAC,26567958,4803599,31106129,7,3
NFLX-1475,Golden Hearts 2,Crime,LATAM,13315449,3870014,16707017,10,6
NFLX-1476,Silent Hearts 4,Action,EMEA,14828660,3034564,16523036,9,8
NFLX-1477,Rising Frontier 4,Drama,LATAM,15074578,4223692,16132007,7,9
NFLX-1478,Infinite Heist 4,Drama,LATAM,26402053,3987273,33105912,10,3
NFLX-1479,Wild Horizon 2,Comedy,APAC,21739330,6005390,25540752,3,8
NFLX-1480,Lost Frontier 1,Sci-Fi,UCAN,6254589,1786504,5111080,1,6
NFLX-1481,Secret Protocol 3,Crime,LATAM,14794983,1951223,15476284,10,6
NFLX-1482,Royal Kingdom 4,Action,LATAM,19944192,5273652,20793662,3,3
NFLX-1483,Ultimate Horizon 1,Fantasy,APAC,11122019,2593241,13895085,5,4
NFLX-1484,Secret Rivalry 2,Romance,UCAN,3142636,592609,2855018,7,8
NFLX-1485,Ultimate Legacy 3,Romance,LATAM,30520037,8992832,46243668,10,6
NFLX-1486,Lost Chronicles 3,Sci-Fi,LATAM,9555898,2311831,12415260,3,2
NFLX-1487,Wild Empire 3,Documentary,UCAN,24304309,6413352,31164201,1,10
NFLX-1488,Royal Horizon 2,Action,EMEA,13386455,3972652,16207492,1,8
NFLX-1489,Lost Heist 1,Crime,EMEA,18157240,3593879,21046871,1,5
NFLX-1490,Golden Rivalry 4,Sci-Fi,EMEA,37495379,10384990,30937401,10,1
NFLX-1491,Golden Frontier 1,Documentary,APAC,13897774,2618382,21175035,1,5
NFLX-1492,Golden Horizon 3,Action,APAC,27826396,4002026,38005971,6,5
NFLX-1493,Shadow Empire 4,Documentary,EMEA,6090579,1738127,9322763,2,6
NFLX-1494,Shadow Chronicles 1,Comedy,UCAN,16804838,3146031,14444291,3,10
NFLX-1495,Dark Chronicles 1,Drama,UCAN,23393169,5407165,34999167,3,10
NFLX-1496,Wild Kingdom 3,Sci-Fi,UCAN,4269264,665637,5820364,2,3
NFLX-1497,Secret Vengeance 1,Drama,APAC,16141448,4020128,15627750,7,6
NFLX-1498,Wild Hearts 2,Romance,LATAM,33739045,5178662,43333291,5,10
NFLX-1499,Global Kingdom 2,Fantasy,UCAN,5839067,908498,5492697,3,9
NFLX-1500,Royal Empire 1,Sci-Fi,LATAM,13052582,3343177,19303372,4,3
NFLX-1501,Infinite Rivalry 3,Animation,APAC,34501004,5495543,45281739,5,6
NFLX-1502,Golden Empire 1,Documentary,EMEA,11322255,1486622,9643421,6,1
NFLX-1503,Royal Horizon 1,Romance,UCAN,6421128,1662105,6772482,6,10
NFLX-1504,Wild Chronicles 3,Action,APAC,24532524,5065494,34192306,8,5
NFLX-1505,Silent Protocol 2,Crime,LATAM,3365513,652074,4552501,8,6
NFLX-1506,Infinite Kingdom 4,Romance,LATAM,10035021,1900648,13951562,1,3
NFLX-1507,Lost Horizon 2,Unscripted,EMEA,1436179,383650,1648022,3,3
NFLX-1508,Royal Heist 2,Sci-Fi,UCAN,26759137,4515877,31517729,4,1
NFLX-1509,Silent Horizon 2,Documentary,EMEA,15783325,3617987,15025044,8,7
NFLX-1510,Infinite Heist 4,Drama,EMEA,7614311,1356800,6499003,8,10
NFLX-1511,Rising Heist 2,Fantasy,APAC,15022616,1837779,17021770,5,3
NFLX-1512,Lost Rivalry 3,Animation,APAC,8677039,1868466,11100472,6,6
NFLX-1513,Golden Heist 3,Animation,APAC,4736246,883790,3856099,4,4
NFLX-1514,Lost Vengeance 2,Action,APAC,19326139,4327114,24041651,6,4
NFLX-1515,Ultimate Protocol 2,Animation,LATAM,17216755,3521781,20502922,1,6
NFLX-1516,Shadow Chronicles 4,Comedy,EMEA,5956465,1210854,7287070,5,2
NFLX-1517,Silent Horizon 2,Documentary,LATAM,24913027,3254234,36826890,4,4
NFLX-1518,Wild Legacy 3,Action,APAC,38206987,6460662,35031839,6,8
NFLX-1519,Lost Frontier 2,Crime,UCAN,20338693,5133263,28204396,4,9
NFLX-1520,Shadow Odyssey 2,Unscripted,APAC,1232427,193199,1279926,5,1
NFLX-1521,Global Rivalry 4,Sci-Fi,EMEA,31701560,9470408,45036425,8,7
NFLX-1522,Shadow Heist 4,Action,UCAN,18857767,2934278,21964670,10,8
NFLX-1523,Rising Heist 2,Action,UCAN,8815791,1576059,7422356,8,6
NFLX-1524,Ultimate Protocol 4,Fantasy,UCAN,29642669,5667583,39041252,6,10
NFLX-1525,Global Rivalry 3,Action,UCAN,34840167,8678986,29429048,3,8
NFLX-1526,Secret Chronicles 2,Comedy,UCAN,35583211,8842203,33117486,2,6
NFLX-1527,Lost Protocol 1,Unscripted,EMEA,5169201,1127506,6171842,9,7
NFLX-1528,Wild Horizon 2,Fantasy,UCAN,14408618,2027938,16696685,5,4
NFLX-1529,Dark Legacy 1,Drama,LATAM,32624559,5201012,27206137,4,3
NFLX-1530,Ultimate Hearts 3,Action,APAC,27062277,6976563,22066704,8,1
NFLX-1531,Wild Vengeance 4,Fantasy,UCAN,3193080,403863,3065674,4,10
NFLX-1532,Silent Legacy 3,Sci-Fi,EMEA,34668386,5184735,52656534,4,3
NFLX-1533,Shadow Legacy 3,Documentary,EMEA,34784551,9401151,38636447,10,5
NFLX-1534,Lost Empire 3,Documentary,APAC,8497206,1710461,11219456,8,10
NFLX-1535,Wild Rivalry 4,Crime,LATAM,8062732,2135289,6718900,4,4
NFLX-1536,Royal Vengeance 3,Crime,EMEA,24722160,5849495,28950238,4,10
NFLX-1537,Rising Empire 1,Documentary,UCAN,15023938,4129546,21990083,4,8
NFLX-1538,Golden Horizon 3,Romance,APAC,11590228,2392589,17810183,10,5
NFLX-1539,Wild Empire 1,Animation,UCAN,518168,119940,768000,1,5
NFLX-1540,Global Odyssey 4,Unscripted,LATAM,7025174,1115285,5921029,4,7
NFLX-1541,Golden Protocol 1,Documentary,APAC,2002871,252959,2078931,2,5
NFLX-1542,Ultimate Odyssey 4,Crime,UCAN,2537935,730335,3817644,3,1
NFLX-1543,Secret Chronicles 2,Romance,EMEA,18623878,4122982,15235210,2,3
NFLX-1544,Dark Chronicles 4,Unscripted,UCAN,2993843,806784,3586440,7,3
NFLX-1545,Global Frontier 1,Sci-Fi,EMEA,19395749,3035158,26671029,5,1
NFLX-1546,Wild Odyssey 2,Crime,APAC,630767,80701,1007126,10,7
NFLX-1547,Shadow Vengeance 4,Crime,UCAN,19727837,4491019,21527564,8,8
NFLX-1548,Shadow Heist 3,Action,LATAM,22022566,4017396,30570756,3,10
NFLX-1549,Infinite Protocol 4,Action,EMEA,10407495,2657019,15105250,8,9
NFLX-1550,Infinite Protocol 4,Sci-Fi,EMEA,9736964,1797057,10381972,8,8
NFLX-1551,Shadow Rivalry 2,Drama,EMEA,34480766,10236944,52915526,3,10
NFLX-1552,Lost Hearts 2,Animation,LATAM,14311862,2738475,20891717,7,2
NFLX-1553,Shadow Hearts 1,Fantasy,UCAN,39118775,11274459,31421467,3,4
NFLX-1554,Wild Vengeance 3,Romance,UCAN,22343082,5886158,30955977,9,7
NFLX-1555,Shadow Rivalry 4,Crime,EMEA,27880312,8303624,37645133,4,8
NFLX-1556,Ultimate Vengeance 2,Drama,UCAN,33732505,4486328,30881583,5,4
NFLX-1557,Infinite Odyssey 2,Fantasy,UCAN,13318234,1672737,10905029,2,4
NFLX-1558,Ultimate Rivalry 1,Sci-Fi,EMEA,30873428,6049498,48187559,6,7
NFLX-1559,Global Vengeance 3,Action,APAC,25660182,5058501,24807204,10,8
NFLX-1560,Wild Frontier 1,Romance,UCAN,34054086,4276759,35951085,8,7
NFLX-1561,Shadow Chronicles 4,Animation,EMEA,33404043,6293125,53303187,8,2
NFLX-1562,Silent Odyssey 1,Sci-Fi,LATAM,6808610,1735034,7923512,4,10
NFLX-1563,Silent Legacy 3,Documentary,APAC,15032783,2060869,19406929,3,10
NFLX-1564,Wild Legacy 4,Sci-Fi,LATAM,31583482,7002341,32208611,9,1
NFLX-1565,Rising Frontier 1,Fantasy,APAC,12171484,2103355,18522678,3,1
NFLX-1566,Rising Frontier 3,Unscripted,UCAN,10888196,1457142,17147295,8,8
NFLX-1567,Dark Legacy 4,Comedy,APAC,3444379,551844,3588427,10,8
NFLX-1568,Dark Vengeance 4,Sci-Fi,UCAN,11534930,2921384,10512522,10,10
NFLX-1569,Global Kingdom 4,Action,APAC,1878255,528886,2567061,6,9
NFLX-1570,Secret Horizon 4,Drama,EMEA,29779001,5836861,37099431,2,2
NFLX-1571,Rising Rivalry 3,Romance,APAC,34531815,9779096,53020824,3,2
NFLX-1572,Global Heist 1,Animation,LATAM,13688035,4097837,15835437,6,9
NFLX-1573,Rising Kingdom 1,Comedy,APAC,8274550,1338861,10324431,3,5
NFLX-1574,Ultimate Vengeance 4,Drama,EMEA,4526128,553046,5468272,9,5
NFLX-1575,Royal Hearts 1,Documentary,LATAM,21943241,6032315,33717662,4,4
NFLX-1576,Wild Kingdom 4,Romance,LATAM,7146932,1569079,6703353,9,2
NFLX-1577,Ultimate Rivalry 2,Fantasy,LATAM,5063001,1509665,5985230,2,10
NFLX-1578,Ultimate Empire 4,Action,LATAM,18113959,4626790,20380253,1,6
NFLX-1579,Infinite Legacy 2,Action,APAC,30687468,8471225,39437975,3,8
NFLX-1580,Royal Hearts 4,Comedy,LATAM,35481065,9195196,36549121,7,10
NFLX-1581,Global Horizon 1,Fantasy,UCAN,10268620,1306073,14564337,5,7
NFLX-1582,Rising Kingdom 3,Documentary,EMEA,21179050,4332897,31436130,8,7
NFLX-1583,Golden Frontier 2,Romance,EMEA,6606080,1952366,8938946,9,9
NFLX-1584,Royal Rivalry 1,Documentary,EMEA,18703359,4245626,28051320,4,6
NFLX-1585,Lost Empire 2,Action,EMEA,13374603,2851210,19534786,7,5
NFLX-1586,Rising Frontier 4,Crime,LATAM,20298141,4942117,19323278,9,9
NFLX-1587,Lost Empire 4,Animation,LATAM,8365881,2323257,11542189,4,4
NFLX-1588,Royal Rivalry 3,Comedy,APAC,25665731,5317472,25576081,5,10
NFLX-1589,Silent Hearts 3,Comedy,EMEA,5335210,1568404,5346032,9,7
NFLX-1590,Global Chronicles 2,Documentary,APAC,31018464,6796640,48010403,5,9
NFLX-1591,Royal Horizon 2,Documentary,UCAN,29202950,6077739,38036555,2,8
NFLX-1592,Infinite Horizon 3,Sci-Fi,LATAM,12653732,3249761,11367268,1,1
NFLX-1593,Secret Odyssey 1,Fantasy,EMEA,9051153,2594373,12916868,7,4
NFLX-1594,Global Rivalry 1,Drama,UCAN,23156347,5778040,36621045,5,7
NFLX-1595,Dark Empire 2,Animation,EMEA,37585418,6109330,40699037,1,9
NFLX-1596,Royal Protocol 2,Comedy,APAC,14132575,1740275,17430680,3,2
NFLX-1597,Royal Vengeance 3,Romance,UCAN,6921221,1336850,6900141,4,8
NFLX-1598,Royal Heist 2,Crime,EMEA,7706613,1855822,6184824,7,10
NFLX-1599,Royal Horizon 4,Crime,LATAM,7235489,1400329,10692792,8,8
NFLX-1600,Ultimate Vengeance 4,Animation,APAC,2045288,345469,2521864,8,7
NFLX-1601,Shadow Protocol 3,Drama,APAC,34561730,9362061,44671390,10,4
NFLX-1602,Lost Heist 1,Animation,APAC,11799901,1855930,16879238,6,6
NFLX-1603,Infinite Odyssey 2,Documentary,LATAM,25964059,5310905,33243044,1,10
NFLX-1604,Dark Rivalry 1,Romance,UCAN,26596615,4912759,33440594,1,8
NFLX-1605,Infinite Vengeance 4,Unscripted,UCAN,29850890,4810179,29968519,6,5
NFLX-1606,Silent Heist 2,Crime,LATAM,2935602,544915,4648024,4,2
NFLX-1607,Golden Heist 1,Animation,UCAN,17303463,4979275,14939884,8,3
NFLX-1608,Rising Heist 4,Documentary,LATAM,15873880,2380973,17898934,2,4
NFLX-1609,Secret Frontier 1,Animation,LATAM,19843659,5745987,24573411,3,4
NFLX-1610,Global Empire 1,Sci-Fi,UCAN,18555245,2823579,26976205,2,8
NFLX-1611,Shadow Protocol 2,Comedy,LATAM,16985060,3033294,24280596,3,5
NFLX-1612,Shadow Legacy 1,Unscripted,LATAM,11707265,1733420,9818597,3,4
NFLX-1613,Royal Protocol 3,Romance,LATAM,31030785,4337412,29172537,4,3
NFLX-1614,Wild Frontier 1,Sci-Fi,APAC,9620380,1952351,7700716,8,7
NFLX-1615,Shadow Hearts 4,Fantasy,APAC,35373533,8100294,38314785,7,5
NFLX-1616,Shadow Horizon 2,Fantasy,APAC,8971812,1410734,12954138,10,6
NFLX-1617,Rising Chronicles 4,Unscripted,APAC,20600310,3638388,22637654,4,1
NFLX-1618,Dark Horizon 2,Romance,LATAM,20765007,3023733,23196352,4,8
NFLX-1619,Rising Kingdom 4,Romance,APAC,25435447,5173414,38303411,7,1
NFLX-1620,Dark Heist 1,Documentary,EMEA,4064778,1153139,4391765,7,2
NFLX-1621,Royal Odyssey 3,Fantasy,APAC,3219547,889732,4981224,8,2
NFLX-1622,Lost Protocol 2,Documentary,LATAM,1241967,181661,1979297,9,5
NFLX-1623,Global Legacy 2,Fantasy,EMEA,2119997,381869,2456412,10,8
NFLX-1624,Lost Frontier 3,Documentary,EMEA,3916938,882924,5644226,8,8
NFLX-1625,Infinite Hearts 1,Fantasy,UCAN,10789802,2028768,16684897,8,5
NFLX-1626,Ultimate Heist 2,Sci-Fi,APAC,19005928,2424025,21201483,5,1
NFLX-1627,Ultimate Empire 4,Animation,LATAM,28523926,7957319,41062397,7,9
NFLX-1628,Royal Odyssey 2,Drama,UCAN,11465013,1923730,17049305,8,2
NFLX-1629,Dark Kingdom 2,Romance,UCAN,5866664,1561143,7835127,6,10
NFLX-1630,Golden Protocol 4,Documentary,EMEA,22413263,5383561,27374827,10,9
NFLX-1631,Wild Odyssey 2,Crime,UCAN,29616748,5303401,35146691,9,5
NFLX-1632,Silent Vengeance 4,Drama,EMEA,17790080,2608647,15747733,4,4
NFLX-1633,Dark Kingdom 2,Sci-Fi,EMEA,28192138,5510787,39300371,6,5
NFLX-1634,Secret Empire 2,Animation,APAC,4950699,1419377,7029858,1,7
NFLX-1635,Infinite Horizon 2,Unscripted,APAC,2553230,476607,2724369,5,4
NFLX-1636,Silent Kingdom 4,Animation,LATAM,27700410,4496331,31691609,4,10
NFLX-1637,Ultimate Protocol 2,Animation,EMEA,25789817,3562057,38234921,2,1
NFLX-1638,Ultimate Hearts 4,Romance,UCAN,10693009,1287178,17038987,3,1
NFLX-1639,Ultimate Odyssey 3,Action,UCAN,3213200,564746,2995271,2,1
NFLX-1640,Royal Chronicles 1,Animation,UCAN,13401554,3772136,19186122,8,2
NFLX-1641,Rising Frontier 3,Animation,UCAN,19588771,3980841,17843270,5,3
NFLX-1642,Wild Vengeance 1,Romance,LATAM,19538585,5341617,16131583,3,8
NFLX-1643,Silent Protocol 3,Documentary,APAC,28549464,4634220,41270325,5,6
NFLX-1644,Dark Empire 4,Comedy,LATAM,2969448,670450,2564303,2,3
NFLX-1645,Secret Kingdom 2,Comedy,UCAN,19456593,4743335,27556243,10,4
NFLX-1646,Golden Kingdom 4,Unscripted,UCAN,37552161,6551285,51953578,4,8
NFLX-1647,Wild Legacy 3,Comedy,APAC,13350582,1719610,14366140,5,7
NFLX-1648,Ultimate Kingdom 4,Unscripted,EMEA,30672967,5485659,27799603,7,6
NFLX-1649,Royal Vengeance 2,Drama,LATAM,17317506,3595823,19614514,6,3
NFLX-1650,Global Heist 2,Fantasy,APAC,19147023,4781800,29215399,7,1
NFLX-1651,Global Rivalry 3,Action,EMEA,23127754,4785218,18552849,9,4
NFLX-1652,Dark Heist 3,Fantasy,EMEA,36126022,7773320,40192083,10,10
NFLX-1653,Royal Empire 4,Drama,APAC,37216815,11143541,38413507,8,1
NFLX-1654,Rising Protocol 1,Unscripted,UCAN,32344334,6310512,47340532,8,10
NFLX-1655,Royal Empire 3,Animation,LATAM,30650089,8596503,31010546,1,4
NFLX-1656,Wild Frontier 3,Unscripted,EMEA,787562,100255,964443,8,4
NFLX-1657,Infinite Legacy 4,Drama,UCAN,18863314,5317736,23168037,7,1
NFLX-1658,Shadow Vengeance 3,Animation,UCAN,33828650,5358952,53824586,9,5
NFLX-1659,Secret Empire 4,Fantasy,EMEA,12394154,1934061,15319801,7,2
NFLX-1660,Lost Rivalry 2,Romance,UCAN,7174643,1828772,6485174,5,3
NFLX-1661,Wild Odyssey 3,Unscripted,LATAM,29118534,4353317,28049145,2,5
NFLX-1662,Rising Hearts 1,Sci-Fi,LATAM,8649759,1043152,12822612,4,2
NFLX-1663,Rising Heist 1,Romance,EMEA,8649636,2338294,10382767,9,8
NFLX-1664,Shadow Chronicles 4,Animation,EMEA,6088027,831413,6605553,3,7
NFLX-1665,Dark Hearts 3,Drama,UCAN,4756915,863752,4423139,9,9
NFLX-1666,Dark Kingdom 3,Drama,EMEA,26624018,5267090,38182362,9,7
NFLX-1667,Dark Heist 2,Animation,APAC,39849582,5261822,55717186,4,8
NFLX-1668,Shadow Kingdom 4,Action,EMEA,13862252,1754244,21070296,4,1
NFLX-1669,Royal Protocol 1,Action,EMEA,28385993,3444322,39734319,6,8
NFLX-1670,Secret Heist 1,Animation,UCAN,9611390,2111096,11329366,9,6
NFLX-1671,Secret Frontier 1,Action,LATAM,21441869,4215799,26366320,1,2
NFLX-1672,Global Odyssey 2,Documentary,APAC,10770123,2939733,11034362,2,9
NFLX-1673,Lost Chronicles 4,Documentary,EMEA,27804642,8247571,22749362,6,3
NFLX-1674,Golden Chronicles 2,Fantasy,UCAN,24829121,7335392,22115281,6,6
NFLX-1675,Secret Heist 2,Animation,UCAN,16037002,2823601,13459261,9,9
NFLX-1676,Secret Vengeance 3,Fantasy,EMEA,7240126,1849232,10977918,1,5
NFLX-1677,Infinite Chronicles 3,Documentary,UCAN,9686642,2817041,8282059,10,1
NFLX-1678,Secret Kingdom 1,Romance,EMEA,27745439,4649325,34225983,10,9
NFLX-1679,Dark Chronicles 3,Comedy,LATAM,38685965,5365638,52634498,1,8
NFLX-1680,Dark Vengeance 2,Comedy,LATAM,27874409,5968901,22417413,5,10
NFLX-1681,Golden Empire 4,Fantasy,LATAM,4484364,1033136,5129119,7,4
NFLX-1682,Shadow Odyssey 3,Comedy,APAC,28118184,4830121,42981371,4,10
NFLX-1683,Secret Vengeance 4,Documentary,APAC,597484,115313,945370,4,5
NFLX-1684,Golden Heist 2,Animation,UCAN,17195352,2187886,15578281,4,1
NFLX-1685,Golden Chronicles 4,Comedy,LATAM,19058893,4258203,29875193,4,2
NFLX-1686,Golden Legacy 4,Sci-Fi,EMEA,14346803,2101200,16608714,2,6
NFLX-1687,Lost Horizon 4,Fantasy,EMEA,30256860,8302365,40256624,3,4
NFLX-1688,Infinite Protocol 2,Crime,APAC,33310430,6620153,51941433,5,1
NFLX-1689,Infinite Kingdom 2,Drama,UCAN,31286031,4902245,38150987,2,5
NFLX-1690,Ultimate Odyssey 3,Comedy,APAC,1423929,366339,1678224,2,10
NFLX-1691,Silent Protocol 3,Crime,APAC,13983781,2371800,18888518,8,7
NFLX-1692,Rising Heist 4,Crime,APAC,9458143,1534070,7696248,8,7
NFLX-1693,Dark Hearts 2,Sci-Fi,EMEA,25386253,6198901,30910875,5,9
NFLX-1694,Rising Vengeance 4,Drama,UCAN,38561185,5370857,60376146,5,5
NFLX-1695,Dark Rivalry 2,Romance,UCAN,10505683,1879758,16461325,9,7
NFLX-1696,Royal Protocol 1,Romance,LATAM,13074313,2289846,11593947,7,5
NFLX-1697,Golden Odyssey 2,Unscripted,EMEA,6948486,1615046,7670692,4,6
NFLX-1698,Global Protocol 3,Romance,LATAM,36234529,5832454,38652942,9,1
NFLX-1699,Golden Chronicles 1,Animation,LATAM,16022577,2049252,18082891,8,7
NFLX-1700,Shadow Vengeance 1,Sci-Fi,APAC,9608098,1523998,9383131,6,2
NFLX-1701,Global Odyssey 1,Animation,APAC,8571683,2020718,13655140,8,4
NFLX-1702,Secret Protocol 2,Animation,UCAN,6775360,1777840,9785873,9,4
NFLX-1703,Global Kingdom 3,Fantasy,LATAM,926584,192839,1427849,4,7
NFLX-1704,Lost Chronicles 1,Fantasy,LATAM,39132881,7704443,39999125,6,6
NFLX-1705,Silent Hearts 2,Drama,UCAN,38866421,6589662,31757329,3,3
NFLX-1706,Dark Vengeance 1,Comedy,LATAM,14530512,2515231,13921912,1,8
NFLX-1707,Dark Frontier 2,Drama,UCAN,14201187,3638146,15526355,5,7
NFLX-1708,Ultimate Vengeance 1,Comedy,APAC,25872931,4849011,20856124,9,3
NFLX-1709,Wild Horizon 1,Sci-Fi,LATAM,14712662,2864695,12631856,7,4
NFLX-1710,Golden Heist 3,Fantasy,EMEA,30904017,9255727,28614577,9,10
NFLX-1711,Dark Kingdom 4,Comedy,APAC,19235143,4407360,20246606,1,4
NFLX-1712,Infinite Odyssey 4,Fantasy,APAC,6608567,930238,9911395,3,1
NFLX-1713,Dark Vengeance 1,Fantasy,APAC,26981630,6057894,41213532,3,1
NFLX-1714,Shadow Heist 2,Comedy,LATAM,3906323,895494,4713888,2,4
NFLX-1715,Shadow Hearts 1,Action,UCAN,17925368,3922130,18085121,3,1
NFLX-1716,Infinite Kingdom 2,Comedy,LATAM,6498397,1510690,7891419,2,7
NFLX-1717,Golden Rivalry 1,Action,APAC,11548443,3449466,15533477,6,1
NFLX-1718,Global Legacy 1,Drama,UCAN,6112569,1567021,6467081,10,2
NFLX-1719,Secret Vengeance 2,Romance,UCAN,29959385,6501954,42749638,6,1
NFLX-1720,Wild Vengeance 1,Comedy,EMEA,21494607,3024900,23713625,9,5
NFLX-1721,Rising Odyssey 2,Sci-Fi,LATAM,39180543,6727028,48270847,9,2
NFLX-1722,Ultimate Heist 3,Fantasy,UCAN,21579809,2746440,23814532,7,8
NFLX-1723,Global Legacy 1,Drama,EMEA,16982798,3984168,18720419,2,6
NFLX-1724,Golden Hearts 3,Fantasy,LATAM,27691394,3935767,30520815,7,3
NFLX-1725,Rising Hearts 2,Action,EMEA,3788194,1014796,4140376,10,7
NFLX-1726,Golden Legacy 1,Romance,UCAN,27795316,5387650,26859536,10,9
NFLX-1727,Silent Frontier 3,Drama,LATAM,8940059,1503770,7613458,1,2
NFLX-1728,Infinite Odyssey 1,Fantasy,UCAN,18056203,3007424,23481418,3,9
NFLX-1729,Silent Kingdom 2,Fantasy,LATAM,25873050,3978838,35563674,2,7
NFLX-1730,Rising Empire 2,Sci-Fi,LATAM,27349091,4734871,35424176,3,9
NFLX-1731,Royal Rivalry 3,Unscripted,EMEA,11142987,3101096,9099001,3,6
NFLX-1732,Golden Vengeance 4,Crime,UCAN,21275899,3517607,33373777,8,1
NFLX-1733,Infinite Odyssey 4,Comedy,EMEA,25576230,7057229,35963412,1,3
NFLX-1734,Infinite Empire 3,Action,LATAM,20218805,5576027,19275347,1,2
NFLX-1735,Silent Horizon 3,Unscripted,EMEA,20001887,5856450,24209966,9,9
NFLX-1736,Global Empire 1,Action,LATAM,37818589,8069520,51354805,5,6
NFLX-1737,Golden Heist 4,Animation,UCAN,23312249,5679538,19349930,1,5
NFLX-1738,Dark Empire 2,Crime,EMEA,13541192,2253106,19808332,6,2
NFLX-1739,Infinite Vengeance 2,Comedy,UCAN,6543665,1491785,5730025,9,8
NFLX-1740,Golden Chronicles 1,Animation,LATAM,16679700,3895664,21260849,4,8
NFLX-1741,Dark Heist 4,Action,LATAM,3131415,857589,4715617,2,2
NFLX-1742,Royal Hearts 4,Action,APAC,6895997,1449007,8063975,7,9
NFLX-1743,Golden Hearts 1,Drama,LATAM,14505858,4344611,21124577,1,10
NFLX-1744,Secret Protocol 4,Sci-Fi,LATAM,35656303,5847257,54891494,7,6
NFLX-1745,Silent Rivalry 4,Documentary,EMEA,8532994,2418494,13382250,1,10
NFLX-1746,Wild Empire 4,Action,EMEA,9487641,1268738,14314071,10,2
NFLX-1747,Secret Hearts 3,Sci-Fi,EMEA,15656140,3372018,15422544,6,1
NFLX-1748,Royal Heist 4,Crime,LATAM,11081598,2539706,17212825,9,3
NFLX-1749,Secret Empire 4,Documentary,EMEA,23162306,3163981,26280304,1,5
NFLX-1750,Ultimate Hearts 4,Drama,EMEA,1926345,348184,2740061,8,7
NFLX-1751,Infinite Horizon 1,Fantasy,UCAN,8319031,1636959,11622304,1,1
NFLX-1752,Dark Legacy 2,Action,APAC,27197940,3696427,41004476,1,7
NFLX-1753,Ultimate Rivalry 4,Sci-Fi,EMEA,14784353,2241181,13009588,4,5
NFLX-1754,Lost Protocol 1,Unscripted,LATAM,29775601,6174551,37446784,8,7
NFLX-1755,Shadow Rivalry 2,Animation,LATAM,35698071,6149783,52301716,1,2
NFLX-1756,Dark Odyssey 1,Fantasy,APAC,13523762,2200811,14525702,9,9
NFLX-1757,Ultimate Horizon 1,Crime,LATAM,25619022,3646731,33089703,2,6
NFLX-1758,Silent Vengeance 1,Animation,UCAN,34551002,7656609,37819328,2,5
NFLX-1759,Rising Frontier 2,Drama,APAC,17629135,2640988,22324113,10,10
NFLX-1760,Royal Rivalry 4,Animation,APAC,20391850,4802584,29858271,10,8
NFLX-1761,Secret Hearts 3,Comedy,EMEA,39374794,11471780,43598885,4,3
NFLX-1762,Lost Frontier 1,Documentary,UCAN,34083851,7583884,51462208,4,3
NFLX-1763,Dark Chronicles 2,Crime,EMEA,9981960,1970213,14184515,10,9
NFLX-1764,Global Horizon 1,Fantasy,APAC,10901928,1539232,12192662,7,1
NFLX-1765,Wild Kingdom 2,Crime,EMEA,38192341,9563065,59367137,9,10
NFLX-1766,Dark Protocol 3,Crime,LATAM,38158359,10320875,53635762,5,1
NFLX-1767,Lost Horizon 1,Comedy,APAC,23406921,6198745,19286177,3,7
NFLX-1768,Royal Protocol 2,Unscripted,EMEA,6774503,1279284,9666407,7,6
NFLX-1769,Infinite Rivalry 1,Crime,UCAN,38201361,7513126,45289366,3,4
NFLX-1770,Shadow Protocol 3,Sci-Fi,EMEA,13387646,2567224,19034218,3,4
NFLX-1771,Royal Odyssey 3,Drama,UCAN,11522326,1846709,13627845,1,9
NFLX-1772,Infinite Frontier 4,Unscripted,UCAN,4201114,1244945,3753389,7,9
NFLX-1773,Dark Chronicles 1,Crime,EMEA,2210291,291581,1852959,9,1
NFLX-1774,Royal Rivalry 3,Sci-Fi,EMEA,5409872,962149,8040527,8,7
NFLX-1775,Ultimate Rivalry 2,Animation,APAC,28090800,3625225,36562483,6,4
NFLX-1776,Wild Odyssey 3,Drama,APAC,30071490,5132306,34707189,3,1
NFLX-1777,Golden Kingdom 2,Unscripted,APAC,9226083,1679323,11782165,9,2
NFLX-1778,Golden Kingdom 4,Unscripted,UCAN,11302635,3253433,14154709,2,5
NFLX-1779,Global Horizon 3,Sci-Fi,LATAM,13817032,2235324,13293824,3,6
NFLX-1780,Lost Vengeance 2,Crime,EMEA,27431612,5981281,24331034,2,8
NFLX-1781,Global Empire 2,Sci-Fi,UCAN,11464435,1608134,9175807,7,4
NFLX-1782,Shadow Rivalry 3,Comedy,APAC,33769090,9987477,41768657,7,2
NFLX-1783,Dark Empire 4,Sci-Fi,EMEA,21109014,2719963,21355544,3,10
NFLX-1784,Lost Legacy 2,Unscripted,EMEA,34743547,9281496,28990050,7,5
NFLX-1785,Rising Legacy 2,Romance,LATAM,17285667,3313744,25333879,9,2
NFLX-1786,Ultimate Kingdom 4,Fantasy,LATAM,13025757,3518418,11204011,2,8
NFLX-1787,Royal Hearts 2,Sci-Fi,LATAM,18022014,5321217,21906471,3,10
NFLX-1788,Shadow Protocol 4,Animation,APAC,16194381,4469406,22774202,4,9
NFLX-1789,Dark Chronicles 2,Fantasy,EMEA,27908949,4499020,22978151,8,1
NFLX-1790,Silent Vengeance 4,Unscripted,UCAN,30938817,4052861,36590008,8,4
NFLX-1791,Infinite Hearts 2,Drama,EMEA,651093,94964,716784,3,3
NFLX-1792,Dark Rivalry 3,Action,LATAM,6284054,1521837,10015026,6,1
NFLX-1793,Lost Hearts 4,Sci-Fi,EMEA,27674706,6969823,34746850,9,3
NFLX-1794,Secret Frontier 2,Action,APAC,31150344,9092175,43734161,9,10
NFLX-1795,Shadow Rivalry 3,Crime,APAC,36863450,8051371,38007812,1,3
NFLX-1796,Ultimate Legacy 3,Drama,LATAM,36891950,9202844,42297384,5,9
NFLX-1797,Rising Rivalry 2,Documentary,EMEA,34873538,4599230,43341973,2,5
NFLX-1798,Lost Kingdom 4,Drama,APAC,6651581,1012554,7220625,9,7
NFLX-1799,Silent Horizon 4,Crime,LATAM,2259452,454965,3495651,7,2
NFLX-1800,Royal Chronicles 4,Romance,APAC,26301640,7213600,32445214,10,7
NFLX-1801,Shadow Kingdom 2,Comedy,EMEA,35136016,7340029,44322096,1,9
NFLX-1802,Lost Rivalry 1,Unscripted,LATAM,16437122,4030222,17997740,1,6
NFLX-1803,Infinite Horizon 3,Romance,UCAN,2555822,383949,3420735,9,3
NFLX-1804,Golden Protocol 3,Documentary,EMEA,12751128,2432548,19730900,10,7
NFLX-1805,Dark Heist 3,Animation,EMEA,12961370,3034397,16987702,3,9
NFLX-1806,Golden Frontier 3,Unscripted,LATAM,13557224,3826841,16769549,10,2
NFLX-1807,Lost Horizon 2,Documentary,UCAN,22503699,5785018,21362343,8,3
NFLX-1808,Lost Horizon 2,Animation,LATAM,27588587,4411342,42951341,4,6
NFLX-1809,Shadow Frontier 3,Sci-Fi,LATAM,34355163,8517014,30403237,6,6
NFLX-1810,Global Rivalry 4,Fantasy,EMEA,26422750,5827888,41210550,1,10
NFLX-1811,Lost Kingdom 3,Documentary,LATAM,1010183,235436,965055,2,9
NFLX-1812,Royal Chronicles 1,Romance,APAC,11560540,2472541,9682089,6,10
NFLX-1813,Dark Odyssey 1,Sci-Fi,EMEA,14605334,1984533,16294069,5,8
NFLX-1814,Secret Protocol 3,Crime,UCAN,15035502,2795097,20796294,4,7
NFLX-1815,Silent Vengeance 1,Crime,APAC,30519597,3913912,45207075,10,5
NFLX-1816,Ultimate Vengeance 1,Documentary,UCAN,2861707,434746,4066677,7,10
NFLX-1817,Shadow Chronicles 4,Fantasy,UCAN,9333834,1131361,13125347,6,3
NFLX-1818,Dark Hearts 3,Unscripted,LATAM,9683832,2133669,14991919,7,7
NFLX-1819,Global Protocol 4,Romance,APAC,19259483,2892122,20009064,8,6
NFLX-1820,Shadow Protocol 3,Fantasy,EMEA,39981568,7415291,45481900,6,10
NFLX-1821,Rising Heist 2,Documentary,UCAN,6068550,1195864,8798998,6,1
NFLX-1822,Ultimate Legacy 1,Drama,LATAM,21091769,3402591,23158823,4,2
NFLX-1823,Dark Heist 1,Action,EMEA,5146790,917753,4975273,8,1
NFLX-1824,Shadow Empire 4,Fantasy,LATAM,7235675,1238641,7431961,9,9
NFLX-1825,Royal Horizon 4,Animation,APAC,10168533,2776635,12198859,4,7
NFLX-1826,Silent Rivalry 4,Documentary,APAC,10546511,1511869,14738960,9,3
NFLX-1827,Lost Odyssey 2,Sci-Fi,LATAM,12101371,3211597,16531109,2,3
NFLX-1828,Dark Chronicles 2,Crime,LATAM,975418,226621,1269535,1,7
NFLX-1829,Golden Legacy 1,Fantasy,LATAM,28374874,4222951,28656134,9,8
NFLX-1830,Lost Legacy 2,Romance,APAC,35308112,8464354,48193219,3,3
NFLX-1831,Lost Kingdom 4,Action,EMEA,24873093,4174039,31082238,3,7
NFLX-1832,Ultimate Frontier 1,Action,LATAM,6555505,1701764,7923917,8,7
NFLX-1833,Wild Hearts 2,Sci-Fi,APAC,4063243,620446,5036386,8,2
NFLX-1834,Wild Kingdom 2,Sci-Fi,APAC,14933004,3907938,14315628,4,10
NFLX-1835,Wild Frontier 2,Drama,EMEA,12699670,2842143,11912736,10,10
NFLX-1836,Dark Vengeance 4,Comedy,UCAN,29162199,6949482,41979637,10,2
NFLX-1837,Wild Odyssey 2,Fantasy,LATAM,16368207,2922026,24836548,6,4
NFLX-1838,Royal Hearts 2,Action,EMEA,18403186,3828572,20874739,8,8
NFLX-1839,Dark Heist 4,Documentary,LATAM,1812670,302692,2278227,5,10
NFLX-1840,Silent Frontier 1,Comedy,APAC,39575195,6079662,45552505,3,8
NFLX-1841,Secret Heist 1,Action,LATAM,31941241,9068738,44966767,2,4
NFLX-1842,Silent Vengeance 3,Comedy,LATAM,9269003,2467573,8521844,2,3
NFLX-1843,Lost Horizon 1,Fantasy,LATAM,12127706,1552392,10067520,9,8
NFLX-1844,Royal Rivalry 4,Fantasy,APAC,23941993,5860940,32246939,6,9
NFLX-1845,Lost Heist 2,Fantasy,APAC,4585655,1311765,6598544,1,4
NFLX-1846,Global Odyssey 3,Crime,APAC,6003589,1644583,8715639,10,6
NFLX-1847,Secret Kingdom 1,Action,LATAM,14596311,3250494,21859512,2,1
NFLX-1848,Ultimate Rivalry 2,Animation,EMEA,2112622,329127,1846389,5,9
NFLX-1849,Dark Legacy 2,Drama,APAC,32047649,7807423,27757053,8,2
NFLX-1850,Royal Chronicles 2,Unscripted,UCAN,10628856,1496550,14725263,3,2
NFLX-1851,Wild Vengeance 4,Unscripted,APAC,9870749,2260902,8319094,2,2
NFLX-1852,Secret Horizon 4,Sci-Fi,LATAM,12627040,2918758,10524396,1,8
NFLX-1853,Ultimate Vengeance 3,Fantasy,APAC,17188219,3989992,16472519,4,1
NFLX-1854,Rising Frontier 2,Unscripted,APAC,23136704,2832247,22366749,3,8
NFLX-1855,Wild Rivalry 3,Fantasy,UCAN,10541618,1800172,14879367,2,2
NFLX-1856,Rising Legacy 4,Fantasy,LATAM,23126130,5174640,34408792,6,3
NFLX-1857,Ultimate Frontier 3,Unscripted,LATAM,1648561,373320,2426670,6,6
NFLX-1858,Golden Horizon 1,Drama,LATAM,38676225,5533662,49388077,10,8
NFLX-1859,Global Chronicles 2,Romance,UCAN,10021339,1967140,10225469,6,9
NFLX-1860,Lost Hearts 3,Unscripted,EMEA,9246540,1154593,8965538,2,3
NFLX-1861,Global Heist 4,Drama,APAC,8761963,1306861,9545791,4,9
NFLX-1862,Silent Odyssey 1,Comedy,UCAN,30236915,8875106,41577958,7,7
NFLX-1863,Royal Legacy 4,Crime,LATAM,8988115,1937734,13374393,2,6
NFLX-1864,Lost Odyssey 2,Drama,LATAM,19656614,2566300,16234523,1,10
NFLX-1865,Lost Horizon 4,Animation,APAC,25234052,6602013,28730262,10,2
NFLX-1866,Lost Kingdom 3,Action,EMEA,29032682,8426405,42817522,5,8
NFLX-1867,Secret Heist 3,Romance,APAC,683343,150259,607114,2,9
NFLX-1868,Secret Legacy 2,Drama,APAC,37667798,7566656,37060621,5,2
NFLX-1869,Silent Heist 4,Fantasy,UCAN,37032229,5093305,30014740,6,8
NFLX-1870,Secret Heist 1,Sci-Fi,EMEA,4580382,710817,5362547,1,7
NFLX-1871,Silent Chronicles 2,Drama,APAC,15880613,4674927,16924150,5,6
NFLX-1872,Shadow Odyssey 4,Documentary,LATAM,27384960,6756736,25741437,1,1
NFLX-1873,Royal Horizon 2,Action,EMEA,30485571,6015025,34775705,5,8
NFLX-1874,Global Empire 1,Fantasy,UCAN,22898436,5513694,21963534,4,10
NFLX-1875,Infinite Heist 4,Documentary,APAC,26915664,3951338,30938131,6,10
NFLX-1876,Secret Hearts 2,Comedy,APAC,1773766,525687,1464541,7,7
NFLX-1877,Infinite Chronicles 3,Action,UCAN,5050735,652069,7253273,10,8
NFLX-1878,Wild Kingdom 1,Documentary,UCAN,1818545,304215,2544541,4,9
NFLX-1879,Shadow Chronicles 3,Animation,UCAN,21642444,6482935,21630160,2,6
NFLX-1880,Ultimate Legacy 3,Animation,UCAN,20473534,4660349,26969115,8,7
NFLX-1881,Royal Hearts 4,Crime,UCAN,13832100,2752907,16191831,2,7
NFLX-1882,Infinite Frontier 3,Sci-Fi,APAC,26135855,3834631,40885928,8,5
NFLX-1883,Global Kingdom 4,Animation,EMEA,17159225,2597137,16929962,6,7
NFLX-1884,Ultimate Empire 3,Animation,UCAN,30435115,4019237,43997328,5,3
NFLX-1885,Infinite Rivalry 2,Drama,LATAM,31857856,6465026,26785595,9,3
NFLX-1886,Secret Chronicles 4,Drama,LATAM,2340756,559157,3053890,5,2
NFLX-1887,Shadow Chronicles 2,Action,APAC,10338554,1396016,15693485,8,1
NFLX-1888,Golden Hearts 3,Fantasy,UCAN,5238515,1503734,8258029,5,5
NFLX-1889,Shadow Heist 2,Sci-Fi,APAC,24394168,6165386,29701290,4,10
NFLX-1890,Silent Hearts 3,Romance,UCAN,36678372,9761459,34406514,5,9
NFLX-1891,Global Horizon 4,Action,APAC,6787903,1034268,9931031,4,7
NFLX-1892,Royal Chronicles 3,Animation,APAC,6640709,1595344,9374606,3,9
NFLX-1893,Silent Rivalry 3,Comedy,APAC,38060086,5597826,57967387,7,10
NFLX-1894,Wild Kingdom 1,Documentary,UCAN,24299571,3431695,23897894,2,10
NFLX-1895,Infinite Chronicles 3,Unscripted,UCAN,33675634,7934613,51175836,3,8
NFLX-1896,Rising Rivalry 2,Action,APAC,24259395,6976561,21484292,10,7
NFLX-1897,Ultimate Odyssey 1,Animation,APAC,19494491,3659830,28619263,9,4
NFLX-1898,Golden Odyssey 4,Drama,EMEA,30904326,4552333,37374470,8,1
NFLX-1899,Ultimate Hearts 3,Sci-Fi,APAC,10052255,2895201,9326942,10,4
NFLX-1900,Wild Horizon 3,Fantasy,LATAM,523038,116792,628705,4,5
NFLX-1901,Shadow Horizon 2,Animation,UCAN,29753306,4954987,27074541,8,3
NFLX-1902,Shadow Kingdom 1,Unscripted,UCAN,4755371,633860,4143571,2,10
NFLX-1903,Golden Empire 3,Animation,LATAM,14228532,1983925,19518526,4,8
NFLX-1904,Golden Horizon 1,Action,LATAM,17184966,2849477,14350008,9,9
NFLX-1905,Secret Horizon 3,Drama,LATAM,24680409,4198507,37641159,5,8
NFLX-1906,Ultimate Odyssey 1,Animation,UCAN,29284181,3680489,30874515,4,5
NFLX-1907,Rising Legacy 4,Unscripted,UCAN,32044267,6638390,45005673,2,9
NFLX-1908,Ultimate Vengeance 3,Animation,UCAN,37188709,10537776,45847484,1,7
NFLX-1909,Silent Hearts 2,Sci-Fi,EMEA,5843171,1136297,6744659,2,4
NFLX-1910,Lost Frontier 2,Unscripted,APAC,18285624,4223325,22614416,9,10
NFLX-1911,Dark Vengeance 4,Animation,APAC,21412181,4038535,33065714,5,2
NFLX-1912,Lost Protocol 3,Action,UCAN,7925326,1143293,7127193,10,3
NFLX-1913,Global Rivalry 4,Action,LATAM,26101354,3341179,39447578,2,2
NFLX-1914,Silent Chronicles 4,Drama,LATAM,36592319,8048227,51308471,7,4
NFLX-1915,Infinite Protocol 2,Unscripted,LATAM,7211444,1202745,8738353,6,10
NFLX-1916,Global Horizon 4,Drama,UCAN,2162501,513029,2757824,5,3
NFLX-1917,Rising Hearts 3,Comedy,UCAN,20184194,6050317,31011132,5,9
NFLX-1918,Royal Horizon 4,Romance,APAC,3855600,765123,4092717,3,1
NFLX-1919,Rising Protocol 4,Action,APAC,30235673,8485443,32410627,10,8
NFLX-1920,Rising Protocol 2,Crime,UCAN,29031431,7962355,26264290,6,5
NFLX-1921,Infinite Horizon 2,Comedy,APAC,23082624,2995077,31403419,7,6
NFLX-1922,Royal Frontier 3,Crime,UCAN,1114455,269194,1511016,3,3
NFLX-1923,Secret Heist 2,Documentary,LATAM,30828263,8590103,35222695,8,5
NFLX-1924,Infinite Heist 3,Animation,UCAN,26682088,3581582,21937989,5,2
NFLX-1925,Secret Protocol 3,Fantasy,APAC,4524425,1279501,3641689,9,1
NFLX-1926,Secret Kingdom 4,Romance,APAC,38002404,10543059,34288874,3,10
NFLX-1927,Royal Protocol 4,Drama,EMEA,30438295,7587965,27635780,5,3
NFLX-1928,Wild Horizon 1,Comedy,UCAN,11547722,2484805,9732154,4,8
NFLX-1929,Lost Empire 4,Action,APAC,36221373,7959261,30370713,3,6
NFLX-1930,Rising Hearts 2,Documentary,LATAM,8781629,2151928,11744544,4,9
NFLX-1931,Lost Odyssey 3,Documentary,UCAN,2609602,514777,3498579,5,6
NFLX-1932,Rising Rivalry 4,Action,LATAM,13707650,1834175,20238083,3,4
NFLX-1933,Ultimate Vengeance 4,Documentary,APAC,6195313,1748383,7190280,7,4
NFLX-1934,Dark Rivalry 3,Comedy,APAC,11889786,3283599,9803890,9,9
NFLX-1935,Infinite Rivalry 2,Sci-Fi,APAC,24231720,5764965,33230736,1,2
NFLX-1936,Royal Horizon 2,Drama,EMEA,22575548,3498874,30969284,7,10
NFLX-1937,Dark Protocol 2,Documentary,LATAM,22714649,6328241,33577165,1,1
NFLX-1938,Golden Rivalry 1,Fantasy,UCAN,27097861,5715702,31228476,9,2
NFLX-1939,Infinite Protocol 2,Documentary,EMEA,17572045,5130897,26945532,5,5
NFLX-1940,Infinite Legacy 2,Fantasy,EMEA,4926325,1140529,5813502,8,9
NFLX-1941,Secret Legacy 3,Crime,UCAN,10370610,3037158,12748639,9,5
NFLX-1942,Shadow Vengeance 4,Animation,APAC,39847661,10350590,48700019,10,1
NFLX-1943,Rising Protocol 4,Animation,LATAM,32668048,8858079,28869515,3,5
NFLX-1944,Infinite Empire 1,Sci-Fi,APAC,17453929,2509808,16407105,4,9
NFLX-1945,Wild Empire 4,Comedy,LATAM,16489838,2285105,20685026,2,9
NFLX-1946,Silent Legacy 4,Comedy,LATAM,12069734,2566545,14648612,1,10
NFLX-1947,Shadow Empire 2,Comedy,UCAN,3505275,430035,5093064,4,3
NFLX-1948,Global Legacy 1,Fantasy,APAC,31457931,4423947,36087796,1,9
NFLX-1949,Wild Frontier 4,Unscripted,UCAN,1251893,334517,1550084,4,6
NFLX-1950,Infinite Chronicles 3,Drama,LATAM,37613384,6675564,38797844,4,2
NFLX-1951,Royal Hearts 1,Romance,EMEA,28762237,7419454,41027337,9,3
NFLX-1952,Dark Protocol 3,Unscripted,EMEA,7053727,1098547,5839747,1,8
NFLX-1953,Infinite Heist 1,Action,EMEA,22607268,5106953,35312496,8,2
NFLX-1954,Lost Legacy 1,Unscripted,APAC,26668031,3641918,30339297,1,7
NFLX-1955,Lost Odyssey 1,Sci-Fi,LATAM,19437620,3896538,15574752,6,2
NFLX-1956,Infinite Frontier 3,Animation,APAC,3315731,406866,4039336,9,4
NFLX-1957,Infinite Horizon 2,Documentary,LATAM,25861825,5745055,31743752,10,7
NFLX-1958,Ultimate Horizon 4,Drama,LATAM,36734465,8080691,42125586,10,2
NFLX-1959,Silent Hearts 4,Animation,UCAN,24933288,6595182,20557692,7,3
NFLX-1960,Lost Kingdom 1,Animation,APAC,25803703,5858634,21125463,3,1
NFLX-1961,Secret Heist 4,Action,APAC,35529258,9578214,44832586,3,7
NFLX-1962,Global Odyssey 1,Fantasy,UCAN,38862088,5637180,42547574,2,8
NFLX-1963,Lost Protocol 3,Sci-Fi,APAC,33159058,8193336,38648026,3,8
NFLX-1964,Rising Horizon 2,Sci-Fi,UCAN,36860298,9961916,49333064,9,3
NFLX-1965,Rising Chronicles 4,Comedy,APAC,18369153,2670220,17296778,8,6
NFLX-1966,Shadow Frontier 1,Romance,UCAN,18239141,3391740,25111738,3,2
NFLX-1967,Shadow Protocol 3,Action,APAC,3544825,922754,3740387,3,1
NFLX-1968,Royal Heist 2,Action,APAC,504084,62128,689710,1,2
NFLX-1969,Wild Horizon 2,Action,APAC,18962251,3843353,29590807,4,3
NFLX-1970,Rising Kingdom 2,Fantasy,LATAM,38080293,10652442,49078690,5,1
NFLX-1971,Global Chronicles 4,Fantasy,LATAM,11299008,2814287,15265839,4,2
NFLX-1972,Ultimate Horizon 1,Unscripted,EMEA,919228,120055,1089447,6,9
NFLX-1973,Wild Vengeance 1,Sci-Fi,UCAN,39044710,4692573,42849273,3,8
NFLX-1974,Secret Rivalry 1,Action,LATAM,29182575,8125016,25234075,6,4
NFLX-1975,Silent Legacy 2,Crime,UCAN,2703052,718306,3162301,10,6
NFLX-1976,Wild Legacy 1,Romance,EMEA,6313218,1409870,9481223,5,9
NFLX-1977,Golden Protocol 3,Crime,LATAM,38583406,7499718,46976160,9,10
NFLX-1978,Dark Horizon 3,Comedy,EMEA,19225288,4957786,30092188,7,2
NFLX-1979,Royal Vengeance 2,Romance,LATAM,21361100,2881092,30946881,2,1
NFLX-1980,Rising Protocol 1,Comedy,EMEA,38180307,7353172,50825253,3,2
NFLX-1981,Silent Odyssey 2,Action,APAC,17682122,4926868,21558296,4,6
NFLX-1982,Ultimate Horizon 1,Unscripted,EMEA,37119295,9434230,42625473,8,4
NFLX-1983,Royal Hearts 2,Documentary,EMEA,36869113,8055504,44342624,3,6
NFLX-1984,Dark Horizon 3,Unscripted,LATAM,36751679,6619662,30795932,8,8
NFLX-1985,Rising Vengeance 1,Unscripted,EMEA,30630916,5618906,39694594,6,7
NFLX-1986,Ultimate Empire 2,Drama,UCAN,36795302,10391596,57015566,6,2
NFLX-1987,Global Kingdom 3,Drama,UCAN,16174684,2183586,14230226,2,8
NFLX-1988,Shadow Horizon 1,Animation,UCAN,10051216,1739742,10682705,8,7
NFLX-1989,Global Rivalry 2,Comedy,UCAN,27754446,5183720,38125433,4,6
NFLX-1990,Rising Vengeance 1,Comedy,UCAN,6049433,924373,8066853,6,10
NFLX-1991,Lost Legacy 1,Comedy,APAC,3907379,546950,3372661,4,3
NFLX-1992,Lost Rivalry 3,Romance,EMEA,2646854,338502,3045071,8,2
NFLX-1993,Silent Vengeance 2,Comedy,APAC,37459840,6881215,31451805,10,6
NFLX-1994,Wild Legacy 2,Sci-Fi,UCAN,1152482,198010,1827898,10,4
NFLX-1995,Rising Vengeance 1,Crime,UCAN,701608,100112,717006,1,4
NFLX-1996,Infinite Legacy 3,Sci-Fi,UCAN,36924078,8507956,38397847,2,4
NFLX-1997,Wild Protocol 2,Fantasy,EMEA,23726926,3887741,33406851,6,10
NFLX-1998,Lost Heist 1,Action,APAC,5242025,1013599,4333090,8,10
NFLX-1999,Royal Legacy 1,Unscripted,APAC,37241970,8134106,31545134,8,8
NFLX-2000,Rising Legacy 2,Romance,EMEA,8909169,2602858,12235185,4,10
NFLX-2001,Rising Odyssey 3,Crime,UCAN,686501,139034,764833,3,6
NFLX-2002,Lost Legacy 2,Comedy,EMEA,1241834,196523,1065869,7,6
NFLX-2003,Rising Heist 4,Comedy,EMEA,7597961,1260188,8870640,10,1
NFLX-2004,Wild Heist 2,Crime,LATAM,21150422,2900670,22521476,1,1
NFLX-2005,Royal Legacy 4,Drama,EMEA,16893708,4351396,13590901,9,9
NFLX-2006,Infinite Hearts 3,Crime,UCAN,10664765,1503696,16094396,7,7
NFLX-2007,Silent Empire 2,Animation,UCAN,19397177,3495606,29427607,8,6
NFLX-2008,Royal Hearts 4,Action,LATAM,6387248,1613740,5983532,7,5
NFLX-2009,Ultimate Horizon 1,Crime,LATAM,28624000,7980799,38265398,1,3
NFLX-2010,Silent Protocol 3,Fantasy,LATAM,5716887,1697884,5743571,1,10
NFLX-2011,Ultimate Legacy 4,Sci-Fi,UCAN,23602377,3790942,34777700,9,1
NFLX-2012,Ultimate Empire 4,Comedy,UCAN,11970031,3390424,10222647,9,2
NFLX-2013,Shadow Frontier 4,Drama,EMEA,38452974,5350919,33668296,2,9
NFLX-2014,Infinite Empire 3,Action,UCAN,39996335,8895805,60177671,8,8
NFLX-2015,Ultimate Vengeance 1,Unscripted,UCAN,3878523,1005168,5431211,4,8
NFLX-2016,Shadow Vengeance 2,Sci-Fi,APAC,10873232,2443641,13121993,3,9
NFLX-2017,Rising Protocol 3,Drama,UCAN,34988160,8748049,31856078,8,3
NFLX-2018,Global Legacy 2,Fantasy,LATAM,20266616,4712980,24914230,4,3
NFLX-2019,Wild Heist 1,Documentary,UCAN,19117630,5691940,19557253,4,3
NFLX-2020,Golden Hearts 1,Sci-Fi,APAC,24652583,6111307,31107109,1,3
NFLX-2021,Golden Rivalry 1,Comedy,UCAN,14449090,2454317,22872048,3,4
NFLX-2022,Ultimate Heist 4,Romance,EMEA,9035718,1252191,12255705,6,4
NFLX-2023,Global Heist 1,Unscripted,EMEA,3656454,699322,4116166,1,1
NFLX-2024,Lost Vengeance 2,Romance,APAC,31343157,8856222,33997519,2,10
NFLX-2025,Shadow Empire 2,Sci-Fi,UCAN,11364866,1547196,18098943,2,8
NFLX-2026,Rising Horizon 1,Comedy,LATAM,8508210,1065660,13232733,4,9
NFLX-2027,Rising Chronicles 4,Unscripted,LATAM,10622416,2807106,13320416,4,2
NFLX-2028,Infinite Kingdom 1,Fantasy,UCAN,25121738,7015588,28254173,7,7
NFLX-2029,Silent Legacy 4,Crime,APAC,10765754,2284343,9337032,7,6
NFLX-2030,Lost Legacy 3,Animation,EMEA,17595024,2225981,18305906,7,7
NFLX-2031,Dark Rivalry 3,Animation,LATAM,15580685,2833848,19538838,5,10
NFLX-2032,Infinite Heist 4,Crime,LATAM,11837593,2344922,13119276,2,2
NFLX-2033,Rising Heist 3,Crime,APAC,9723806,2460044,14932927,9,6
NFLX-2034,Rising Rivalry 2,Sci-Fi,UCAN,36322774,10564327,50414621,10,10
NFLX-2035,Secret Vengeance 4,Comedy,LATAM,21379909,5302620,32624712,10,10
NFLX-2036,Wild Horizon 3,Crime,LATAM,38061208,6207628,40766156,3,5
NFLX-2037,Silent Heist 3,Drama,EMEA,36177001,5940048,35767483,4,1
NFLX-2038,Golden Empire 1,Sci-Fi,EMEA,36000723,4501461,43186704,5,6
NFLX-2039,Silent Vengeance 4,Animation,EMEA,34012790,6858191,36212061,10,5
NFLX-2040,Golden Rivalry 3,Crime,EMEA,16601373,3678485,19079441,5,7
NFLX-2041,Infinite Vengeance 4,Sci-Fi,APAC,14500367,2070147,22109518,3,6
NFLX-2042,Rising Protocol 1,Fantasy,UCAN,38932342,10549844,41487562,10,5
NFLX-2043,Shadow Chronicles 3,Comedy,APAC,10069413,2911986,10658244,10,7
NFLX-2044,Infinite Odyssey 4,Comedy,UCAN,16574527,4584859,13439239,5,3
NFLX-2045,Dark Protocol 1,Documentary,LATAM,26323891,7014126,23639692,1,5
NFLX-2046,Wild Hearts 2,Crime,LATAM,28380787,4943352,41244731,6,5
NFLX-2047,Dark Vengeance 1,Romance,APAC,15264669,3089898,20244437,2,1
NFLX-2048,Global Hearts 1,Romance,EMEA,11707999,1658373,10697259,6,9
NFLX-2049,Silent Chronicles 3,Action,LATAM,14533487,4280155,15844385,5,3
NFLX-2050,Infinite Hearts 4,Documentary,EMEA,33923926,7107049,28458358,3,1
NFLX-2051,Golden Hearts 4,Action,LATAM,15436043,3138206,23523755,3,10
NFLX-2052,Infinite Horizon 3,Unscripted,LATAM,13584832,1902766,15954359,1,1
NFLX-2053,Wild Vengeance 3,Comedy,APAC,36538124,10485085,31068565,6,6
NFLX-2054,Wild Hearts 1,Drama,UCAN,10699410,2598194,12701012,3,2
NFLX-2055,Rising Heist 3,Romance,LATAM,8547365,1955284,9746885,4,10
NFLX-2056,Golden Chronicles 2,Unscripted,UCAN,33677087,9548059,53706995,4,2
NFLX-2057,Dark Horizon 3,Action,LATAM,35268932,5349656,50097837,1,10
NFLX-2058,Wild Heist 4,Crime,EMEA,9077889,2668398,12484904,6,4
NFLX-2059,Dark Heist 2,Comedy,APAC,15722936,2424771,21374520,9,10
NFLX-2060,Royal Heist 1,Documentary,EMEA,32288221,8688598,43684410,4,6
NFLX-2061,Dark Heist 2,Unscripted,APAC,6345692,1871717,7651766,8,7
NFLX-2062,Secret Legacy 4,Drama,LATAM,26611385,6967504,34214455,2,9
NFLX-2063,Ultimate Empire 4,Drama,UCAN,1450225,214741,1730283,2,6
NFLX-2064,Wild Hearts 2,Fantasy,LATAM,6515676,1360076,10235644,7,5
NFLX-2065,Shadow Odyssey 4,Romance,LATAM,22264199,3724310,25694955,3,4
NFLX-2066,Dark Vengeance 2,Comedy,LATAM,34615346,4815115,28159925,10,5
NFLX-2067,Rising Heist 3,Fantasy,LATAM,12856918,3760697,12122923,7,1
NFLX-2068,Infinite Heist 3,Crime,EMEA,3809066,623177,5790445,8,4
NFLX-2069,Secret Rivalry 1,Fantasy,UCAN,18723816,4919437,20923036,5,2
NFLX-2070,Dark Legacy 4,Action,LATAM,38006506,9843329,59283396,9,6
NFLX-2071,Ultimate Legacy 1,Crime,APAC,12211488,1591398,13689494,5,7
NFLX-2072,Dark Frontier 4,Action,APAC,4745142,805880,4987451,8,1
NFLX-2073,Lost Protocol 3,Animation,UCAN,12195725,2911654,18896383,6,2
NFLX-2074,Infinite Vengeance 3,Sci-Fi,UCAN,38498812,9285200,54404276,6,7
NFLX-2075,Rising Legacy 1,Animation,APAC,14694864,2955940,18702854,8,6
NFLX-2076,Ultimate Legacy 4,Drama,LATAM,1718707,340694,1723685,3,1
NFLX-2077,Secret Frontier 4,Sci-Fi,LATAM,6526737,869312,6002880,4,10
NFLX-2078,Dark Vengeance 4,Animation,APAC,31555124,7463037,38673462,7,1
NFLX-2079,Royal Hearts 4,Crime,UCAN,11571196,3248906,13203775,4,2
NFLX-2080,Royal Heist 2,Romance,APAC,2400413,434574,2804416,10,9
NFLX-2081,Shadow Frontier 4,Fantasy,APAC,24150296,5668857,23903604,4,10
NFLX-2082,Golden Vengeance 3,Crime,UCAN,6653581,1256206,8676084,5,4
NFLX-2083,Global Hearts 3,Comedy,LATAM,8867751,1317190,8120956,10,2
NFLX-2084,Lost Legacy 3,Romance,APAC,18772900,4155330,29934324,8,5
NFLX-2085,Silent Legacy 1,Drama,LATAM,28743764,5851313,45258081,5,5
NFLX-2086,Shadow Rivalry 4,Romance,APAC,20481253,4644235,25763709,5,2
NFLX-2087,Infinite Empire 4,Action,APAC,2766583,496636,2781924,1,7
NFLX-2088,Dark Protocol 3,Crime,APAC,13866733,3508847,11510886,5,10
NFLX-2089,Infinite Frontier 2,Romance,APAC,5806847,1360533,5156061,6,3
NFLX-2090,Royal Vengeance 4,Crime,EMEA,14316953,2674021,12021033,8,1
NFLX-2091,Ultimate Protocol 3,Sci-Fi,LATAM,36001676,6999970,33441302,4,7
NFLX-2092,Rising Empire 1,Action,EMEA,35699959,7879923,46288993,10,6
NFLX-2093,Royal Horizon 3,Documentary,APAC,29667158,8752625,29620015,5,5
NFLX-2094,Golden Empire 3,Documentary,UCAN,20991860,4013516,27070879,10,10
NFLX-2095,Dark Frontier 2,Documentary,EMEA,39310352,6319323,45628009,5,7
NFLX-2096,Rising Legacy 2,Comedy,LATAM,3704061,778189,4721406,3,10
NFLX-2097,Golden Kingdom 2,Animation,EMEA,7194710,997546,7189974,1,10
NFLX-2098,Silent Heist 1,Comedy,UCAN,32627509,6728034,45983481,5,9
NFLX-2099,Lost Empire 3,Unscripted,EMEA,23094086,5205613,27207006,3,1
NFLX-2100,Dark Legacy 1,Documentary,EMEA,38529586,6734570,44165302,2,3
NFLX-2101,Golden Frontier 2,Animation,UCAN,2337831,590801,2134785,6,2
NFLX-2102,Ultimate Chronicles 2,Romance,EMEA,26906150,5789603,40129320,10,7
NFLX-2103,Dark Protocol 3,Romance,UCAN,37770735,11133053,58617777,2,10
NFLX-2104,Royal Empire 1,Documentary,EMEA,37581034,6264287,39034507,6,7
NFLX-2105,Infinite Empire 1,Sci-Fi,LATAM,36875672,4744070,45747370,4,5
NFLX-2106,Ultimate Empire 4,Comedy,LATAM,2747171,426038,4083340,8,5
NFLX-2107,Ultimate Odyssey 4,Crime,UCAN,1756047,420382,1828055,10,7
NFLX-2108,Shadow Vengeance 4,Fantasy,UCAN,2692415,760039,3343266,6,3
NFLX-2109,Royal Odyssey 4,Animation,UCAN,10767027,2559186,16246332,8,8
NFLX-2110,Rising Chronicles 4,Documentary,LATAM,3019258,819622,3145096,1,3
NFLX-2111,Dark Hearts 3,Drama,LATAM,11370765,2611982,16510957,5,7
NFLX-2112,Infinite Protocol 2,Romance,EMEA,11202726,1613481,10745388,3,10
NFLX-2113,Dark Legacy 2,Drama,LATAM,22658612,6762942,25400714,4,4
NFLX-2114,Global Empire 1,Crime,LATAM,17521417,3493335,19740209,2,7
NFLX-2115,Silent Protocol 1,Romance,APAC,10029086,2304092,14248568,6,6
NFLX-2116,Dark Vengeance 1,Comedy,EMEA,25343373,3398129,24544739,3,4
NFLX-2117,Golden Frontier 3,Romance,LATAM,16269764,2745580,13393834,3,1
NFLX-2118,Ultimate Hearts 3,Romance,UCAN,39525661,10414592,57217328,1,2
NFLX-2119,Silent Vengeance 2,Comedy,LATAM,20141025,3770278,16952607,8,7
NFLX-2120,Rising Rivalry 4,Sci-Fi,APAC,33731788,5629195,35650854,2,10
NFLX-2121,Royal Heist 3,Drama,APAC,24643135,3965824,32328220,8,3
NFLX-2122,Wild Kingdom 2,Action,UCAN,12571456,2863570,11621575,10,6
NFLX-2123,Infinite Horizon 3,Documentary,LATAM,17103097,3983246,20324879,8,10
NFLX-2124,Secret Heist 1,Comedy,UCAN,6268186,886701,9925428,8,9
NFLX-2125,Global Empire 3,Fantasy,APAC,3855216,1080825,5149364,2,8
NFLX-2126,Global Kingdom 3,Drama,LATAM,10636833,2401757,11509238,10,10
NFLX-2127,Rising Vengeance 3,Comedy,EMEA,7841170,1184639,9371714,3,8
NFLX-2128,Infinite Vengeance 3,Crime,LATAM,37916970,5666272,44117259,6,5
NFLX-2129,Ultimate Heist 1,Unscripted,LATAM,25792268,6275719,34646799,5,10
NFLX-2130,Wild Horizon 2,Crime,UCAN,36710497,5742410,53346342,5,5
NFLX-2131,Rising Kingdom 1,Documentary,APAC,34629861,9905551,44304621,1,5
NFLX-2132,Silent Legacy 2,Drama,EMEA,25835150,6282691,36498974,2,10
NFLX-2133,Lost Empire 4,Romance,EMEA,12690951,2972715,14186056,4,3
NFLX-2134,Royal Vengeance 3,Unscripted,LATAM,18485676,5283774,17524221,8,6
NFLX-2135,Ultimate Heist 3,Animation,LATAM,1676879,468600,1902735,6,9
NFLX-2136,Secret Heist 2,Drama,EMEA,38933556,5776969,53732286,10,5
NFLX-2137,Secret Chronicles 3,Unscripted,LATAM,3321358,588525,3059993,10,7
NFLX-2138,Dark Horizon 2,Romance,LATAM,27921054,6478693,26186832,5,3
NFLX-2139,Global Horizon 4,Sci-Fi,EMEA,17895217,2234615,23242341,9,6
NFLX-2140,Secret Empire 2,Sci-Fi,LATAM,36625357,4661695,51576798,5,10
NFLX-2141,Shadow Empire 2,Sci-Fi,UCAN,12363519,1693616,18302990,3,2
NFLX-2142,Lost Vengeance 3,Fantasy,UCAN,25497345,7051327,31378591,9,7
NFLX-2143,Shadow Kingdom 4,Documentary,UCAN,7478059,1045076,10550499,6,5
NFLX-2144,Shadow Hearts 1,Unscripted,EMEA,21008113,5686705,29412645,1,1
NFLX-2145,Infinite Heist 4,Romance,APAC,16911603,3614695,24784404,7,7
NFLX-2146,Rising Horizon 3,Sci-Fi,APAC,9177255,2189057,8940199,2,10
NFLX-2147,Ultimate Vengeance 4,Comedy,LATAM,5540125,681875,5288860,2,1
NFLX-2148,Rising Heist 3,Fantasy,LATAM,8067725,1673307,8270415,9,10
NFLX-2149,Golden Chronicles 1,Romance,APAC,10796126,2085004,15765646,10,10
NFLX-2150,Royal Odyssey 1,Comedy,LATAM,7941947,981485,11025683,4,7
NFLX-2151,Infinite Horizon 1,Comedy,UCAN,4686785,1352251,3769609,3,9
NFLX-2152,Lost Empire 4,Crime,UCAN,758291,97329,801826,3,5
NFLX-2153,Dark Hearts 2,Fantasy,UCAN,24342306,3630192,30245816,7,10
NFLX-2154,Ultimate Rivalry 1,Drama,APAC,27216547,5383302,33399751,8,7
NFLX-2155,Dark Empire 2,Fantasy,LATAM,34161917,6469092,43984528,4,4
NFLX-2156,Silent Horizon 1,Fantasy,EMEA,8153411,2392418,12284077,7,3
NFLX-2157,Infinite Kingdom 1,Crime,APAC,37554157,9758630,39197610,1,2
NFLX-2158,Dark Heist 2,Crime,LATAM,10724341,2330416,9430121,9,4
NFLX-2159,Lost Heist 4,Animation,UCAN,35957302,8898873,42483429,1,7
NFLX-2160,Silent Kingdom 4,Sci-Fi,UCAN,28852953,7219104,40521494,10,3
NFLX-2161,Global Rivalry 1,Documentary,LATAM,5537215,1130012,7181413,8,7
NFLX-2162,Secret Kingdom 1,Action,APAC,39393304,9288360,58403844,9,5
NFLX-2163,Lost Rivalry 4,Comedy,UCAN,10611647,1993256,14444533,7,9
NFLX-2164,Infinite Heist 3,Animation,UCAN,9785572,1533841,10362316,10,9
NFLX-2165,Royal Frontier 2,Action,EMEA,15499884,3732515,19868916,1,8
NFLX-2166,Golden Odyssey 2,Animation,UCAN,30366921,6241383,30807048,10,7
NFLX-2167,Infinite Frontier 3,Sci-Fi,APAC,39026816,8086263,50539286,9,1
NFLX-2168,Shadow Frontier 4,Documentary,APAC,17606727,4285567,21961222,10,5
NFLX-2169,Infinite Odyssey 1,Fantasy,LATAM,34327454,4814700,50721693,8,4
NFLX-2170,Rising Kingdom 3,Crime,APAC,39525480,8536682,48582658,7,5
NFLX-2171,Royal Hearts 1,Documentary,EMEA,21708890,4968883,17538635,9,7
NFLX-2172,Global Protocol 2,Sci-Fi,UCAN,11507625,3371875,12874469,1,7
NFLX-2173,Infinite Odyssey 1,Drama,LATAM,18656945,3087337,22905374,9,2
NFLX-2174,Dark Legacy 2,Drama,EMEA,32877853,8767360,34327668,9,4
NFLX-2175,Royal Frontier 4,Documentary,UCAN,37633496,11183344,40572912,4,1
NFLX-2176,Ultimate Kingdom 3,Drama,UCAN,542404,131445,526285,7,7
NFLX-2177,Secret Frontier 3,Crime,UCAN,24487150,3366406,27178827,5,10
NFLX-2178,Dark Kingdom 3,Unscripted,APAC,38717305,9950757,32577865,1,2
NFLX-2179,Shadow Kingdom 2,Unscripted,UCAN,2595810,661987,2311306,7,6
NFLX-2180,Golden Chronicles 1,Crime,EMEA,20339152,5987992,21201793,3,10
NFLX-2181,Royal Legacy 4,Romance,EMEA,23514588,5186205,36771024,7,6
NFLX-2182,Ultimate Odyssey 1,Unscripted,LATAM,8958805,2542768,8004363,10,10
NFLX-2183,Infinite Kingdom 2,Action,APAC,12462855,3413819,11807177,2,10
NFLX-2184,Global Protocol 2,Crime,EMEA,29999501,4996463,43034360,5,8
NFLX-2185,Infinite Odyssey 3,Action,EMEA,15454360,2762101,19791252,2,4
NFLX-2186,Shadow Empire 3,Drama,APAC,5991898,1029075,9440590,6,4
NFLX-2187,Secret Heist 1,Drama,LATAM,26966826,4133212,24328948,2,2
NFLX-2188,Golden Kingdom 2,Comedy,APAC,33695633,8728252,31190104,9,9
NFLX-2189,Golden Empire 3,Fantasy,EMEA,22057307,3325678,27424182,10,5
NFLX-2190,Ultimate Rivalry 3,Comedy,EMEA,7305050,2161927,8217189,6,8
NFLX-2191,Lost Frontier 1,Romance,UCAN,4173480,540050,4460576,1,6
NFLX-2192,Rising Frontier 1,Documentary,APAC,30974673,6346427,32393469,6,4
NFLX-2193,Lost Heist 3,Romance,EMEA,8025251,2182377,11769941,2,6
NFLX-2194,Royal Odyssey 4,Crime,EMEA,19920295,4552708,29440688,1,6
NFLX-2195,Dark Kingdom 1,Crime,LATAM,8875975,1738194,10863136,2,4
NFLX-2196,Dark Rivalry 2,Unscripted,UCAN,34925495,7554056,41196277,3,9
NFLX-2197,Secret Protocol 2,Romance,APAC,13673420,3676752,11044214,7,3
NFLX-2198,Lost Rivalry 1,Action,LATAM,8702524,1523214,10061303,6,4
NFLX-2199,Lost Vengeance 2,Romance,UCAN,7313372,2014291,8845576,6,7
NFLX-2200,Wild Kingdom 2,Documentary,EMEA,26103100,6586848,31251968,8,7
NFLX-2201,Ultimate Frontier 4,Animation,UCAN,21330030,5683469,20894622,3,10
NFLX-2202,Royal Frontier 3,Unscripted,APAC,18082060,3281205,28521466,10,10
NFLX-2203,Royal Frontier 1,Drama,UCAN,3736272,821003,4579969,8,4
NFLX-2204,Royal Legacy 2,Action,LATAM,6888741,1496609,9392229,7,9
NFLX-2205,Rising Odyssey 2,Documentary,APAC,19084816,4057965,26506863,9,5
NFLX-2206,Royal Rivalry 4,Animation,EMEA,29896395,8489110,27999685,6,8
NFLX-2207,Lost Rivalry 3,Fantasy,LATAM,35283378,9585282,49168015,1,3
NFLX-2208,Ultimate Chronicles 4,Animation,APAC,36659137,10319361,47193586,2,3
NFLX-2209,Rising Hearts 2,Animation,APAC,5999523,1720191,7017628,10,9
NFLX-2210,Rising Odyssey 3,Sci-Fi,EMEA,14331853,3681837,16343518,3,9
NFLX-2211,Infinite Hearts 1,Sci-Fi,LATAM,15105425,2383418,19796509,9,6
NFLX-2212,Infinite Hearts 1,Sci-Fi,LATAM,33496361,4500622,49153689,6,10
NFLX-2213,Global Legacy 2,Sci-Fi,APAC,31907641,5956300,40257033,3,9
NFLX-2214,Infinite Horizon 2,Crime,EMEA,6501563,1549054,8467657,9,9
NFLX-2215,Global Vengeance 4,Drama,EMEA,13596890,2597298,12253914,2,2
NFLX-2216,Royal Empire 1,Drama,LATAM,36244748,8090949,32639127,8,5
NFLX-2217,Ultimate Rivalry 3,Action,UCAN,16830895,2147744,23206531,1,9
NFLX-2218,Lost Hearts 1,Fantasy,UCAN,3366655,440962,3456631,3,5
NFLX-2219,Dark Vengeance 4,Crime,APAC,5176064,1490084,7891538,9,8
NFLX-2220,Dark Horizon 4,Comedy,APAC,5792600,1058668,5639828,10,7
NFLX-2221,Royal Empire 2,Action,LATAM,4550264,1059272,6204064,9,6
NFLX-2222,Infinite Chronicles 3,Documentary,APAC,17029601,3068328,14794611,7,7
NFLX-2223,Dark Frontier 4,Animation,LATAM,24462451,6798108,26355205,2,7
NFLX-2224,Rising Empire 4,Animation,UCAN,9494193,2696184,13962685,8,8
NFLX-2225,Ultimate Kingdom 1,Comedy,APAC,25881264,4704198,29191151,4,5
NFLX-2226,Ultimate Hearts 1,Unscripted,EMEA,17708373,4371545,15139780,7,2
NFLX-2227,Global Chronicles 4,Action,LATAM,22965504,6137860,28209230,5,7
NFLX-2228,Rising Legacy 3,Sci-Fi,UCAN,13177493,2878430,17597527,3,8
NFLX-2229,Dark Legacy 3,Comedy,APAC,28665484,4132925,27714492,9,2
NFLX-2230,Rising Rivalry 3,Documentary,APAC,8288603,1858487,10137747,10,6
NFLX-2231,Dark Legacy 4,Animation,UCAN,28577616,4767403,34185621,10,1
NFLX-2232,Royal Heist 2,Fantasy,EMEA,34668311,5842721,40335740,6,6
NFLX-2233,Secret Vengeance 2,Action,APAC,9612362,1366795,14194446,5,4
NFLX-2234,Global Rivalry 4,Fantasy,UCAN,7590610,2057403,10672755,5,1
NFLX-2235,Dark Odyssey 2,Animation,UCAN,34541449,7554484,41267848,8,6
NFLX-2236,Shadow Empire 2,Crime,APAC,19556547,3929130,27550965,5,2
NFLX-2237,Dark Vengeance 1,Animation,UCAN,8064315,1474472,12529233,9,7
NFLX-2238,Global Heist 2,Unscripted,LATAM,23899573,3585762,24176949,1,5
NFLX-2239,Secret Rivalry 2,Crime,UCAN,2838757,522609,3915579,8,3
NFLX-2240,Global Odyssey 3,Sci-Fi,UCAN,4298167,898551,5870526,10,5
NFLX-2241,Secret Frontier 2,Comedy,EMEA,25412918,4148294,40616564,9,2
NFLX-2242,Global Frontier 4,Animation,EMEA,7129730,2040867,11149480,3,5
NFLX-2243,Shadow Kingdom 1,Animation,APAC,10635005,3157888,14841437,10,7
NFLX-2244,Dark Heist 2,Action,UCAN,33786594,8879832,49787435,3,5
NFLX-2245,Global Odyssey 2,Comedy,APAC,7189329,1934782,6371944,1,1
NFLX-2246,Dark Odyssey 4,Fantasy,APAC,7158324,1136170,9663979,8,1
NFLX-2247,Ultimate Hearts 4,Romance,LATAM,4264172,627943,6598380,1,1
NFLX-2248,Royal Protocol 2,Unscripted,APAC,9596066,1774028,8214834,7,9
NFLX-2249,Royal Legacy 1,Action,APAC,32430134,4066885,41638091,2,8
NFLX-2250,Dark Heist 3,Animation,UCAN,2244619,356700,3229611,8,2
NFLX-2251,Dark Legacy 4,Comedy,LATAM,6776302,1472466,6012786,7,10
NFLX-2252,Global Vengeance 4,Sci-Fi,APAC,33760110,4780129,30857687,5,6
NFLX-2253,Golden Odyssey 4,Sci-Fi,APAC,7946355,1736186,9977312,2,8
NFLX-2254,Global Kingdom 3,Documentary,LATAM,27817489,8236945,23451113,4,5
NFLX-2255,Rising Heist 2,Action,LATAM,6730586,826323,8873312,6,3
NFLX-2256,Dark Frontier 3,Sci-Fi,LATAM,1642035,287218,2079921,8,8
NFLX-2257,Ultimate Horizon 1,Crime,LATAM,28730434,5273816,37730019,2,4
NFLX-2258,Ultimate Kingdom 4,Sci-Fi,APAC,20639903,2566348,28403810,3,5
NFLX-2259,Lost Vengeance 3,Animation,EMEA,8012619,1151047,8860449,2,10
NFLX-2260,Wild Chronicles 3,Fantasy,UCAN,11957464,2598221,17270626,7,5
NFLX-2261,Golden Frontier 4,Documentary,APAC,37812702,10518944,43196017,9,7
NFLX-2262,Ultimate Empire 4,Unscripted,UCAN,1149051,193571,1379044,8,5
NFLX-2263,Global Hearts 2,Romance,UCAN,38386652,4831160,34073081,5,10
NFLX-2264,Royal Heist 1,Unscripted,EMEA,3426758,763586,2879441,9,4
NFLX-2265,Infinite Frontier 2,Crime,EMEA,15965991,2689036,16331324,7,5
NFLX-2266,Silent Legacy 2,Sci-Fi,LATAM,39026142,7564800,61363588,5,7
NFLX-2267,Ultimate Heist 1,Comedy,UCAN,11673606,2928131,11200141,3,1
NFLX-2268,Lost Protocol 1,Crime,LATAM,632764,78001,537069,9,7
NFLX-2269,Dark Odyssey 4,Romance,LATAM,7964511,960556,10272221,9,10
NFLX-2270,Royal Chronicles 1,Documentary,UCAN,27759203,3446740,39935970,2,7
NFLX-2271,Royal Vengeance 2,Crime,LATAM,33683462,6811279,32377662,10,9
NFLX-2272,Royal Vengeance 4,Animation,UCAN,26551968,6986571,21430760,6,5
NFLX-2273,Shadow Chronicles 4,Romance,EMEA,26572322,3430996,26464839,10,10
NFLX-2274,Shadow Odyssey 2,Crime,APAC,8468553,2118342,12806610,4,8
NFLX-2275,Secret Chronicles 1,Action,UCAN,37765281,9251531,49722124,6,9
NFLX-2276,Ultimate Frontier 3,Comedy,UCAN,13191129,3494139,17263726,1,2
NFLX-2277,Lost Empire 3,Crime,EMEA,28207434,5651810,31843164,7,10
NFLX-2278,Royal Frontier 3,Documentary,EMEA,27640299,4054515,31663453,1,2
NFLX-2279,Global Hearts 2,Documentary,UCAN,9846865,2137099,13441679,2,9
NFLX-2280,Ultimate Heist 2,Fantasy,APAC,19893519,2921811,31322679,7,3
NFLX-2281,Global Hearts 3,Fantasy,UCAN,33845096,6039897,34172173,3,8
NFLX-2282,Dark Protocol 2,Unscripted,EMEA,11221944,1795605,17515524,8,1
NFLX-2283,Global Odyssey 1,Comedy,UCAN,38081882,8351314,59420463,6,2
NFLX-2284,Shadow Chronicles 4,Sci-Fi,LATAM,22469024,2768673,24193774,7,2
NFLX-2285,Global Legacy 4,Animation,LATAM,15201087,2991037,12834355,1,1
NFLX-2286,Secret Heist 2,Fantasy,LATAM,31254733,4255381,27170762,3,4
NFLX-2287,Ultimate Frontier 4,Sci-Fi,EMEA,6511028,1548814,5860411,5,9
NFLX-2288,Golden Protocol 1,Romance,APAC,29707535,4764788,41624536,5,5
NFLX-2289,Infinite Vengeance 1,Documentary,LATAM,10185591,1990398,16121504,4,5
NFLX-2290,Infinite Legacy 1,Animation,UCAN,22840292,4245351,22595404,4,5
NFLX-2291,Silent Heist 3,Crime,EMEA,37969178,5124067,59569160,7,9
NFLX-2292,Ultimate Heist 3,Sci-Fi,LATAM,31292721,4787445,41761475,8,1
NFLX-2293,Shadow Horizon 4,Unscripted,EMEA,27356253,7497436,42734921,5,2
NFLX-2294,Royal Kingdom 4,Fantasy,APAC,34768250,5859188,51631108,10,5
NFLX-2295,Silent Kingdom 1,Comedy,UCAN,14438074,1827425,15727170,2,9
NFLX-2296,Rising Hearts 4,Documentary,LATAM,8925791,2459385,8820777,4,5
NFLX-2297,Global Odyssey 4,Unscripted,LATAM,7913036,1428541,7285158,7,5
NFLX-2298,Royal Vengeance 3,Comedy,EMEA,17732073,2677049,22340029,7,5
NFLX-2299,Rising Rivalry 1,Sci-Fi,UCAN,33588536,7335949,47671807,2,9
NFLX-2300,Ultimate Kingdom 2,Drama,APAC,16170035,2922335,16903805,10,5
NFLX-2301,Shadow Hearts 2,Sci-Fi,EMEA,39871863,8637491,57459206,7,7
NFLX-2302,Rising Legacy 3,Sci-Fi,UCAN,3435502,511819,3247909,6,5
NFLX-2303,Dark Rivalry 3,Sci-Fi,LATAM,17084919,2414500,25465958,7,1
NFLX-2304,Rising Frontier 4,Drama,LATAM,33831044,8404828,30915555,9,7
NFLX-2305,Global Legacy 2,Comedy,UCAN,14032128,2812177,12404789,10,10
NFLX-2306,Royal Legacy 1,Sci-Fi,EMEA,2676590,422296,4150552,8,2
NFLX-2307,Dark Chronicles 4,Sci-Fi,APAC,37730379,9829570,42709004,2,7
NFLX-2308,Ultimate Protocol 1,Fantasy,EMEA,7111711,1218102,8999639,8,9
NFLX-2309,Lost Protocol 1,Sci-Fi,UCAN,14326642,2597860,22443594,6,9
NFLX-2310,Ultimate Vengeance 1,Drama,APAC,11671463,2820750,14548354,8,9
NFLX-2311,Golden Legacy 4,Comedy,APAC,4274074,872897,5864230,7,2
NFLX-2312,Infinite Legacy 1,Animation,APAC,10876958,1702292,9830842,10,10
NFLX-2313,Wild Horizon 3,Romance,APAC,8594299,1781852,10557056,4,1
NFLX-2314,Silent Horizon 1,Drama,LATAM,19746551,4764300,24438803,9,6
NFLX-2315,Lost Kingdom 1,Drama,LATAM,17739808,3064886,23688031,3,4
NFLX-2316,Infinite Heist 2,Sci-Fi,APAC,39764067,11881366,33021717,10,7
NFLX-2317,Shadow Protocol 4,Documentary,APAC,32186108,8502039,26261884,6,2
NFLX-2318,Infinite Frontier 1,Crime,EMEA,10031979,1303007,8743412,2,7
NFLX-2319,Rising Heist 4,Sci-Fi,UCAN,32735254,5210320,50484142,6,1
NFLX-2320,Wild Hearts 3,Comedy,EMEA,14719113,3607225,20051156,10,9
NFLX-2321,Dark Frontier 2,Documentary,EMEA,34281878,4259362,29234444,5,2
NFLX-2322,Golden Horizon 1,Drama,EMEA,15843311,2189040,13268465,2,7
NFLX-2323,Silent Vengeance 3,Fantasy,APAC,20015368,5263117,22485742,4,10
NFLX-2324,Lost Empire 3,Fantasy,UCAN,6772826,833556,5435275,2,5
NFLX-2325,Silent Horizon 3,Comedy,APAC,34427848,7757881,50134187,7,2
NFLX-2326,Lost Kingdom 2,Fantasy,EMEA,22038698,6272013,30756501,2,3
NFLX-2327,Shadow Chronicles 4,Romance,EMEA,7108918,1610948,6449133,10,8
NFLX-2328,Shadow Chronicles 3,Action,EMEA,10886068,3146072,11986697,1,10
NFLX-2329,Silent Heist 2,Unscripted,UCAN,10801766,1865350,11196123,6,5
NFLX-2330,Infinite Kingdom 4,Comedy,UCAN,24531888,3393108,20894453,8,4
NFLX-2331,Global Hearts 4,Sci-Fi,EMEA,26288196,6725723,37970858,8,9
NFLX-2332,Wild Empire 4,Drama,LATAM,7056712,1236626,8392835,4,9
NFLX-2333,Global Heist 4,Documentary,UCAN,20747691,3700914,24951253,8,3
NFLX-2334,Infinite Legacy 2,Animation,LATAM,22802341,5821741,22976736,9,7
NFLX-2335,Ultimate Kingdom 2,Fantasy,EMEA,3566421,703119,4133324,3,1
NFLX-2336,Silent Rivalry 4,Crime,LATAM,32593793,8954819,50731466,4,6
NFLX-2337,Dark Vengeance 4,Romance,APAC,9785394,1395088,10631905,9,7
NFLX-2338,Golden Hearts 4,Animation,UCAN,27775523,6803194,42128154,5,9
NFLX-2339,Shadow Horizon 2,Comedy,UCAN,22955222,5966882,32691396,5,1
NFLX-2340,Lost Legacy 2,Romance,LATAM,39269495,5304737,44551086,6,10
NFLX-2341,Silent Horizon 3,Drama,EMEA,13374973,3381407,17995346,7,8
NFLX-2342,Global Vengeance 4,Fantasy,APAC,34041778,6194485,46587669,3,7
NFLX-2343,Secret Frontier 1,Crime,EMEA,10375913,2135718,15315496,7,3
NFLX-2344,Silent Vengeance 2,Comedy,UCAN,12315436,2904271,11580856,8,2
NFLX-2345,Secret Chronicles 4,Action,APAC,29083434,8561236,37383782,2,7
NFLX-2346,Ultimate Legacy 3,Comedy,EMEA,8151755,2206573,8405764,7,10
NFLX-2347,Shadow Empire 1,Action,LATAM,7450153,2175174,10940077,1,4
NFLX-2348,Royal Heist 2,Drama,LATAM,28229964,8387417,45052804,9,1
NFLX-2349,Secret Odyssey 2,Unscripted,EMEA,33749466,4417771,49377500,9,1
NFLX-2350,Secret Kingdom 4,Drama,LATAM,5894550,913202,6602188,1,6
NFLX-2351,Wild Legacy 1,Documentary,LATAM,14504182,3920821,13747059,3,5
NFLX-2352,Rising Horizon 2,Sci-Fi,APAC,11231357,2929739,14045498,7,4
NFLX-2353,Shadow Legacy 2,Animation,UCAN,27189096,4853725,38200290,1,3
NFLX-2354,Lost Frontier 3,Sci-Fi,LATAM,15590524,3837273,14059167,8,3
NFLX-2355,Shadow Chronicles 2,Animation,UCAN,26512516,6294048,25923061,5,10
NFLX-2356,Infinite Legacy 2,Unscripted,APAC,30870955,5544515,34455266,3,8
NFLX-2357,Ultimate Hearts 3,Action,LATAM,39967535,9281147,47617384,10,6
NFLX-2358,Global Kingdom 1,Fantasy,APAC,20723432,4048638,30108071,8,6
NFLX-2359,Infinite Legacy 2,Drama,UCAN,7431187,2018554,9304112,3,10
NFLX-2360,Global Heist 2,Sci-Fi,EMEA,20585218,3352825,30995026,1,5
NFLX-2361,Rising Hearts 1,Animation,LATAM,12133504,2217146,18430814,4,4
NFLX-2362,Dark Heist 1,Comedy,LATAM,24492820,3617921,20911688,6,6
NFLX-2363,Lost Legacy 1,Animation,LATAM,23158947,6098182,23782939,1,4
NFLX-2364,Infinite Frontier 3,Crime,LATAM,16982155,2533673,16204346,4,7
NFLX-2365,Ultimate Frontier 4,Comedy,UCAN,36564547,8101954,30031260,9,4
NFLX-2366,Secret Heist 3,Documentary,UCAN,11350986,1479666,17069193,6,10
NFLX-2367,Infinite Protocol 2,Drama,UCAN,10072605,2108743,10013997,4,2
NFLX-2368,Silent Kingdom 3,Animation,EMEA,19146546,5421432,17768808,7,3
NFLX-2369,Royal Odyssey 1,Animation,LATAM,30573946,9095047,32821689,2,10
NFLX-2370,Ultimate Heist 4,Romance,UCAN,15873299,2968749,13966910,7,3
NFLX-2371,Infinite Odyssey 4,Action,LATAM,34638006,6642029,45155637,7,2
NFLX-2372,Ultimate Vengeance 1,Animation,APAC,8584304,2214419,9947964,1,1
NFLX-2373,Royal Frontier 2,Fantasy,EMEA,21666474,3654847,32492083,4,3
NFLX-2374,Golden Chronicles 1,Action,LATAM,22771076,4035105,24677028,5,4
NFLX-2375,Golden Heist 1,Animation,UCAN,20599956,5591588,20398287,9,8
NFLX-2376,Silent Frontier 4,Comedy,EMEA,31781975,4539513,40819869,5,3
NFLX-2377,Ultimate Chronicles 2,Documentary,EMEA,36718695,8310400,52616918,1,5
NFLX-2378,Shadow Kingdom 4,Drama,APAC,33565161,9039523,43877650,4,4
NFLX-2379,Dark Heist 4,Action,UCAN,24522855,7104175,36737337,3,6
NFLX-2380,Silent Vengeance 3,Unscripted,EMEA,4347354,782688,6550316,9,6
NFLX-2381,Golden Hearts 2,Fantasy,LATAM,22017719,5458374,29934775,8,3
NFLX-2382,Infinite Heist 1,Fantasy,EMEA,27202521,6488431,32256858,3,6
NFLX-2383,Rising Empire 3,Action,UCAN,39799100,8755039,44313595,3,3
NFLX-2384,Lost Legacy 1,Fantasy,LATAM,24167199,5787171,33434567,7,3
NFLX-2385,Rising Kingdom 2,Fantasy,APAC,13163640,2176625,16733433,3,1
NFLX-2386,Secret Heist 2,Crime,EMEA,6351189,1417658,6541590,10,1
NFLX-2387,Global Frontier 4,Unscripted,LATAM,30254998,5862924,25166287,1,5
NFLX-2388,Lost Legacy 3,Unscripted,LATAM,12922625,3495204,11028202,1,1
NFLX-2389,Golden Empire 1,Drama,UCAN,39082283,7297928,38131990,4,9
NFLX-2390,Royal Heist 2,Comedy,EMEA,31617062,9198503,27662302,4,7
NFLX-2391,Global Vengeance 1,Unscripted,UCAN,35992308,7466735,32927668,1,6
NFLX-2392,Infinite Odyssey 4,Sci-Fi,APAC,4183800,830345,4933542,3,7
NFLX-2393,Rising Empire 3,Drama,UCAN,38915993,7913379,41268524,4,5
NFLX-2394,Infinite Chronicles 4,Unscripted,LATAM,15460672,2427410,20696232,4,7
NFLX-2395,Secret Legacy 3,Documentary,UCAN,29710665,8585325,30891254,2,7
NFLX-2396,Lost Odyssey 3,Sci-Fi,LATAM,31354420,6414371,29565389,7,9
NFLX-2397,Lost Kingdom 4,Drama,APAC,14487382,3314610,20746384,3,10
NFLX-2398,Global Odyssey 4,Sci-Fi,APAC,22497869,3105057,33447095,9,8
NFLX-2399,Global Chronicles 4,Animation,LATAM,12071952,1845745,12552702,3,5
NFLX-2400,Shadow Empire 4,Documentary,EMEA,18439480,3859712,15898806,4,5
NFLX-2401,Lost Horizon 3,Crime,APAC,38926501,8666949,39098662,1,3
NFLX-2402,Lost Odyssey 3,Crime,APAC,9681531,2151309,10982896,5,8
NFLX-2403,Ultimate Empire 4,Documentary,UCAN,1311207,158103,2076168,6,4
NFLX-2404,Shadow Protocol 3,Romance,EMEA,12202516,3059174,10653970,4,6
NFLX-2405,Royal Frontier 1,Drama,LATAM,32507947,5433152,39884143,7,1
NFLX-2406,Rising Kingdom 4,Sci-Fi,EMEA,15406823,4500538,17941069,9,5
NFLX-2407,Rising Empire 4,Drama,APAC,25677667,6559091,22233868,6,7
NFLX-2408,Rising Horizon 4,Comedy,APAC,16192740,4638101,18189397,2,6
NFLX-2409,Wild Odyssey 1,Fantasy,EMEA,35230796,7850323,49225731,1,3
NFLX-2410,Silent Kingdom 2,Animation,UCAN,1244436,218338,1769160,1,8
NFLX-2411,Wild Hearts 4,Drama,EMEA,16350301,4177857,17832827,7,1
NFLX-2412,Lost Legacy 2,Crime,APAC,18418674,4173399,28215151,4,4
NFLX-2413,Global Horizon 4,Romance,LATAM,1993384,408206,2898258,2,9
NFLX-2414,Ultimate Heist 2,Unscripted,APAC,32401868,7634759,49541796,2,10
NFLX-2415,Global Hearts 4,Fantasy,APAC,22585314,5799613,22007671,10,1
NFLX-2416,Infinite Kingdom 2,Animation,APAC,14213718,3786209,14835482,9,10
NFLX-2417,Shadow Kingdom 4,Drama,EMEA,22152865,6023179,32753640,5,10
NFLX-2418,Ultimate Heist 1,Romance,UCAN,18106798,4001352,23870723,2,9
NFLX-2419,Infinite Rivalry 4,Drama,APAC,26723067,7242177,25780977,2,7
NFLX-2420,Ultimate Frontier 1,Romance,LATAM,39437676,10175424,49891951,9,10
NFLX-2421,Secret Rivalry 2,Romance,UCAN,38205268,9415192,35268611,4,4
NFLX-2422,Silent Chronicles 4,Drama,APAC,21166911,3193892,27275613,10,5
NFLX-2423,Ultimate Legacy 2,Animation,LATAM,6345050,1032548,8500193,6,5
NFLX-2424,Wild Rivalry 1,Sci-Fi,EMEA,24578159,5650254,34902704,7,8
NFLX-2425,Global Horizon 2,Sci-Fi,EMEA,36645386,4410584,42191715,5,10
NFLX-2426,Shadow Heist 3,Crime,EMEA,16965673,4165538,24589680,2,8
NFLX-2427,Golden Hearts 1,Unscripted,APAC,34188511,4136962,50873390,7,5
NFLX-2428,Wild Empire 1,Action,UCAN,7409270,2023949,8177544,10,3
NFLX-2429,Wild Hearts 1,Action,UCAN,13902522,3606980,21570957,2,8
NFLX-2430,Global Frontier 2,Unscripted,EMEA,3354226,431441,3880883,1,9
NFLX-2431,Wild Hearts 1,Fantasy,UCAN,30984979,4556033,28737552,3,10
NFLX-2432,Infinite Hearts 2,Documentary,EMEA,35838006,10406452,38024095,1,8
NFLX-2433,Ultimate Hearts 3,Animation,LATAM,31834918,4329138,41547009,7,9
NFLX-2434,Global Horizon 1,Animation,APAC,7893966,1618299,7398164,7,3
NFLX-2435,Global Hearts 1,Fantasy,LATAM,1623609,229916,1610760,1,3
NFLX-2436,Infinite Empire 3,Documentary,EMEA,15152685,3440798,16074738,3,5
NFLX-2437,Lost Hearts 4,Drama,UCAN,12488509,3176429,10100226,3,5
NFLX-2438,Ultimate Rivalry 3,Crime,APAC,1746034,504572,2214762,3,4
NFLX-2439,Silent Protocol 2,Drama,LATAM,37498438,8346316,57281794,7,1
NFLX-2440,Dark Frontier 4,Romance,UCAN,9348918,1616015,14347154,7,6
NFLX-2441,Ultimate Vengeance 3,Drama,EMEA,24314238,6261832,23775549,5,9
NFLX-2442,Secret Vengeance 4,Action,EMEA,1591749,441339,2509739,5,9
NFLX-2443,Shadow Heist 1,Action,APAC,33947928,6331253,33914514,7,7
NFLX-2444,Ultimate Empire 2,Crime,APAC,3079689,816805,3402833,10,10
NFLX-2445,Shadow Horizon 3,Animation,UCAN,9180381,1614591,10082505,8,3
NFLX-2446,Ultimate Vengeance 1,Documentary,LATAM,35694227,5348473,39604931,7,10
NFLX-2447,Royal Heist 1,Unscripted,APAC,27219739,5489319,23358269,10,10
NFLX-2448,Infinite Heist 2,Action,APAC,10856235,2743399,13791654,9,4
NFLX-2449,Dark Protocol 4,Unscripted,APAC,33747893,5187469,39172929,7,1
NFLX-2450,Rising Chronicles 2,Documentary,LATAM,3778652,1043089,4604687,5,10
NFLX-2451,Dark Chronicles 3,Crime,LATAM,6179946,881815,5709073,1,1
NFLX-2452,Global Chronicles 3,Documentary,UCAN,31800269,4656288,49098247,10,2
NFLX-2453,Rising Vengeance 2,Drama,EMEA,38350942,6676646,32850403,1,4
NFLX-2454,Shadow Frontier 4,Action,LATAM,36977965,4658149,43488373,10,9
NFLX-2455,Infinite Rivalry 3,Unscripted,EMEA,11221909,2694192,15641391,3,5
NFLX-2456,Global Protocol 2,Drama,LATAM,16172083,2616367,17295507,10,8
NFLX-2457,Infinite Horizon 1,Animation,EMEA,37993676,7299427,57924978,10,9
NFLX-2458,Global Rivalry 3,Unscripted,LATAM,789497,188372,685393,4,1
NFLX-2459,Silent Frontier 4,Unscripted,UCAN,35812165,6445365,40986691,8,3
NFLX-2460,Wild Vengeance 3,Drama,EMEA,17136878,3004500,24614077,5,2
NFLX-2461,Golden Heist 3,Crime,UCAN,13530606,3130455,16043638,7,2
NFLX-2462,Global Legacy 4,Romance,APAC,13683488,1822495,17978609,6,1
NFLX-2463,Dark Horizon 1,Animation,LATAM,3519127,633564,3228060,10,10
NFLX-2464,Royal Vengeance 1,Animation,LATAM,35103773,5539168,41683041,1,4
NFLX-2465,Rising Vengeance 2,Documentary,EMEA,18959076,3253188,28008298,10,1
NFLX-2466,Rising Kingdom 4,Drama,APAC,36372714,5207144,41202510,4,6
NFLX-2467,Secret Legacy 4,Unscripted,EMEA,5614791,1288561,7983748,8,1
NFLX-2468,Golden Hearts 3,Sci-Fi,APAC,16531789,2479149,25935250,9,10
NFLX-2469,Lost Chronicles 3,Action,APAC,13424205,1700405,21173735,2,9
NFLX-2470,Lost Hearts 1,Action,EMEA,37048093,9306686,51629855,2,6
NFLX-2471,Silent Odyssey 3,Animation,APAC,25044759,6009564,25022245,7,1
NFLX-2472,Wild Kingdom 4,Drama,UCAN,19629814,3224185,15881429,1,5
NFLX-2473,Lost Odyssey 1,Fantasy,EMEA,1733124,285542,2765318,9,3
NFLX-2474,Ultimate Chronicles 1,Crime,APAC,26917823,6947286,38092928,1,4
NFLX-2475,Shadow Protocol 4,Documentary,UCAN,30351099,3710135,37251195,7,6
NFLX-2476,Ultimate Frontier 3,Sci-Fi,APAC,19457217,4819025,26338054,4,4
NFLX-2477,Golden Empire 3,Unscripted,LATAM,13927647,2147325,11760435,8,5
NFLX-2478,Rising Legacy 1,Unscripted,APAC,3356924,985901,4043318,9,8
NFLX-2479,Global Frontier 2,Drama,UCAN,6718067,1680319,8281234,5,4
NFLX-2480,Secret Chronicles 2,Comedy,APAC,25905558,4672104,22802278,5,9
NFLX-2481,Lost Hearts 1,Action,LATAM,27299300,6509931,27102064,2,10
NFLX-2482,Wild Horizon 1,Documentary,APAC,11165760,1970054,10243379,10,8
NFLX-2483,Wild Legacy 4,Romance,EMEA,24884573,4313189,34065350,1,9
NFLX-2484,Wild Rivalry 2,Crime,UCAN,30282446,5210687,42412746,2,10
NFLX-2485,Royal Protocol 2,Animation,EMEA,28767900,5968337,43184052,7,7
NFLX-2486,Ultimate Horizon 2,Crime,EMEA,39169336,4719892,43115315,4,1
NFLX-2487,Ultimate Vengeance 4,Sci-Fi,EMEA,1603530,332747,1449257,9,8
NFLX-2488,Global Empire 4,Fantasy,APAC,3749323,998325,3991211,7,4
NFLX-2489,Global Horizon 4,Crime,APAC,1061277,152046,1163978,9,2
NFLX-2490,Wild Rivalry 4,Documentary,UCAN,37075583,4522139,47093949,4,10
NFLX-2491,Global Frontier 1,Comedy,UCAN,16422087,2393834,21533882,3,1
NFLX-2492,Royal Odyssey 3,Comedy,LATAM,31374643,6975093,44099599,10,6
NFLX-2493,Dark Chronicles 2,Unscripted,UCAN,3824505,826170,4966596,1,3
NFLX-2494,Silent Protocol 4,Documentary,EMEA,17799965,5280659,25793149,10,3
NFLX-2495,Global Protocol 3,Fantasy,EMEA,19647050,3153807,30267913,2,2
NFLX-2496,Shadow Legacy 1,Fantasy,APAC,23844541,5133506,31078983,5,5
NFLX-2497,Lost Horizon 4,Comedy,LATAM,25397031,5302854,23353241,8,1
NFLX-2498,Lost Vengeance 4,Unscripted,UCAN,16252714,3145062,25607873,7,3
NFLX-2499,Rising Hearts 4,Drama,APAC,1203636,331559,1248250,3,7
NFLX-2500,Infinite Legacy 2,Crime,EMEA,4720330,876706,5158272,2,6
NFLX-2501,Dark Rivalry 1,Sci-Fi,APAC,15961846,3739309,21444941,2,7
NFLX-2502,Silent Chronicles 3,Unscripted,UCAN,23777447,5301768,29038146,6,3
NFLX-2503,Ultimate Odyssey 3,Sci-Fi,LATAM,16961465,2974469,21584897,10,5
NFLX-2504,Global Vengeance 4,Documentary,EMEA,14847483,3950871,13031027,8,10
NFLX-2505,Global Protocol 4,Sci-Fi,UCAN,35712882,7702307,46776018,7,5
NFLX-2506,Golden Horizon 2,Unscripted,EMEA,26561274,5834747,40058113,4,6
NFLX-2507,Golden Frontier 4,Documentary,APAC,27074309,3282619,33505835,8,1
NFLX-2508,Ultimate Empire 4,Romance,UCAN,36877090,10104210,37330212,2,10
NFLX-2509,Ultimate Heist 1,Animation,EMEA,29523687,4696111,35165519,3,10
NFLX-2510,Golden Kingdom 2,Comedy,LATAM,38451566,7416424,61469949,5,1
NFLX-2511,Ultimate Hearts 2,Action,LATAM,11496835,3314064,16697792,8,7
NFLX-2512,Royal Frontier 2,Documentary,LATAM,29980659,4875343,35338748,3,4
NFLX-2513,Golden Hearts 3,Comedy,UCAN,9671143,1477992,9580609,10,2
NFLX-2514,Rising Vengeance 1,Sci-Fi,APAC,13176788,3474820,12944383,9,5
NFLX-2515,Rising Heist 2,Documentary,APAC,5238027,1123812,6724159,10,1
NFLX-2516,Wild Kingdom 3,Action,UCAN,22528865,5501725,33211892,3,7
NFLX-2517,Global Kingdom 3,Unscripted,UCAN,14038509,2243419,17420263,1,1
NFLX-2518,Golden Horizon 3,Crime,LATAM,10883450,2791672,10311459,3,3
NFLX-2519,Silent Kingdom 4,Romance,LATAM,14173567,2757469,21988684,9,1
NFLX-2520,Infinite Horizon 3,Romance,UCAN,30225860,6665772,24264087,1,4
NFLX-2521,Infinite Legacy 3,Animation,EMEA,11872651,3126149,15424045,3,5
NFLX-2522,Secret Vengeance 1,Romance,EMEA,4100105,858113,3713961,1,7
NFLX-2523,Silent Protocol 2,Unscripted,APAC,28702365,6384882,26124206,1,7
NFLX-2524,Ultimate Legacy 1,Crime,APAC,13311771,3184505,19220602,6,7
NFLX-2525,Rising Horizon 1,Documentary,APAC,18435903,3824089,19395473,10,4
NFLX-2526,Secret Hearts 2,Animation,APAC,39041654,9660940,57426926,10,2
NFLX-2527,Rising Frontier 4,Drama,EMEA,21544178,3679254,17480188,4,3
NFLX-2528,Infinite Horizon 3,Crime,LATAM,9344147,2761800,13046683,5,7
NFLX-2529,Secret Heist 1,Comedy,UCAN,7501427,1289472,7978783,6,4
NFLX-2530,Rising Legacy 1,Sci-Fi,LATAM,30727847,7553584,35323193,3,3
NFLX-2531,Dark Frontier 3,Romance,EMEA,12084667,3471271,17660154,3,6
NFLX-2532,Infinite Vengeance 4,Fantasy,APAC,4809327,1247458,7107203,9,3
NFLX-2533,Ultimate Empire 4,Fantasy,APAC,4379467,956466,4659149,5,2
NFLX-2534,Infinite Hearts 1,Unscripted,UCAN,13916975,2309872,18903793,6,7
NFLX-2535,Rising Kingdom 3,Unscripted,UCAN,22281342,5427862,27010581,10,5
NFLX-2536,Royal Horizon 2,Fantasy,LATAM,748792,205509,1111995,8,3
NFLX-2537,Dark Horizon 1,Drama,UCAN,39015796,7611691,58681534,7,7
NFLX-2538,Ultimate Legacy 1,Unscripted,EMEA,24412809,6148167,37124429,9,7
NFLX-2539,Rising Protocol 4,Fantasy,APAC,22140843,5680384,23518504,8,6
NFLX-2540,Secret Heist 3,Romance,APAC,18927904,2449546,15228950,9,8
NFLX-2541,Lost Hearts 4,Fantasy,LATAM,20040097,3694079,26986689,7,7
NFLX-2542,Lost Odyssey 3,Sci-Fi,LATAM,12252445,3370445,18543086,5,2
NFLX-2543,Shadow Frontier 4,Documentary,UCAN,10144905,2738858,14622261,4,9
NFLX-2544,Infinite Hearts 4,Drama,LATAM,21859235,6035495,31837227,2,8
NFLX-2545,Global Empire 4,Crime,UCAN,20518509,3451225,29709000,4,9
NFLX-2546,Wild Horizon 1,Comedy,UCAN,22832792,4961573,31624732,9,4
NFLX-2547,Global Frontier 3,Sci-Fi,LATAM,18559989,2267675,24766054,7,2
NFLX-2548,Royal Kingdom 4,Animation,APAC,9554963,1725572,14070253,3,9
NFLX-2549,Rising Chronicles 2,Action,APAC,18639646,3239353,22764625,1,8
NFLX-2550,Dark Protocol 4,Romance,EMEA,34687900,4250965,54770326,6,8
NFLX-2551,Wild Rivalry 2,Animation,EMEA,1764231,397315,2665077,9,1
NFLX-2552,Ultimate Rivalry 4,Drama,LATAM,17342624,4112304,17623780,1,4
NFLX-2553,Secret Protocol 2,Action,EMEA,1678581,456555,1972190,3,1
NFLX-2554,Dark Chronicles 4,Romance,APAC,19673187,3990699,24120749,10,6
NFLX-2555,Secret Rivalry 3,Sci-Fi,APAC,18438521,4491853,29404718,3,4
NFLX-2556,Global Hearts 2,Animation,EMEA,35396590,8684186,53060676,5,2
NFLX-2557,Royal Horizon 2,Crime,LATAM,11795446,2327068,18599757,6,9
NFLX-2558,Infinite Vengeance 3,Comedy,APAC,28685051,4952657,42193269,9,4
NFLX-2559,Secret Kingdom 2,Drama,APAC,27535149,6230212,26032683,2,6
NFLX-2560,Secret Hearts 1,Romance,LATAM,20290474,5672074,28876418,6,6
NFLX-2561,Royal Odyssey 4,Animation,UCAN,28713134,4663069,44283716,8,3
NFLX-2562,Dark Rivalry 4,Sci-Fi,APAC,34228036,4273557,53281820,3,3
NFLX-2563,Dark Kingdom 1,Drama,APAC,21730453,6022069,31707722,9,8
NFLX-2564,Global Rivalry 3,Romance,APAC,39485214,6582509,41789911,8,7
NFLX-2565,Silent Protocol 3,Crime,UCAN,37050578,9017678,45669636,8,4
NFLX-2566,Silent Hearts 1,Action,UCAN,22002055,2870257,26298836,10,5
NFLX-2567,Lost Hearts 4,Comedy,APAC,37405049,6263229,36211016,9,8
NFLX-2568,Infinite Empire 1,Comedy,UCAN,32644250,4804214,36524833,10,7
NFLX-2569,Wild Chronicles 2,Sci-Fi,UCAN,22896887,5002804,31840003,9,2
NFLX-2570,Ultimate Frontier 4,Sci-Fi,LATAM,2281934,474463,3010064,7,7
NFLX-2571,Golden Frontier 1,Sci-Fi,UCAN,31013165,4946608,39352887,3,10
NFLX-2572,Shadow Heist 4,Fantasy,LATAM,15525923,3837374,15835211,7,5
NFLX-2573,Royal Kingdom 1,Crime,EMEA,3468810,620995,3942574,9,10
NFLX-2574,Infinite Hearts 2,Crime,EMEA,24277558,2971295,32833299,8,8
NFLX-2575,Dark Vengeance 1,Comedy,LATAM,7220955,1308779,7642107,1,6
NFLX-2576,Silent Rivalry 1,Action,LATAM,6782339,1568186,8273355,4,9
NFLX-2577,Rising Vengeance 3,Documentary,UCAN,21382911,4525439,23395376,4,2
NFLX-2578,Secret Odyssey 1,Documentary,APAC,3949815,972764,5218181,3,4
NFLX-2579,Wild Protocol 1,Crime,APAC,36453852,5121385,58048535,7,9
NFLX-2580,Royal Chronicles 1,Animation,APAC,30721419,6660121,39763597,3,4
NFLX-2581,Wild Odyssey 3,Action,APAC,34885113,6773379,36055090,8,10
NFLX-2582,Rising Legacy 2,Unscripted,APAC,20509389,2706231,29769846,4,3
NFLX-2583,Royal Protocol 4,Crime,APAC,34459227,9522763,45814374,6,10
NFLX-2584,Silent Protocol 4,Comedy,LATAM,29973021,6343127,29577890,9,4
NFLX-2585,Golden Legacy 2,Animation,UCAN,22741671,6502253,28367243,5,3
NFLX-2586,Dark Empire 2,Documentary,UCAN,25727246,6497411,38169692,2,9
NFLX-2587,Lost Rivalry 3,Fantasy,LATAM,39629698,7530871,45427061,8,4
NFLX-2588,Rising Odyssey 4,Romance,EMEA,26590329,3776350,25030773,10,6
NFLX-2589,Shadow Odyssey 1,Romance,EMEA,8211115,1638541,9358666,6,1
NFLX-2590,Ultimate Heist 1,Fantasy,UCAN,27644830,3674687,34601243,5,2
NFLX-2591,Dark Odyssey 3,Romance,APAC,4430809,735187,6044450,9,4
NFLX-2592,Golden Kingdom 4,Documentary,UCAN,9120904,2274879,11612671,3,9
NFLX-2593,Infinite Odyssey 2,Crime,UCAN,10671197,2918502,12163050,6,1
NFLX-2594,Royal Vengeance 4,Comedy,UCAN,37935354,7390220,57379247,8,8
NFLX-2595,Secret Frontier 4,Unscripted,APAC,29726405,3575171,46433750,6,7
NFLX-2596,Dark Odyssey 2,Drama,LATAM,9090333,2234501,8244128,4,5
NFLX-2597,Royal Frontier 1,Sci-Fi,LATAM,29874765,6562613,47129216,7,8
NFLX-2598,Lost Frontier 1,Sci-Fi,APAC,30855989,5521111,39847873,5,5
NFLX-2599,Infinite Chronicles 3,Documentary,UCAN,11519583,2993196,11162833,6,2
NFLX-2600,Silent Odyssey 4,Action,APAC,21113822,5608268,19257705,1,2
NFLX-2601,Shadow Horizon 2,Romance,LATAM,25975199,5770912,25314084,6,7
NFLX-2602,Royal Rivalry 3,Action,LATAM,12761306,2539000,15170309,5,2
NFLX-2603,Rising Frontier 1,Drama,LATAM,37247008,10991759,39433448,6,6
NFLX-2604,Secret Vengeance 2,Documentary,EMEA,17667654,3390059,26501549,3,3
NFLX-2605,Shadow Hearts 2,Animation,UCAN,20678968,3379275,24298978,4,2
NFLX-2606,Rising Protocol 3,Unscripted,UCAN,25584713,4416789,34521714,4,3
NFLX-2607,Lost Chronicles 1,Documentary,APAC,35798130,8095252,43446289,6,4
NFLX-2608,Secret Heist 1,Documentary,UCAN,39635398,6496037,41925710,8,7
NFLX-2609,Infinite Chronicles 2,Drama,EMEA,34191901,4717899,28764915,9,8
NFLX-2610,Dark Chronicles 3,Crime,UCAN,22281690,2934189,19467052,4,7
NFLX-2611,Silent Hearts 4,Comedy,UCAN,1492012,326348,1773566,9,8
NFLX-2612,Secret Legacy 4,Fantasy,EMEA,28903470,5188760,30087178,8,1
NFLX-2613,Infinite Rivalry 1,Comedy,APAC,39301408,6445053,52083662,2,6
NFLX-2614,Rising Heist 2,Drama,APAC,2730723,423651,2299910,3,9
NFLX-2615,Infinite Protocol 3,Drama,EMEA,9768096,2474865,9128869,2,5
NFLX-2616,Ultimate Legacy 4,Unscripted,APAC,2960760,395468,2612803,6,10
NFLX-2617,Royal Heist 1,Sci-Fi,APAC,28982000,4551483,43886548,9,3
NFLX-2618,Ultimate Heist 2,Documentary,UCAN,2614409,422957,4164677,10,3
NFLX-2619,Ultimate Rivalry 2,Drama,EMEA,25852435,3230407,23574073,10,1
NFLX-2620,Secret Chronicles 2,Documentary,EMEA,14530846,2007947,14224270,4,3
NFLX-2621,Lost Heist 4,Sci-Fi,LATAM,11124934,2531888,11064921,6,7
NFLX-2622,Wild Odyssey 3,Comedy,LATAM,20919836,4015583,19843225,5,10
NFLX-2623,Silent Horizon 1,Comedy,EMEA,39668077,7826185,47982468,5,3
NFLX-2624,Golden Legacy 3,Crime,APAC,30955147,6353222,40530376,4,5
NFLX-2625,Wild Frontier 3,Comedy,APAC,16072836,4344022,17438530,2,6
NFLX-2626,Golden Heist 4,Unscripted,EMEA,22814745,3010187,28522456,8,7
NFLX-2627,Ultimate Protocol 2,Fantasy,UCAN,28454578,3953500,32244479,8,6
NFLX-2628,Dark Empire 4,Animation,EMEA,11187352,2231604,11532312,5,7
NFLX-2629,Infinite Vengeance 3,Crime,EMEA,14484032,3559792,18089895,7,3
NFLX-2630,Wild Frontier 3,Crime,LATAM,19937150,5660973,19180303,7,8
NFLX-2631,Royal Heist 3,Sci-Fi,EMEA,32364702,7617733,28009609,7,4
NFLX-2632,Golden Rivalry 2,Action,EMEA,14760800,2532827,22910959,9,6
NFLX-2633,Shadow Vengeance 4,Crime,UCAN,28213194,5382889,40283752,9,3
NFLX-2634,Rising Frontier 4,Animation,LATAM,37166873,4976254,53143507,2,6
NFLX-2635,Dark Rivalry 1,Sci-Fi,APAC,35079120,8595607,46466607,2,1
NFLX-2636,Dark Legacy 4,Crime,APAC,9277753,1900783,10239222,3,1
NFLX-2637,Secret Odyssey 4,Romance,UCAN,37807961,7167918,57354296,5,10
NFLX-2638,Dark Chronicles 2,Sci-Fi,EMEA,27224889,6168821,38850011,5,8
NFLX-2639,Infinite Heist 3,Documentary,LATAM,39299165,9192477,62611273,7,5
NFLX-2640,Lost Horizon 2,Crime,UCAN,31370714,9020165,28577330,10,5
NFLX-2641,Global Empire 4,Animation,EMEA,34432060,4627196,50862503,2,3
NFLX-2642,Wild Horizon 4,Documentary,APAC,6434516,1295072,8341304,1,7
NFLX-2643,Wild Hearts 2,Crime,EMEA,15309157,1927653,19596729,7,2
NFLX-2644,Ultimate Protocol 1,Sci-Fi,APAC,17069078,2884325,21407170,10,1
NFLX-2645,Secret Empire 2,Crime,EMEA,18746688,5346096,18228442,7,8
NFLX-2646,Wild Empire 3,Fantasy,UCAN,19387578,4292474,16217173,5,2
NFLX-2647,Golden Legacy 1,Unscripted,APAC,15029748,4492626,12477062,9,2
NFLX-2648,Secret Horizon 1,Documentary,UCAN,2172036,382450,1820271,3,1
NFLX-2649,Ultimate Hearts 4,Unscripted,UCAN,27625291,8283866,42343573,2,10
NFLX-2650,Royal Legacy 2,Documentary,LATAM,8686871,2245968,13584689,5,9
NFLX-2651,Golden Protocol 3,Fantasy,EMEA,10964710,1729303,17512072,4,2
NFLX-2652,Infinite Legacy 4,Animation,UCAN,33092323,9499670,48641305,2,4
NFLX-2653,Shadow Horizon 1,Sci-Fi,EMEA,32749327,8067476,28790117,2,8
NFLX-2654,Secret Empire 2,Sci-Fi,EMEA,1588763,277432,2537392,8,1
NFLX-2655,Ultimate Hearts 1,Documentary,UCAN,8501463,1836751,7702461,5,6
NFLX-2656,Ultimate Kingdom 1,Animation,LATAM,29768847,6305451,35161458,8,7
NFLX-2657,Rising Horizon 2,Animation,UCAN,16528423,4851374,20549560,1,8
NFLX-2658,Rising Frontier 1,Unscripted,UCAN,39261767,5908011,62779749,3,2
NFLX-2659,Lost Odyssey 1,Sci-Fi,LATAM,6029848,959970,9262238,1,7
NFLX-2660,Royal Rivalry 4,Comedy,APAC,4957995,820988,5578815,6,6
NFLX-2661,Ultimate Protocol 2,Romance,EMEA,5536640,1295238,4438244,5,8
NFLX-2662,Golden Chronicles 4,Animation,EMEA,35436633,10055780,43252872,7,7
NFLX-2663,Royal Odyssey 2,Drama,UCAN,25279560,7540225,22366685,6,7
NFLX-2664,Silent Protocol 4,Crime,EMEA,24931764,4321269,35468863,3,3
NFLX-2665,Silent Rivalry 1,Romance,LATAM,26653416,6846620,29941537,6,7
NFLX-2666,Lost Legacy 3,Unscripted,UCAN,32471397,4146922,26563040,5,5
NFLX-2667,Secret Empire 1,Unscripted,APAC,12581784,3293176,12689252,9,8
NFLX-2668,Secret Legacy 1,Unscripted,APAC,36839139,8878853,47139511,2,8
NFLX-2669,Ultimate Hearts 2,Drama,APAC,27856514,5857400,26040281,2,2
NFLX-2670,Lost Rivalry 2,Comedy,LATAM,10084839,1538710,12523064,9,3
NFLX-2671,Rising Legacy 3,Romance,EMEA,10938425,2017317,13353706,10,10
NFLX-2672,Royal Odyssey 1,Drama,EMEA,6692097,1708061,5562544,5,8
NFLX-2673,Royal Chronicles 2,Action,UCAN,8248470,1505059,12775312,1,6
NFLX-2674,Dark Protocol 4,Comedy,LATAM,36108809,10335656,45989585,1,7
NFLX-2675,Rising Chronicles 3,Romance,UCAN,31662756,3966010,38608066,9,1
NFLX-2676,Secret Legacy 3,Sci-Fi,EMEA,22607563,3027067,22473451,6,3
NFLX-2677,Shadow Chronicles 3,Documentary,APAC,37790394,7623977,42627274,3,9
NFLX-2678,Global Heist 1,Fantasy,LATAM,2014836,515962,2233285,8,9
NFLX-2679,Wild Vengeance 1,Crime,APAC,37967627,5344838,48148504,3,2
NFLX-2680,Dark Rivalry 4,Documentary,LATAM,27511147,3369382,35131983,6,9
NFLX-2681,Lost Protocol 4,Action,EMEA,1899613,323098,2347513,10,1
NFLX-2682,Infinite Frontier 4,Animation,UCAN,20500945,3025544,22293319,10,9
NFLX-2683,Infinite Legacy 4,Sci-Fi,UCAN,26572283,5387413,28306059,4,8
NFLX-2684,Rising Protocol 4,Drama,UCAN,27281348,5454869,28773035,2,4
NFLX-2685,Infinite Rivalry 1,Documentary,UCAN,9896141,2318698,10748906,9,5
NFLX-2686,Dark Kingdom 4,Animation,LATAM,27193870,4738067,28189404,8,3
NFLX-2687,Lost Legacy 3,Comedy,LATAM,9951518,1506058,15133903,5,9
NFLX-2688,Global Legacy 3,Sci-Fi,APAC,8956994,2235901,9371267,6,4
NFLX-2689,Infinite Frontier 1,Action,EMEA,21661121,5897283,25274817,10,1
NFLX-2690,Infinite Heist 4,Animation,APAC,1503029,224879,1397397,8,1
NFLX-2691,Dark Empire 2,Comedy,EMEA,20036508,5761801,21781068,2,6
NFLX-2692,Wild Hearts 2,Fantasy,APAC,15690750,1940099,13131151,3,10
NFLX-2693,Infinite Horizon 2,Animation,UCAN,30203850,6263285,27979194,3,10
NFLX-2694,Ultimate Heist 1,Documentary,UCAN,27831487,7986802,32596476,3,2
NFLX-2695,Lost Rivalry 2,Animation,LATAM,27754265,4379203,30695101,1,7
NFLX-2696,Dark Heist 3,Drama,LATAM,8627554,1945914,12692867,9,1
NFLX-2697,Rising Hearts 3,Drama,LATAM,10648454,1460324,8902816,10,1
NFLX-2698,Secret Frontier 2,Crime,LATAM,25576690,5322346,33126830,8,2
NFLX-2699,Royal Legacy 1,Drama,UCAN,12835087,3037366,17545391,7,2
NFLX-2700,Infinite Heist 2,Action,APAC,19342354,2543872,26305816,6,6
NFLX-2701,Royal Odyssey 1,Romance,LATAM,15727303,4134801,12587761,6,4
NFLX-2702,Ultimate Vengeance 2,Sci-Fi,APAC,31955473,8331788,37463911,2,5
NFLX-2703,Lost Horizon 3,Romance,EMEA,16945889,4419942,19575048,2,10
NFLX-2704,Rising Protocol 2,Animation,UCAN,5887462,1738722,7866026,7,7
NFLX-2705,Golden Horizon 3,Drama,EMEA,12364521,2926168,16408544,7,2
NFLX-2706,Ultimate Legacy 2,Fantasy,UCAN,22052157,2864353,26053125,2,10
NFLX-2707,Global Heist 2,Crime,UCAN,8142168,1894612,9059247,8,1
NFLX-2708,Infinite Rivalry 4,Unscripted,LATAM,23001577,3386070,22929341,8,2
NFLX-2709,Shadow Protocol 2,Sci-Fi,LATAM,25904113,5518275,37690182,5,9
NFLX-2710,Lost Horizon 2,Romance,UCAN,6078519,895973,6253906,5,4
NFLX-2711,Global Legacy 1,Crime,APAC,23092336,3792187,32752490,9,10
NFLX-2712,Golden Heist 2,Sci-Fi,LATAM,10110071,1840278,10188145,9,7
NFLX-2713,Infinite Frontier 2,Comedy,APAC,36428249,5048615,49938921,9,4
NFLX-2714,Wild Kingdom 4,Action,UCAN,23372526,6672458,35442412,3,1
NFLX-2715,Secret Chronicles 3,Drama,APAC,24196087,4767467,22524959,5,3
NFLX-2716,Infinite Kingdom 2,Action,UCAN,10197225,3047095,12137567,6,6
NFLX-2717,Dark Empire 4,Action,APAC,21573214,4087315,33315122,8,7
NFLX-2718,Rising Hearts 4,Fantasy,EMEA,29079013,4948165,26979339,10,5
NFLX-2719,Golden Protocol 1,Drama,EMEA,27799617,4911699,36150050,7,10
NFLX-2720,Ultimate Frontier 4,Action,APAC,36324850,9973884,56050966,3,1
NFLX-2721,Infinite Heist 4,Unscripted,APAC,12534170,2026207,16016433,6,1
NFLX-2722,Royal Kingdom 2,Documentary,EMEA,9793439,2189764,8406290,5,7
NFLX-2723,Wild Protocol 1,Comedy,LATAM,13645525,2849417,14111737,9,1
NFLX-2724,Rising Protocol 4,Animation,APAC,9689910,2669797,10647895,5,1
NFLX-2725,Silent Legacy 2,Crime,LATAM,6781875,1491945,7013028,3,4
NFLX-2726,Dark Kingdom 2,Drama,EMEA,21750434,6221824,18514513,8,7
NFLX-2727,Golden Kingdom 1,Unscripted,LATAM,27813048,6696336,36271333,9,7
NFLX-2728,Dark Legacy 1,Sci-Fi,LATAM,10670260,3103409,8767254,1,9
NFLX-2729,Rising Hearts 3,Comedy,APAC,17487083,4835913,24806963,4,4
NFLX-2730,Dark Horizon 4,Animation,APAC,2039541,431794,3176783,9,10
NFLX-2731,Infinite Kingdom 1,Crime,APAC,1085663,255370,1608363,5,10
NFLX-2732,Rising Horizon 2,Drama,EMEA,28639183,7123556,29324959,1,2
NFLX-2733,Dark Heist 3,Animation,EMEA,6780162,1949263,10349764,6,1
NFLX-2734,Wild Legacy 1,Sci-Fi,EMEA,20080589,4127260,22353782,9,1
NFLX-2735,Shadow Legacy 2,Fantasy,UCAN,19682481,2603299,19765633,5,1
NFLX-2736,Rising Empire 1,Action,APAC,26334367,4771457,39893928,4,6
NFLX-2737,Dark Hearts 1,Documentary,LATAM,32531853,5776010,34101041,9,1
NFLX-2738,Dark Legacy 1,Sci-Fi,APAC,35149623,6631256,54310298,8,2
NFLX-2739,Silent Kingdom 3,Drama,UCAN,2996568,609100,2768272,2,7
NFLX-2740,Royal Hearts 2,Romance,UCAN,29754864,5529835,26027384,7,7
NFLX-2741,Shadow Horizon 1,Sci-Fi,APAC,26362421,5911658,30338733,9,4
NFLX-2742,Wild Empire 2,Unscripted,UCAN,32476729,8102784,48579603,1,6
NFLX-2743,Shadow Empire 3,Crime,EMEA,24426797,3225687,32118772,6,7
NFLX-2744,Lost Kingdom 2,Fantasy,EMEA,17070100,2784044,18637081,4,10
NFLX-2745,Wild Frontier 2,Documentary,LATAM,26531281,3862018,29718849,8,8
NFLX-2746,Lost Hearts 1,Sci-Fi,EMEA,36700256,10541249,53270683,7,9
NFLX-2747,Silent Frontier 2,Drama,LATAM,933528,198635,860059,4,3
NFLX-2748,Silent Heist 4,Unscripted,APAC,38092749,6093169,55192402,6,2
NFLX-2749,Wild Protocol 1,Comedy,EMEA,8941082,1669398,13410105,5,7
NFLX-2750,Secret Empire 1,Fantasy,APAC,13280441,1611949,20625872,10,8
NFLX-2751,Ultimate Vengeance 1,Romance,LATAM,37783663,10278289,56374107,8,8
NFLX-2752,Silent Kingdom 1,Sci-Fi,EMEA,9909236,2425710,10456538,8,9
NFLX-2753,Infinite Empire 1,Animation,UCAN,1078487,145520,1244647,2,1
NFLX-2754,Ultimate Vengeance 3,Comedy,LATAM,20310756,4224530,27218617,1,6
NFLX-2755,Golden Rivalry 4,Romance,APAC,6803915,1838141,9565712,7,2
NFLX-2756,Wild Frontier 4,Sci-Fi,APAC,24978936,4951086,34166721,7,7
NFLX-2757,Silent Horizon 3,Drama,APAC,35666063,5530338,52919718,5,1
NFLX-2758,Global Frontier 3,Comedy,LATAM,19394428,5770898,30177364,7,6
NFLX-2759,Dark Kingdom 2,Comedy,LATAM,6421920,1649425,8114509,4,10
NFLX-2760,Golden Legacy 4,Drama,EMEA,19593405,3209094,23171015,1,2
NFLX-2761,Lost Kingdom 1,Sci-Fi,EMEA,2992548,410915,4178127,2,7
NFLX-2762,Golden Heist 4,Drama,UCAN,34317456,6597140,28351618,9,10
NFLX-2763,Golden Empire 3,Romance,EMEA,31082469,8868838,46338168,4,4
NFLX-2764,Lost Odyssey 2,Action,APAC,6490058,904736,8307912,10,7
NFLX-2765,Silent Frontier 1,Documentary,APAC,16771616,4158664,26436081,7,7
NFLX-2766,Rising Rivalry 2,Comedy,UCAN,14436392,4317702,12607234,8,3
NFLX-2767,Wild Horizon 4,Action,LATAM,35292434,6730696,32242801,6,5
NFLX-2768,Royal Heist 4,Comedy,EMEA,675404,85228,561610,3,1
NFLX-2769,Shadow Horizon 1,Sci-Fi,EMEA,25799391,4580251,36942885,10,1
NFLX-2770,Shadow Protocol 3,Crime,LATAM,33752929,6484477,50694513,4,1
NFLX-2771,Wild Vengeance 2,Crime,EMEA,28739985,8154215,42420579,7,10
NFLX-2772,Golden Empire 1,Sci-Fi,UCAN,4316106,975784,5947186,9,10
NFLX-2773,Royal Empire 1,Fantasy,APAC,35466478,4278650,31606535,5,9
NFLX-2774,Global Heist 2,Action,EMEA,4826438,1344358,5155033,10,3
NFLX-2775,Royal Rivalry 1,Animation,LATAM,3813093,942329,5867472,8,7
NFLX-2776,Infinite Chronicles 2,Unscripted,APAC,11934926,2812888,14644532,9,2
NFLX-2777,Ultimate Heist 4,Fantasy,UCAN,23906908,6592068,35440547,10,5
NFLX-2778,Silent Vengeance 3,Romance,UCAN,23819162,3802772,36421605,2,1
NFLX-2779,Lost Rivalry 2,Crime,UCAN,29534676,4622310,35375327,8,10
NFLX-2780,Shadow Odyssey 2,Sci-Fi,UCAN,21198033,4154694,19331432,4,8
NFLX-2781,Infinite Vengeance 3,Drama,UCAN,27715063,5456689,40182284,2,9
NFLX-2782,Silent Kingdom 4,Comedy,LATAM,27958735,5531344,43097538,9,6
NFLX-2783,Global Chronicles 4,Comedy,APAC,27445425,4078520,25730581,7,7
NFLX-2784,Infinite Kingdom 1,Animation,LATAM,30534321,4134730,40148512,7,6
NFLX-2785,Ultimate Heist 1,Romance,EMEA,39475497,10481385,50014887,10,9
NFLX-2786,Secret Heist 3,Action,APAC,32730525,6483594,38356330,10,8
NFLX-2787,Infinite Odyssey 1,Fantasy,LATAM,37882569,9605859,41499824,1,6
NFLX-2788,Global Chronicles 3,Sci-Fi,APAC,7839055,2042289,11864827,6,8
NFLX-2789,Shadow Frontier 2,Animation,UCAN,9833173,2859692,12509615,6,7
NFLX-2790,Lost Chronicles 4,Sci-Fi,UCAN,21194351,2693547,25866978,6,1
NFLX-2791,Global Vengeance 2,Documentary,EMEA,12643150,2534914,15402927,8,6
NFLX-2792,Wild Kingdom 1,Crime,UCAN,9982206,1230239,12694575,2,3
NFLX-2793,Lost Rivalry 1,Sci-Fi,APAC,2924570,440922,3494060,1,7
NFLX-2794,Wild Rivalry 3,Comedy,LATAM,11375054,1752052,11166316,10,4
NFLX-2795,Secret Rivalry 1,Unscripted,LATAM,3308353,964056,2682783,4,1
NFLX-2796,Ultimate Odyssey 2,Unscripted,APAC,9820939,2601443,9896068,8,6
NFLX-2797,Dark Kingdom 3,Drama,EMEA,33706683,8233474,50806206,5,5
NFLX-2798,Infinite Rivalry 3,Unscripted,APAC,17660553,3328613,14830621,8,4
NFLX-2799,Lost Rivalry 3,Documentary,EMEA,15188104,3803399,15241395,5,7
NFLX-2800,Wild Horizon 4,Action,LATAM,18462893,4829501,22254085,9,4
NFLX-2801,Wild Protocol 4,Comedy,APAC,33686905,9976536,32766156,5,9
NFLX-2802,Lost Empire 2,Drama,APAC,32226538,6599347,35189280,9,10
NFLX-2803,Rising Empire 2,Unscripted,LATAM,17399505,4816672,18106148,7,10
NFLX-2804,Golden Protocol 1,Action,UCAN,21008574,2746308,22170386,1,10
NFLX-2805,Ultimate Hearts 3,Unscripted,APAC,11585375,1407325,16060261,8,4
NFLX-2806,Rising Heist 2,Animation,UCAN,31869405,9071374,36887856,8,3
NFLX-2807,Royal Protocol 3,Action,UCAN,16719482,2092341,20895716,7,3
NFLX-2808,Lost Hearts 3,Sci-Fi,EMEA,3080439,751759,4131691,1,5
NFLX-2809,Lost Legacy 2,Fantasy,UCAN,21414603,3444659,20724499,2,3
NFLX-2810,Silent Frontier 3,Crime,LATAM,33482048,9034743,43404534,6,4
NFLX-2811,Secret Vengeance 1,Sci-Fi,LATAM,16539059,3699767,21921799,5,3
NFLX-2812,Infinite Protocol 2,Romance,EMEA,10498357,2848085,13029390,7,3
NFLX-2813,Wild Protocol 1,Drama,EMEA,33779969,5223700,33062332,6,6
NFLX-2814,Rising Protocol 1,Documentary,APAC,3249973,871914,4675245,2,10
NFLX-2815,Dark Protocol 1,Sci-Fi,APAC,20930382,3858437,22504682,4,8
NFLX-2816,Golden Legacy 4,Comedy,APAC,13014258,1813896,16073298,8,4
NFLX-2817,Dark Kingdom 3,Unscripted,UCAN,9921897,2383280,14651515,8,6
NFLX-2818,Infinite Vengeance 2,Unscripted,EMEA,7311794,1435865,6866066,9,5
NFLX-2819,Shadow Chronicles 4,Unscripted,LATAM,1447282,416706,1839964,7,10
NFLX-2820,Dark Chronicles 4,Crime,UCAN,16261950,3701029,25016696,2,7
NFLX-2821,Golden Kingdom 1,Documentary,EMEA,2680105,669486,3671265,10,9
NFLX-2822,Ultimate Heist 4,Romance,LATAM,7208082,2100494,11231015,4,5
NFLX-2823,Dark Hearts 1,Documentary,EMEA,6570098,1557364,8712321,1,3
NFLX-2824,Lost Frontier 2,Unscripted,EMEA,25079814,6077188,20990759,9,3
NFLX-2825,Golden Empire 1,Crime,EMEA,9392905,2424116,11056430,8,7
NFLX-2826,Silent Heist 1,Sci-Fi,EMEA,20149783,5132706,25638101,5,4
NFLX-2827,Secret Hearts 2,Documentary,LATAM,29751320,5565049,44815779,2,1
NFLX-2828,Wild Rivalry 2,Animation,APAC,32956808,7766371,29495086,6,1
NFLX-2829,Infinite Heist 1,Romance,LATAM,26660837,7806027,40593789,2,8
NFLX-2830,Dark Heist 1,Unscripted,LATAM,6095619,1533705,8502848,8,4
NFLX-2831,Royal Heist 2,Sci-Fi,LATAM,27146930,3626636,34035737,6,8
NFLX-2832,Dark Rivalry 4,Unscripted,APAC,8144259,1503570,11551009,10,9
NFLX-2833,Wild Kingdom 4,Drama,APAC,20096963,4563502,21644543,10,2
NFLX-2834,Lost Empire 1,Documentary,EMEA,21826930,5797136,18354150,3,1
NFLX-2835,Ultimate Rivalry 4,Fantasy,LATAM,38111922,8778136,45562566,4,5
NFLX-2836,Wild Protocol 1,Comedy,EMEA,34255686,8804459,38359929,1,4
NFLX-2837,Wild Legacy 3,Drama,LATAM,18830283,4597588,21211740,6,5
NFLX-2838,Wild Chronicles 2,Crime,APAC,36853108,4718584,44370806,4,9
NFLX-2839,Wild Heist 4,Comedy,UCAN,3752644,662127,5618000,4,4
NFLX-2840,Rising Horizon 1,Sci-Fi,EMEA,11216150,1544881,10308963,9,9
NFLX-2841,Ultimate Protocol 2,Comedy,UCAN,37421501,9105603,52097676,2,7
NFLX-2842,Shadow Chronicles 4,Crime,APAC,1106502,245379,1095489,2,8
NFLX-2843,Dark Vengeance 4,Animation,UCAN,31763109,7199171,44445131,5,8
NFLX-2844,Infinite Kingdom 2,Drama,UCAN,2052547,276155,2222642,2,1
NFLX-2845,Silent Legacy 4,Sci-Fi,APAC,16703045,3102308,16956854,1,9
NFLX-2846,Royal Protocol 1,Comedy,LATAM,31288057,5845753,25191135,2,10
NFLX-2847,Secret Frontier 3,Documentary,EMEA,17917549,3505690,27732640,8,3
NFLX-2848,Royal Horizon 3,Action,APAC,8209713,1655353,10508694,8,2
NFLX-2849,Dark Kingdom 4,Sci-Fi,APAC,9986938,1630798,14752364,6,7
NFLX-2850,Secret Heist 4,Unscripted,APAC,37000698,4608314,36075937,6,8
NFLX-2851,Dark Kingdom 1,Crime,APAC,19726388,2532412,28771556,3,4
NFLX-2852,Wild Rivalry 3,Unscripted,UCAN,20761905,3952585,21544535,7,3
NFLX-2853,Silent Horizon 2,Crime,UCAN,20421726,2856611,31881223,8,7
NFLX-2854,Secret Rivalry 3,Comedy,UCAN,25638528,5436510,24316991,2,10
NFLX-2855,Infinite Hearts 4,Crime,APAC,18077950,4908333,21392691,7,6
NFLX-2856,Infinite Hearts 4,Animation,APAC,1966159,431015,1913388,4,1
NFLX-2857,Global Odyssey 2,Romance,LATAM,27448541,6703404,37965427,2,6
NFLX-2858,Royal Heist 2,Animation,UCAN,11751952,1532186,13938325,6,10
NFLX-2859,Dark Odyssey 1,Drama,EMEA,3847361,1110330,4238623,3,10
NFLX-2860,Secret Chronicles 4,Comedy,LATAM,34964628,7215530,32359852,9,4
NFLX-2861,Global Chronicles 1,Romance,APAC,4085513,843587,6039964,8,9
NFLX-2862,Royal Vengeance 3,Animation,APAC,19616595,3938683,24821039,10,1
NFLX-2863,Lost Heist 2,Sci-Fi,APAC,8837526,1929508,7850401,7,6
NFLX-2864,Infinite Protocol 1,Fantasy,UCAN,1131706,236133,1297087,6,7
NFLX-2865,Dark Chronicles 4,Crime,UCAN,11785225,3495410,15050936,6,6
NFLX-2866,Silent Heist 4,Sci-Fi,APAC,20974128,3339612,26994582,9,9
NFLX-2867,Secret Chronicles 2,Fantasy,UCAN,26804249,7789226,32817005,1,2
NFLX-2868,Dark Rivalry 1,Romance,UCAN,29089600,5313233,46336431,3,2
NFLX-2869,Infinite Empire 2,Unscripted,UCAN,16745507,3859933,14426344,9,6
NFLX-2870,Rising Frontier 1,Drama,EMEA,4277043,1031023,4251971,10,6
NFLX-2871,Golden Odyssey 3,Fantasy,EMEA,34290799,8403715,33602444,4,10
NFLX-2872,Royal Hearts 1,Comedy,APAC,19186574,3054673,30686093,3,3
NFLX-2873,Lost Protocol 1,Romance,EMEA,5180161,1274845,7598785,3,6
NFLX-2874,Shadow Chronicles 3,Romance,APAC,12546319,1745605,19116611,3,4
NFLX-2875,Infinite Legacy 1,Fantasy,APAC,16154549,2697835,20308831,5,2
NFLX-2876,Dark Vengeance 3,Action,LATAM,6795886,1081721,7143570,1,10
NFLX-2877,Dark Legacy 4,Animation,APAC,35484953,6415022,47165961,10,1
NFLX-2878,Wild Frontier 4,Documentary,EMEA,39375819,5686263,48459956,5,1
NFLX-2879,Shadow Vengeance 2,Sci-Fi,APAC,32944126,9243013,43118620,6,2
NFLX-2880,Infinite Horizon 1,Sci-Fi,LATAM,14981598,3066498,23526994,7,8
NFLX-2881,Global Kingdom 2,Sci-Fi,APAC,15690957,4635607,21422705,3,5
NFLX-2882,Ultimate Rivalry 2,Comedy,EMEA,6812099,1461453,9200941,4,1
NFLX-2883,Infinite Rivalry 2,Comedy,LATAM,29617160,8361567,31102075,2,9
NFLX-2884,Secret Rivalry 3,Documentary,EMEA,11787435,3476872,12226218,5,3
NFLX-2885,Wild Rivalry 1,Comedy,EMEA,16918232,4326140,24477431,1,10
NFLX-2886,Rising Kingdom 4,Action,UCAN,8419874,1790534,11237552,2,6
NFLX-2887,Infinite Odyssey 1,Animation,EMEA,7415578,1359123,7765173,10,9
NFLX-2888,Royal Vengeance 1,Crime,APAC,3112642,839004,3286748,3,5
NFLX-2889,Lost Chronicles 1,Fantasy,LATAM,26373386,6333080,39245242,2,1
NFLX-2890,Wild Empire 3,Unscripted,EMEA,18429327,4128598,17415545,3,1
NFLX-2891,Wild Heist 2,Romance,APAC,26109056,6253476,29926873,7,10
NFLX-2892,Ultimate Heist 3,Crime,LATAM,36554872,8128436,40465464,2,2
NFLX-2893,Wild Hearts 2,Animation,UCAN,15968278,2794414,22782793,5,3
NFLX-2894,Rising Legacy 4,Unscripted,LATAM,34885729,5882731,48691542,4,4
NFLX-2895,Rising Rivalry 2,Crime,EMEA,14504744,2008253,17088210,9,7
NFLX-2896,Infinite Frontier 3,Drama,APAC,24791484,3759157,35936453,4,9
NFLX-2897,Ultimate Horizon 2,Fantasy,EMEA,23553600,3966848,19235255,6,1
NFLX-2898,Royal Protocol 2,Fantasy,EMEA,18752228,5359562,28190418,1,4
NFLX-2899,Royal Horizon 4,Documentary,EMEA,14561272,1999302,15408341,8,7
NFLX-2900,Lost Legacy 3,Romance,UCAN,37372825,4515214,45536056,10,10
NFLX-2901,Lost Odyssey 2,Fantasy,APAC,14744965,4386213,22820032,10,7
NFLX-2902,Wild Horizon 4,Unscripted,APAC,36664557,6103861,47261802,1,7
NFLX-2903,Golden Chronicles 4,Drama,APAC,39707821,10813642,33401909,10,8
NFLX-2904,Secret Chronicles 1,Crime,EMEA,30566843,5825857,26963110,6,7
NFLX-2905,Infinite Vengeance 3,Drama,EMEA,5638766,1189401,6959678,1,2
NFLX-2906,Infinite Kingdom 3,Documentary,LATAM,14217735,2237127,14605442,6,10
NFLX-2907,Wild Horizon 3,Drama,EMEA,22257038,2737504,31328450,6,7
NFLX-2908,Infinite Vengeance 2,Romance,EMEA,21361909,5734995,17868145,5,3
NFLX-2909,Shadow Horizon 1,Romance,LATAM,22721965,3235310,32747573,1,3
NFLX-2910,Lost Legacy 2,Fantasy,EMEA,33417055,5047223,38171167,7,5
NFLX-2911,Shadow Chronicles 4,Crime,EMEA,38951381,9923172,38779802,9,1
NFLX-2912,Wild Horizon 2,Action,EMEA,15313255,4152674,12482695,1,2
NFLX-2913,Ultimate Kingdom 4,Animation,EMEA,6141114,1411658,9662861,4,1
NFLX-2914,Rising Rivalry 3,Comedy,APAC,31347693,5883604,33862483,8,1
NFLX-2915,Dark Horizon 3,Unscripted,LATAM,3963186,1008727,6167841,4,5
NFLX-2916,Rising Rivalry 3,Crime,EMEA,27542613,6268557,33242171,4,4
NFLX-2917,Secret Hearts 1,Comedy,LATAM,15421677,3737180,16911827,2,8
NFLX-2918,Golden Vengeance 1,Romance,LATAM,8823638,1537620,13312461,6,8
NFLX-2919,Silent Horizon 2,Unscripted,LATAM,26546572,5060689,26440449,9,6
NFLX-2920,Golden Legacy 4,Romance,EMEA,33772256,9272653,53122096,10,5
NFLX-2921,Wild Odyssey 2,Documentary,EMEA,9783660,2668194,12424725,8,8
NFLX-2922,Rising Legacy 2,Romance,APAC,31754674,6527413,36070555,1,5
NFLX-2923,Ultimate Legacy 4,Unscripted,APAC,24302942,5526953,21007795,6,4
NFLX-2924,Rising Chronicles 1,Action,APAC,14438319,2273067,19078687,10,10
NFLX-2925,Global Legacy 1,Animation,EMEA,2747954,514054,3948939,6,9
NFLX-2926,Ultimate Empire 3,Documentary,EMEA,16885713,4939851,20605078,6,7
NFLX-2927,Lost Empire 3,Comedy,LATAM,9233123,1822348,14340787,1,1
NFLX-2928,Global Odyssey 4,Drama,UCAN,5206987,854949,4415233,5,10
NFLX-2929,Wild Protocol 4,Sci-Fi,UCAN,34179537,8627177,42866515,6,2
NFLX-2930,Secret Hearts 1,Action,LATAM,30552826,5187953,43691895,7,2
NFLX-2931,Rising Vengeance 3,Romance,APAC,29024637,6151214,44658857,7,9
NFLX-2932,Silent Rivalry 1,Documentary,APAC,39661402,9551205,44789105,7,9
NFLX-2933,Ultimate Vengeance 1,Action,LATAM,25253782,7475905,28367392,10,6
NFLX-2934,Global Hearts 1,Documentary,LATAM,16114250,1944177,21807806,3,10
NFLX-2935,Golden Heist 4,Unscripted,EMEA,1664277,450805,1751546,4,10
NFLX-2936,Shadow Horizon 2,Comedy,UCAN,17503832,2312289,14770365,2,9
NFLX-2937,Infinite Horizon 1,Documentary,APAC,21137876,3463535,24537983,9,10
NFLX-2938,Secret Odyssey 4,Fantasy,EMEA,11751446,2043127,11856270,5,3
NFLX-2939,Global Empire 3,Animation,EMEA,19426443,5583240,17143627,3,4
NFLX-2940,Shadow Kingdom 2,Action,UCAN,36555616,8873968,56025917,7,7
NFLX-2941,Rising Kingdom 4,Documentary,UCAN,14175912,2220515,12363352,6,2
NFLX-2942,Shadow Rivalry 2,Drama,LATAM,24346564,3778761,29490831,7,6
NFLX-2943,Shadow Chronicles 3,Crime,EMEA,11760030,2446235,15934995,10,6
NFLX-2944,Lost Frontier 1,Animation,EMEA,5598678,1650504,8584671,9,7
NFLX-2945,Lost Protocol 1,Unscripted,APAC,23663418,3596996,33278307,9,4
NFLX-2946,Secret Frontier 2,Documentary,UCAN,37257648,9604175,56379125,1,4
NFLX-2947,Shadow Chronicles 3,Unscripted,LATAM,17888961,4100258,16130623,3,5
NFLX-2948,Ultimate Chronicles 3,Animation,APAC,16751263,4564024,26508202,10,2
NFLX-2949,Ultimate Chronicles 3,Comedy,APAC,13464892,4015585,13951696,5,7
NFLX-2950,Secret Empire 2,Sci-Fi,EMEA,24414811,6660738,26611034,2,6
NFLX-2951,Dark Legacy 2,Drama,EMEA,20420096,4071178,16503729,2,2
NFLX-2952,Global Frontier 4,Action,EMEA,21495819,4153420,22695572,7,4
NFLX-2953,Golden Odyssey 3,Documentary,UCAN,37971023,5812496,52915885,10,2
NFLX-2954,Ultimate Horizon 3,Action,LATAM,4196114,1020488,4756634,10,2
NFLX-2955,Global Horizon 1,Unscripted,APAC,6760146,1900485,5501511,9,3
NFLX-2956,Ultimate Rivalry 3,Comedy,UCAN,27645390,5394516,33960641,9,3
NFLX-2957,Ultimate Rivalry 1,Romance,EMEA,27485040,7167810,25736974,10,10
NFLX-2958,Infinite Heist 1,Fantasy,LATAM,18685835,4931819,22371718,2,1
NFLX-2959,Global Protocol 2,Comedy,EMEA,33536124,4825192,30303409,8,1
NFLX-2960,Golden Empire 2,Comedy,UCAN,3629048,867275,5690820,5,9
NFLX-2961,Lost Frontier 4,Comedy,EMEA,13342931,3857035,16614629,3,10
NFLX-2962,Lost Chronicles 3,Action,LATAM,3499491,1047232,3726769,1,3
NFLX-2963,Wild Hearts 4,Drama,APAC,3447275,431469,3552171,3,5
NFLX-2964,Global Horizon 3,Documentary,APAC,18182515,4815381,21108520,10,6
NFLX-2965,Global Vengeance 1,Documentary,UCAN,34234045,7709378,54009063,6,7
NFLX-2966,Infinite Vengeance 3,Crime,UCAN,6792687,1217665,10328036,6,7
NFLX-2967,Ultimate Empire 4,Fantasy,APAC,26062904,6398605,28097785,10,10
NFLX-2968,Dark Chronicles 2,Unscripted,UCAN,28463623,7950141,37507183,3,10
NFLX-2969,Global Chronicles 1,Crime,APAC,1112134,229943,1710110,10,5
NFLX-2970,Wild Kingdom 1,Animation,UCAN,14882708,2341297,17965687,2,5
NFLX-2971,Shadow Frontier 3,Crime,LATAM,38721035,5158230,39955408,2,5
NFLX-2972,Silent Frontier 1,Action,LATAM,21144396,4671705,24366797,10,6
NFLX-2973,Secret Vengeance 4,Romance,LATAM,4277923,768522,6228907,4,3
NFLX-2974,Wild Vengeance 4,Romance,UCAN,37852336,8020755,38029409,9,7
NFLX-2975,Wild Hearts 4,Action,APAC,10515979,1577647,13401573,9,3
NFLX-2976,Ultimate Hearts 2,Fantasy,UCAN,7934525,1172462,9692449,6,4
NFLX-2977,Global Horizon 3,Unscripted,EMEA,28847140,5588001,34269443,8,9
NFLX-2978,Global Frontier 4,Documentary,EMEA,37521548,11077932,36585336,5,10
NFLX-2979,Lost Frontier 4,Action,LATAM,5825049,1366044,5736745,2,8
NFLX-2980,Lost Protocol 3,Animation,LATAM,34252159,7122327,46583490,9,8
NFLX-2981,Rising Chronicles 1,Documentary,APAC,11001885,1960332,12573326,2,2
NFLX-2982,Royal Frontier 4,Unscripted,EMEA,22957657,5288597,22480500,6,6
NFLX-2983,Secret Protocol 4,Documentary,UCAN,27565176,6279162,31768307,4,1
NFLX-2984,Global Frontier 2,Action,LATAM,4595355,879001,6746239,4,1
NFLX-2985,Secret Vengeance 3,Animation,APAC,10917562,1861889,10241126,3,9
NFLX-2986,Rising Hearts 2,Documentary,LATAM,32685233,7177464,36125560,10,9
NFLX-2987,Rising Horizon 1,Sci-Fi,UCAN,18927711,2966287,15264921,5,9
NFLX-2988,Global Chronicles 3,Crime,APAC,16741071,4664162,18411534,7,7
NFLX-2989,Golden Kingdom 1,Action,EMEA,18029821,5021940,18355304,6,4
NFLX-2990,Royal Heist 4,Drama,APAC,33017984,9497659,49019610,7,3
NFLX-2991,Silent Heist 1,Action,LATAM,27013888,7387268,41605251,5,10
NFLX-2992,Royal Chronicles 1,Animation,LATAM,36115721,6602833,52613719,8,3
NFLX-2993,Shadow Protocol 1,Comedy,UCAN,24485835,6123365,38586737,4,9
NFLX-2994,Dark Legacy 4,Romance,EMEA,21976554,2990599,27233742,3,7
NFLX-2995,Ultimate Horizon 3,Crime,EMEA,27186843,5767953,32139035,5,7
NFLX-2996,Global Kingdom 1,Romance,EMEA,6015414,1689536,8018805,10,2
NFLX-2997,Royal Hearts 1,Romance,APAC,25641953,3784029,28110253,5,5
NFLX-2998,Secret Odyssey 2,Action,LATAM,7231707,1226545,8269856,9,3
NFLX-2999,Shadow Rivalry 2,Fantasy,EMEA,38776514,7724105,45783235,7,6
NFLX-3000,Infinite Protocol 1,Romance,UCAN,24769568,6206043,26278404,5,4
NFLX-3001,Wild Odyssey 2,Unscripted,APAC,33559785,9221162,29582241,10,3
NFLX-3002,Ultimate Vengeance 1,Animation,EMEA,4108321,1193013,4886854,4,5
NFLX-3003,Secret Protocol 2,Action,APAC,31814419,4109518,28632706,1,2
NFLX-3004,Secret Protocol 3,Romance,APAC,15848883,3655086,22397638,5,4
NFLX-3005,Wild Chronicles 3,Fantasy,APAC,9458488,2739794,8875457,8,9
NFLX-3006,Lost Horizon 3,Sci-Fi,LATAM,23492087,6905562,23874791,8,5
NFLX-3007,Secret Horizon 3,Action,APAC,14861073,2623474,19254891,4,3
NFLX-3008,Shadow Protocol 3,Action,UCAN,39562258,10705608,56518842,8,10
NFLX-3009,Rising Kingdom 3,Fantasy,UCAN,27933040,4133227,31339797,9,5
NFLX-3010,Wild Rivalry 1,Crime,APAC,11750416,2978723,11640772,5,8
NFLX-3011,Global Odyssey 1,Romance,UCAN,17386111,3941823,19478664,8,2
NFLX-3012,Rising Vengeance 4,Animation,APAC,16979044,2417941,26815933,6,6
NFLX-3013,Royal Protocol 1,Fantasy,LATAM,34008376,6363490,52749169,7,1
NFLX-3014,Secret Kingdom 1,Crime,APAC,7262758,1473040,5922314,10,1
NFLX-3015,Wild Legacy 1,Romance,UCAN,26217298,6876901,30622054,5,10
NFLX-3016,Global Kingdom 4,Animation,LATAM,36000728,8725954,37803675,7,3
NFLX-3017,Secret Vengeance 3,Animation,LATAM,37388215,10700596,52961167,7,8
NFLX-3018,Infinite Rivalry 2,Action,LATAM,29251872,4774709,34793511,6,9
NFLX-3019,Royal Horizon 1,Romance,UCAN,30997930,6699152,27974692,4,5
NFLX-3020,Secret Empire 2,Action,UCAN,13509048,1802024,17422259,4,1
NFLX-3021,Royal Kingdom 3,Comedy,APAC,21287373,3423179,33643938,7,4
NFLX-3022,Lost Kingdom 4,Romance,UCAN,18487197,2292826,22482798,1,1
NFLX-3023,Silent Rivalry 2,Action,APAC,24978456,3686974,31187497,1,9
NFLX-3024,Ultimate Protocol 2,Unscripted,LATAM,32099923,9317825,46474990,2,3
NFLX-3025,Shadow Hearts 4,Unscripted,UCAN,6436493,1551191,9321318,4,3
NFLX-3026,Secret Odyssey 2,Action,LATAM,25841031,3604228,22380573,8,9
NFLX-3027,Royal Heist 3,Animation,EMEA,26961993,6917914,42637603,8,5
NFLX-3028,Wild Rivalry 3,Unscripted,EMEA,14912980,3632195,14088154,6,5
NFLX-3029,Rising Chronicles 1,Fantasy,UCAN,36223623,9331661,48271099,6,2
NFLX-3030,Dark Horizon 4,Crime,UCAN,23191347,3643220,21231854,9,2
NFLX-3031,Golden Frontier 2,Romance,APAC,34926246,4818042,36348672,5,8
NFLX-3032,Secret Odyssey 4,Comedy,LATAM,2372423,396162,3693613,9,4
NFLX-3033,Dark Empire 3,Documentary,UCAN,7039485,1405960,6258339,9,4
NFLX-3034,Infinite Legacy 2,Drama,APAC,27000799,5518107,41476127,8,1
NFLX-3035,Golden Frontier 1,Unscripted,APAC,29725279,6474859,26358174,8,7
NFLX-3036,Ultimate Vengeance 3,Drama,APAC,28757376,7017596,38056492,2,7
NFLX-3037,Ultimate Chronicles 4,Comedy,UCAN,19420601,5286287,24013187,7,9
NFLX-3038,Global Rivalry 3,Sci-Fi,APAC,39040812,6274400,38177864,3,7
NFLX-3039,Rising Rivalry 3,Unscripted,EMEA,29316527,4094166,34412165,10,2
NFLX-3040,Infinite Legacy 3,Crime,UCAN,26464666,4367492,37783655,10,1
NFLX-3041,Royal Vengeance 4,Drama,LATAM,20523124,5471118,18564206,2,10
NFLX-3042,Silent Rivalry 1,Sci-Fi,UCAN,25582856,3529702,31899841,7,9
NFLX-3043,Ultimate Frontier 4,Romance,UCAN,31529228,4452425,32217120,6,4
NFLX-3044,Secret Frontier 2,Unscripted,LATAM,23379297,4495259,36520342,1,3
NFLX-3045,Ultimate Chronicles 4,Animation,UCAN,37436916,7561852,51148980,5,9
NFLX-3046,Global Heist 2,Crime,EMEA,37090194,7812211,36520204,5,4
NFLX-3047,Wild Frontier 1,Drama,APAC,24799298,6928182,28740095,6,2
NFLX-3048,Silent Odyssey 3,Documentary,APAC,39014458,9529210,38005455,6,2
NFLX-3049,Global Heist 1,Documentary,UCAN,6434244,1401084,5922293,4,2
NFLX-3050,Royal Protocol 3,Fantasy,APAC,38501157,11077234,48609670,6,10
NFLX-3051,Silent Chronicles 4,Romance,UCAN,33110374,5119003,45010477,6,7
NFLX-3052,Shadow Kingdom 1,Animation,EMEA,5446853,1545891,4922079,7,1
NFLX-3053,Lost Chronicles 4,Documentary,LATAM,37764251,5951272,48054152,8,7
NFLX-3054,Shadow Odyssey 1,Fantasy,APAC,27592642,7610616,32173133,7,1
NFLX-3055,Global Horizon 3,Crime,EMEA,22283362,5305443,34614837,10,8
NFLX-3056,Wild Rivalry 2,Sci-Fi,APAC,16360121,2628150,13671920,5,10
NFLX-3057,Infinite Vengeance 4,Action,APAC,18218566,3302141,29070197,1,5
NFLX-3058,Shadow Odyssey 1,Animation,EMEA,29946639,4764479,41335029,2,9
NFLX-3059,Secret Protocol 4,Drama,EMEA,19928692,2576054,18528867,10,10
NFLX-3060,Lost Frontier 3,Romance,APAC,8376366,1082398,7405955,10,8
NFLX-3061,Infinite Odyssey 4,Action,EMEA,24061472,4885447,27301639,9,10
NFLX-3062,Silent Heist 2,Unscripted,LATAM,20367128,3427896,24553141,1,4
NFLX-3063,Royal Legacy 3,Unscripted,EMEA,28475159,5640848,23039997,10,10
NFLX-3064,Ultimate Rivalry 4,Sci-Fi,LATAM,35356543,6850615,32025017,9,8
NFLX-3065,Global Frontier 4,Romance,APAC,29962997,6121731,38260191,4,10
NFLX-3066,Royal Horizon 2,Unscripted,LATAM,33853266,5182013,39769079,8,2
NFLX-3067,Wild Chronicles 1,Romance,LATAM,24497485,5382140,22012513,7,3
NFLX-3068,Ultimate Rivalry 1,Unscripted,LATAM,19788404,3200360,19024037,4,1
NFLX-3069,Ultimate Empire 2,Documentary,EMEA,25939978,4985777,21220098,1,7
NFLX-3070,Royal Odyssey 2,Drama,APAC,23571345,3637795,31196501,8,9
NFLX-3071,Infinite Protocol 2,Animation,EMEA,6562880,1193487,5967181,8,1
NFLX-3072,Global Horizon 3,Documentary,EMEA,19778256,5149803,24235611,6,4
NFLX-3073,Secret Chronicles 1,Documentary,LATAM,24800790,4364524,26786107,3,9
NFLX-3074,Global Protocol 2,Romance,APAC,20812732,3865536,32811238,1,8
NFLX-3075,Shadow Horizon 4,Fantasy,APAC,2339656,298464,3142130,10,3
NFLX-3076,Ultimate Chronicles 2,Sci-Fi,APAC,2793959,382061,4251208,6,9
NFLX-3077,Infinite Horizon 2,Animation,LATAM,36735134,8149867,53225094,8,3
NFLX-3078,Shadow Kingdom 2,Sci-Fi,EMEA,11070010,2458971,15990104,7,3
NFLX-3079,Royal Chronicles 4,Animation,APAC,21284253,4190440,22142724,4,4
NFLX-3080,Ultimate Hearts 1,Romance,UCAN,1800981,443554,1907860,3,9
NFLX-3081,Silent Odyssey 3,Sci-Fi,LATAM,1922857,285848,1764628,1,2
NFLX-3082,Golden Kingdom 3,Documentary,EMEA,18726163,3175523,15982004,8,10
NFLX-3083,Ultimate Rivalry 1,Drama,EMEA,27732155,7692908,31393962,6,1
NFLX-3084,Secret Protocol 2,Unscripted,APAC,17469305,4691252,17829521,4,7
NFLX-3085,Global Kingdom 3,Documentary,LATAM,14033387,4128161,11377111,9,8
NFLX-3086,Ultimate Empire 2,Unscripted,UCAN,29104795,3953200,24424147,5,6
NFLX-3087,Silent Frontier 2,Crime,LATAM,27433198,4614823,32600000,9,6
NFLX-3088,Shadow Vengeance 1,Animation,APAC,967569,123821,848096,2,10
NFLX-3089,Infinite Kingdom 4,Comedy,UCAN,9165537,2042652,9901695,1,2
NFLX-3090,Shadow Heist 3,Comedy,LATAM,15723290,4630754,21446969,8,1
NFLX-3091,Rising Frontier 2,Romance,EMEA,34424931,9766642,31988343,6,9
NFLX-3092,Wild Protocol 3,Sci-Fi,UCAN,29313614,7749728,43203995,8,2
NFLX-3093,Rising Frontier 2,Drama,APAC,22930926,4648288,33579863,2,5
NFLX-3094,Ultimate Odyssey 4,Crime,APAC,11133488,2029065,12340169,2,9
NFLX-3095,Shadow Empire 1,Comedy,EMEA,39094627,11502121,61064858,8,8
NFLX-3096,Dark Rivalry 4,Romance,APAC,12032730,2002474,18115212,4,5
NFLX-3097,Dark Rivalry 3,Documentary,APAC,35322254,8076370,42256927,7,6
NFLX-3098,Silent Chronicles 3,Unscripted,EMEA,15451885,4264392,23416739,1,3
NFLX-3099,Royal Frontier 1,Crime,EMEA,36332170,8549952,47879233,3,5
NFLX-3100,Silent Frontier 4,Drama,UCAN,3844658,467922,4821582,2,7
NFLX-3101,Golden Protocol 4,Crime,APAC,28363577,7891218,25582693,7,7
NFLX-3102,Golden Vengeance 2,Comedy,EMEA,18062326,5167842,23031623,4,7
NFLX-3103,Royal Empire 1,Animation,UCAN,18514037,4319606,28481292,1,2
NFLX-3104,Wild Protocol 2,Romance,LATAM,7796960,1095136,12127221,8,3
NFLX-3105,Ultimate Horizon 3,Sci-Fi,EMEA,33473423,5994641,52486370,10,1
NFLX-3106,Global Rivalry 1,Fantasy,EMEA,8947242,2357538,13731556,4,6
NFLX-3107,Royal Hearts 3,Romance,EMEA,11477930,2490328,10632370,4,6
NFLX-3108,Royal Horizon 4,Romance,APAC,6031110,994260,9567454,10,1
NFLX-3109,Ultimate Heist 4,Comedy,EMEA,31703830,5152822,43842442,6,1
NFLX-3110,Global Vengeance 2,Comedy,UCAN,39064065,11518045,32436786,1,7
NFLX-3111,Rising Kingdom 4,Sci-Fi,EMEA,20706883,4360514,18978255,4,6
NFLX-3112,Lost Odyssey 1,Documentary,LATAM,17182210,3977059,15463177,10,3
NFLX-3113,Golden Vengeance 1,Unscripted,APAC,24906470,4188648,36092957,10,4
NFLX-3114,Royal Empire 3,Crime,APAC,39925255,7086878,32554245,4,10
NFLX-3115,Ultimate Vengeance 3,Comedy,APAC,37942445,6836746,51416967,4,4
NFLX-3116,Shadow Chronicles 2,Crime,UCAN,32806334,5946792,32345561,4,1
NFLX-3117,Ultimate Empire 4,Documentary,UCAN,12493251,3204113,11519047,5,1
NFLX-3118,Wild Frontier 3,Crime,APAC,11055052,1784586,9330151,1,6
NFLX-3119,Secret Horizon 1,Comedy,LATAM,9363001,2503606,9937166,8,2
NFLX-3120,Lost Protocol 3,Fantasy,APAC,4133205,1207243,5964948,5,1
NFLX-3121,Rising Heist 2,Documentary,EMEA,26891920,3607963,28086962,10,3
NFLX-3122,Lost Protocol 1,Comedy,EMEA,16107523,4289096,19466801,8,9
NFLX-3123,Secret Frontier 1,Crime,EMEA,1930863,489910,2084245,5,10
NFLX-3124,Rising Chronicles 4,Sci-Fi,EMEA,33867358,5978625,50349151,8,2
NFLX-3125,Infinite Horizon 2,Comedy,LATAM,19133927,2356168,21576634,7,2
NFLX-3126,Golden Horizon 2,Sci-Fi,EMEA,29529634,4242114,29233074,1,8
NFLX-3127,Infinite Chronicles 3,Drama,EMEA,10824211,2481779,9133338,7,9
NFLX-3128,Lost Rivalry 4,Animation,APAC,31408942,5499484,47170312,4,7
NFLX-3129,Global Hearts 1,Animation,UCAN,7835286,2232765,6544854,7,2
NFLX-3130,Global Vengeance 2,Animation,LATAM,33087539,7093971,48468162,9,2
NFLX-3131,Shadow Frontier 2,Drama,EMEA,26722061,5062688,35410870,4,9
NFLX-3132,Shadow Chronicles 4,Fantasy,APAC,36447317,4954906,50555609,6,7
NFLX-3133,Royal Legacy 3,Drama,APAC,22919150,5880461,36547077,9,3
NFLX-3134,Infinite Kingdom 2,Fantasy,UCAN,1307421,193622,1547115,8,3
NFLX-3135,Global Vengeance 1,Documentary,APAC,10857433,2198176,14177841,6,7
NFLX-3136,Rising Legacy 4,Fantasy,LATAM,2431279,388883,3811131,7,10
NFLX-3137,Silent Hearts 3,Sci-Fi,EMEA,23765263,5450840,37586046,4,7
NFLX-3138,Silent Chronicles 3,Unscripted,APAC,18178855,5269822,22749726,7,9
NFLX-3139,Shadow Vengeance 4,Romance,EMEA,5088777,919912,7606285,8,2
NFLX-3140,Secret Horizon 3,Action,APAC,3549011,814042,3836038,6,7
NFLX-3141,Dark Odyssey 2,Sci-Fi,UCAN,29953781,8619487,28983495,1,1
NFLX-3142,Ultimate Protocol 3,Unscripted,EMEA,14856470,3038899,14740309,8,8
NFLX-3143,Dark Legacy 2,Sci-Fi,APAC,33727548,6967627,45532535,10,3
NFLX-3144,Infinite Chronicles 3,Documentary,APAC,10814561,1499215,8760791,5,1
NFLX-3145,Ultimate Protocol 3,Action,EMEA,2095518,627443,2779803,5,10
NFLX-3146,Global Hearts 1,Animation,LATAM,38619746,7425151,57053287,8,4
NFLX-3147,Shadow Hearts 4,Comedy,EMEA,25834034,4097792,22680147,4,5
NFLX-3148,Dark Hearts 2,Drama,UCAN,2507136,432202,3169547,6,3
NFLX-3149,Royal Odyssey 2,Drama,APAC,19154901,5717472,16953720,10,7
NFLX-3150,Lost Odyssey 4,Unscripted,LATAM,34858708,8532493,45154498,6,2
NFLX-3151,Shadow Frontier 4,Comedy,LATAM,23103859,6007882,21351715,7,1
NFLX-3152,Global Heist 2,Crime,UCAN,9199944,2683679,9011932,1,6
NFLX-3153,Infinite Vengeance 4,Romance,UCAN,12878377,3073722,14005757,9,10
NFLX-3154,Golden Legacy 3,Sci-Fi,LATAM,34513522,4216000,51979067,2,7
NFLX-3155,Infinite Horizon 1,Fantasy,UCAN,12558981,1794378,12232546,9,9
NFLX-3156,Rising Odyssey 4,Animation,UCAN,39671659,10470871,49411013,7,2
NFLX-3157,Lost Heist 4,Unscripted,EMEA,37520961,10280430,54339764,5,5
NFLX-3158,Rising Heist 1,Comedy,LATAM,17916200,2631021,24281176,9,9
NFLX-3159,Infinite Empire 1,Crime,APAC,16250817,2828237,19007262,1,4
NFLX-3160,Secret Chronicles 1,Comedy,APAC,26044884,6932918,33989583,5,2
NFLX-3161,Royal Empire 4,Drama,APAC,6222357,1255397,5099880,2,9
NFLX-3162,Royal Vengeance 1,Sci-Fi,LATAM,21661331,4074620,32006763,10,3
NFLX-3163,Rising Vengeance 4,Unscripted,LATAM,19925736,2553442,16951071,5,2
NFLX-3164,Rising Chronicles 2,Sci-Fi,UCAN,7939979,2381165,12347418,9,2
NFLX-3165,Rising Legacy 3,Sci-Fi,LATAM,11007394,1550412,11578570,10,1
NFLX-3166,Rising Odyssey 4,Drama,EMEA,28287801,7187116,22661098,1,7
NFLX-3167,Silent Chronicles 3,Fantasy,APAC,35837318,4440980,34767362,2,5
NFLX-3168,Lost Horizon 3,Action,APAC,8898222,1311988,13855356,6,8
NFLX-3169,Royal Odyssey 1,Romance,EMEA,2333507,640345,2282140,8,5
NFLX-3170,Rising Frontier 4,Drama,LATAM,17071340,4224190,21966834,7,10
NFLX-3171,Rising Chronicles 2,Unscripted,EMEA,5251869,994470,4219591,4,3
NFLX-3172,Infinite Kingdom 3,Crime,UCAN,37847506,7872428,31654844,7,4
NFLX-3173,Secret Rivalry 1,Sci-Fi,UCAN,36323746,8569544,46568806,5,7
NFLX-3174,Secret Heist 3,Crime,APAC,3013350,518150,3347222,1,5
NFLX-3175,Silent Odyssey 4,Romance,EMEA,38176972,8948833,42103733,10,9
NFLX-3176,Royal Odyssey 3,Fantasy,UCAN,31859776,7548653,25796657,7,2
NFLX-3177,Global Legacy 4,Romance,UCAN,5319489,1547668,6147268,4,8
NFLX-3178,Lost Frontier 3,Animation,LATAM,14055246,4050184,20418036,8,9
NFLX-3179,Secret Chronicles 1,Romance,UCAN,39002664,7650853,53152340,1,1
NFLX-3180,Rising Frontier 1,Comedy,UCAN,18488499,2505257,19030049,6,6
NFLX-3181,Royal Horizon 4,Documentary,LATAM,16093557,3848875,15878463,5,10
NFLX-3182,Golden Horizon 3,Action,LATAM,15855299,2213425,19883139,1,4
NFLX-3183,Golden Empire 3,Crime,UCAN,4217913,1033606,4424140,10,10
NFLX-3184,Ultimate Horizon 4,Action,LATAM,26398439,7716371,36274264,10,8
NFLX-3185,Wild Kingdom 2,Sci-Fi,APAC,15026110,4153661,23579320,7,3
NFLX-3186,Rising Hearts 4,Comedy,LATAM,38091533,10370174,55543038,7,6
NFLX-3187,Wild Empire 2,Romance,APAC,37638590,5143237,43758173,2,4
NFLX-3188,Rising Frontier 2,Sci-Fi,APAC,26707147,3365315,30773436,1,6
NFLX-3189,Lost Hearts 1,Romance,LATAM,21936584,3127129,25665935,2,7
NFLX-3190,Ultimate Protocol 1,Unscripted,LATAM,25397014,4844888,35558163,7,4
NFLX-3191,Royal Hearts 4,Drama,UCAN,20362253,4746656,27083778,6,6
NFLX-3192,Silent Legacy 2,Animation,LATAM,17313281,3559238,23011594,2,9
NFLX-3193,Infinite Horizon 2,Action,EMEA,8965325,2451155,11506720,1,6
NFLX-3194,Global Frontier 2,Unscripted,UCAN,975666,131165,817928,2,1
NFLX-3195,Secret Protocol 4,Sci-Fi,APAC,5225349,1059393,7717163,9,5
NFLX-3196,Rising Vengeance 1,Comedy,UCAN,16001347,3857372,12816532,9,9
NFLX-3197,Ultimate Rivalry 2,Fantasy,EMEA,25697230,5972263,37666137,9,7
NFLX-3198,Silent Heist 2,Crime,UCAN,4617888,772258,4668485,2,8
NFLX-3199,Wild Kingdom 2,Unscripted,EMEA,21774176,2888068,30042080,3,3
NFLX-3200,Secret Hearts 2,Comedy,UCAN,28058973,3779263,27235675,7,5
NFLX-3201,Secret Kingdom 4,Sci-Fi,LATAM,2449899,476316,2264766,2,7
NFLX-3202,Royal Empire 4,Fantasy,LATAM,21764393,4999456,33309286,2,7
NFLX-3203,Silent Horizon 3,Drama,LATAM,10387949,2326203,10182917,2,10
NFLX-3204,Golden Empire 2,Action,LATAM,36313338,10154545,33384594,7,8
NFLX-3205,Secret Heist 4,Animation,LATAM,31443586,7197512,39824518,10,10
NFLX-3206,Lost Heist 2,Action,LATAM,28314899,4713436,39903854,9,5
NFLX-3207,Dark Vengeance 4,Fantasy,APAC,34544033,10189075,30757056,2,2
NFLX-3208,Rising Empire 2,Drama,APAC,17780797,4398183,14570412,1,6
NFLX-3209,Shadow Kingdom 4,Sci-Fi,EMEA,21791228,4944207,29679312,1,7
NFLX-3210,Golden Heist 4,Fantasy,APAC,3998417,736266,3748053,2,3
NFLX-3211,Global Vengeance 3,Unscripted,LATAM,31904403,6197179,29819101,7,7
NFLX-3212,Golden Legacy 2,Comedy,LATAM,22243331,2959316,26847165,1,3
NFLX-3213,Royal Protocol 3,Animation,APAC,31934268,7979323,45207730,10,4
NFLX-3214,Royal Protocol 4,Animation,EMEA,23736894,6957299,20270320,3,5
NFLX-3215,Golden Kingdom 3,Sci-Fi,UCAN,4821180,766484,5706288,7,8
NFLX-3216,Global Empire 4,Comedy,EMEA,26870083,5463842,42085896,7,2
NFLX-3217,Secret Heist 3,Fantasy,EMEA,11262095,1413542,10859239,1,9
NFLX-3218,Global Protocol 4,Crime,UCAN,34602274,7752520,47043185,3,5
NFLX-3219,Wild Hearts 2,Fantasy,APAC,15476794,4193296,24286786,3,2
NFLX-3220,Global Kingdom 2,Sci-Fi,LATAM,30120292,5928175,29626987,6,5
NFLX-3221,Shadow Protocol 2,Comedy,UCAN,32171104,4231452,29178787,8,1
NFLX-3222,Shadow Odyssey 2,Fantasy,APAC,17504332,2319041,25620802,3,8
NFLX-3223,Royal Vengeance 4,Crime,APAC,22394075,5205435,19101651,6,6
NFLX-3224,Lost Chronicles 1,Drama,EMEA,5919984,832753,4889248,5,9
NFLX-3225,Rising Vengeance 2,Comedy,APAC,12104345,1556354,11697554,4,7
NFLX-3226,Global Kingdom 2,Comedy,LATAM,22125079,5625257,18377733,9,4
NFLX-3227,Global Vengeance 2,Documentary,LATAM,18931988,3828831,18136714,4,10
NFLX-3228,Secret Horizon 2,Fantasy,UCAN,8006610,1983265,11985575,4,2
NFLX-3229,Infinite Horizon 4,Fantasy,APAC,21005029,3300760,16959456,1,5
NFLX-3230,Lost Odyssey 3,Sci-Fi,UCAN,26641236,5071784,23435553,10,8
NFLX-3231,Global Legacy 3,Documentary,EMEA,37565503,6733827,30877921,2,8
NFLX-3232,Infinite Odyssey 2,Animation,APAC,11905580,2685217,14436461,5,2
NFLX-3233,Secret Protocol 1,Action,UCAN,27876754,8253762,36022873,7,2
NFLX-3234,Golden Vengeance 2,Sci-Fi,EMEA,11400400,2132399,15580683,4,3
NFLX-3235,Ultimate Rivalry 1,Action,LATAM,31103594,7292952,41005028,4,6
NFLX-3236,Rising Vengeance 1,Documentary,APAC,27651702,5009803,25978371,4,10
NFLX-3237,Lost Legacy 1,Sci-Fi,UCAN,22619890,6041158,32143650,6,9
NFLX-3238,Wild Horizon 2,Romance,APAC,36960102,5613880,45894490,1,4
NFLX-3239,Secret Kingdom 3,Fantasy,UCAN,16469214,4669444,13437192,6,9
NFLX-3240,Shadow Legacy 4,Sci-Fi,APAC,5023604,1371033,7231066,5,3
NFLX-3241,Ultimate Frontier 2,Action,EMEA,20298230,3767427,26968242,3,1
NFLX-3242,Lost Vengeance 3,Animation,APAC,30226184,6325329,31947266,10,2
NFLX-3243,Secret Rivalry 2,Romance,LATAM,1729531,443706,2364118,8,7
NFLX-3244,Ultimate Kingdom 3,Action,UCAN,6389684,767408,10209796,10,6
NFLX-3245,Shadow Frontier 4,Drama,UCAN,23896199,7015133,31720723,3,2
NFLX-3246,Dark Empire 4,Fantasy,APAC,4579406,973230,3691962,5,8
NFLX-3247,Infinite Rivalry 1,Comedy,LATAM,971940,277705,1311620,5,7
NFLX-3248,Secret Vengeance 1,Crime,APAC,39243027,10682554,59142596,3,8
NFLX-3249,Secret Rivalry 3,Unscripted,UCAN,15285874,3696378,14811934,9,9
NFLX-3250,Wild Protocol 2,Fantasy,EMEA,38136092,8091652,56770310,9,2
NFLX-3251,Shadow Odyssey 2,Animation,APAC,27070125,3497647,36743397,10,1
NFLX-3252,Wild Legacy 4,Crime,APAC,39918774,8974963,41022676,10,5
NFLX-3253,Rising Protocol 4,Documentary,EMEA,19096120,5601692,16962232,8,7
NFLX-3254,Royal Heist 4,Comedy,APAC,23542487,3809332,24198083,8,6
NFLX-3255,Royal Chronicles 4,Drama,EMEA,17242698,4093531,18496346,9,4
NFLX-3256,Royal Hearts 3,Animation,UCAN,31508404,7773995,45684033,10,7
NFLX-3257,Lost Hearts 3,Romance,LATAM,33845002,8118697,36007444,9,2
NFLX-3258,Infinite Kingdom 3,Crime,EMEA,3113435,908949,3708239,4,1
NFLX-3259,Silent Rivalry 1,Romance,APAC,26533506,7583728,23220414,4,6
NFLX-3260,Wild Legacy 1,Romance,LATAM,26531810,3893548,33618312,4,9
NFLX-3261,Lost Odyssey 1,Crime,LATAM,27934118,6389165,35345438,3,9
NFLX-3262,Lost Rivalry 1,Comedy,LATAM,6338361,1858159,8949660,7,6
NFLX-3263,Dark Heist 4,Crime,EMEA,22714010,3889861,32869208,8,3
NFLX-3264,Rising Frontier 1,Crime,LATAM,9087177,1878981,9055677,2,5
NFLX-3265,Infinite Frontier 3,Drama,LATAM,24453495,4451557,25704796,8,1
NFLX-3266,Ultimate Legacy 1,Unscripted,UCAN,32058849,4969797,32096715,5,5
NFLX-3267,Lost Frontier 3,Romance,APAC,7959624,1109565,11245174,10,4
NFLX-3268,Wild Frontier 1,Comedy,APAC,1457585,260159,2148758,8,7
NFLX-3269,Secret Heist 2,Comedy,LATAM,2272661,393822,2481159,7,9
NFLX-3270,Golden Protocol 2,Drama,EMEA,25395937,6756084,27828193,6,10
NFLX-3271,Lost Legacy 2,Unscripted,LATAM,22835862,4794389,26100548,8,9
NFLX-3272,Royal Rivalry 3,Crime,LATAM,9687100,2658223,11532753,4,10
NFLX-3273,Golden Frontier 1,Documentary,APAC,2873348,436834,2365872,4,7
NFLX-3274,Royal Horizon 2,Unscripted,UCAN,12830696,1964085,19984537,1,10
NFLX-3275,Silent Protocol 3,Drama,APAC,7491631,1715498,8737708,7,8
NFLX-3276,Global Vengeance 1,Action,UCAN,12085906,1901078,10042642,4,5
NFLX-3277,Rising Frontier 1,Romance,APAC,32418539,9214178,49121783,7,3
NFLX-3278,Golden Chronicles 2,Crime,LATAM,39971165,10949313,55470119,2,10
NFLX-3279,Ultimate Frontier 4,Animation,LATAM,8048063,1454216,6454188,1,8
NFLX-3280,Secret Heist 2,Unscripted,UCAN,4234829,604166,6429200,3,9
NFLX-3281,Dark Rivalry 4,Romance,EMEA,12702476,1648087,14775824,5,10
NFLX-3282,Shadow Protocol 4,Fantasy,APAC,11674629,3362711,17658241,1,7
NFLX-3283,Dark Heist 2,Fantasy,UCAN,5811685,872531,9209664,10,9
NFLX-3284,Global Odyssey 3,Unscripted,APAC,25040022,4465334,30113519,5,8
NFLX-3285,Infinite Legacy 4,Drama,APAC,18301928,4485059,21083245,5,6
NFLX-3286,Ultimate Protocol 4,Crime,APAC,37417411,6177970,43876446,8,9
NFLX-3287,Shadow Odyssey 1,Romance,UCAN,18792843,3873942,21297165,8,1
NFLX-3288,Infinite Chronicles 2,Animation,APAC,10777935,1594179,13328045,9,1
NFLX-3289,Royal Heist 2,Unscripted,UCAN,25844009,5136714,25991991,1,6
NFLX-3290,Dark Kingdom 1,Fantasy,APAC,2733073,686423,2918241,7,9
NFLX-3291,Shadow Legacy 2,Sci-Fi,APAC,25867076,5301483,27017941,10,6
NFLX-3292,Wild Chronicles 2,Romance,LATAM,8768528,2253288,13188688,5,3
NFLX-3293,Shadow Rivalry 3,Crime,EMEA,18623215,3572001,16138220,1,2
NFLX-3294,Royal Frontier 1,Animation,EMEA,37823565,7534400,30855573,2,8
NFLX-3295,Global Vengeance 4,Romance,UCAN,25130232,5184791,23532955,2,1
NFLX-3296,Silent Odyssey 1,Documentary,LATAM,15595159,3409646,17774099,6,8
NFLX-3297,Royal Horizon 4,Comedy,EMEA,28167902,3652462,24410022,2,2
NFLX-3298,Global Frontier 1,Drama,APAC,3922302,821115,5695942,6,1
NFLX-3299,Golden Heist 1,Action,UCAN,10472193,1801539,11293343,8,3
NFLX-3300,Wild Rivalry 2,Animation,LATAM,2699299,804813,2336315,3,10
NFLX-3301,Silent Protocol 4,Documentary,APAC,22898437,6326107,30042817,7,6
NFLX-3302,Royal Vengeance 4,Documentary,EMEA,11707065,2213150,12611305,10,5
NFLX-3303,Wild Rivalry 2,Drama,EMEA,6095577,855459,6848812,4,8
NFLX-3304,Rising Legacy 3,Sci-Fi,LATAM,16495764,4298396,19248391,10,4
NFLX-3305,Silent Horizon 4,Animation,APAC,25955767,6588550,31844055,7,1
NFLX-3306,Shadow Protocol 3,Romance,UCAN,31222779,7440820,32501130,6,9
NFLX-3307,Rising Frontier 4,Fantasy,UCAN,18957115,4364106,19303956,9,1
NFLX-3308,Dark Protocol 4,Comedy,EMEA,3528808,705611,4725329,5,6
NFLX-3309,Global Frontier 4,Crime,LATAM,17843417,2923243,19611847,3,8
NFLX-3310,Golden Frontier 1,Sci-Fi,UCAN,6575309,856208,8897573,9,6
NFLX-3311,Golden Chronicles 3,Unscripted,APAC,34838169,8371478,44862868,6,10
NFLX-3312,Dark Heist 1,Crime,EMEA,39213425,8235384,44297049,4,1
NFLX-3313,Wild Kingdom 2,Documentary,UCAN,3176515,465687,4789548,7,5
NFLX-3314,Ultimate Protocol 4,Comedy,UCAN,22977877,3983702,34035974,3,10
NFLX-3315,Shadow Kingdom 1,Animation,LATAM,4810920,1273863,7135037,8,5
NFLX-3316,Royal Vengeance 3,Romance,EMEA,26444048,4003916,21259319,4,8
NFLX-3317,Secret Kingdom 3,Romance,LATAM,5909247,792631,5967159,3,8
NFLX-3318,Lost Hearts 1,Documentary,EMEA,10167491,2861844,13189226,7,8
NFLX-3319,Infinite Frontier 4,Animation,APAC,32083923,5460058,34153794,9,5
NFLX-3320,Silent Odyssey 1,Crime,EMEA,786648,180825,702034,3,10
NFLX-3321,Golden Empire 4,Drama,EMEA,29689954,5987338,28074703,2,10
NFLX-3322,Dark Odyssey 4,Crime,UCAN,7941025,1351435,7326016,9,5
NFLX-3323,Rising Kingdom 2,Unscripted,EMEA,27821599,7781023,24902077,6,7
NFLX-3324,Shadow Horizon 2,Comedy,LATAM,4667625,1241822,7341569,1,7
NFLX-3325,Lost Frontier 3,Fantasy,UCAN,21711286,3004513,34178781,1,3
NFLX-3326,Golden Heist 4,Documentary,LATAM,17148084,4641290,14443591,3,8
NFLX-3327,Secret Hearts 4,Comedy,EMEA,20515318,5690555,23905568,7,4
NFLX-3328,Secret Chronicles 2,Sci-Fi,LATAM,36980804,7709672,50250359,3,9
NFLX-3329,Silent Hearts 1,Unscripted,APAC,5705920,1590586,6020658,6,10
NFLX-3330,Shadow Protocol 4,Unscripted,LATAM,24232338,5998888,27780115,5,2
NFLX-3331,Shadow Legacy 2,Fantasy,LATAM,23222292,6708118,21169623,9,9
NFLX-3332,Infinite Horizon 1,Action,EMEA,26680058,6634135,33922774,9,5
NFLX-3333,Ultimate Hearts 2,Fantasy,EMEA,30632384,5486288,46155119,1,4
NFLX-3334,Secret Rivalry 2,Comedy,APAC,6618371,1693207,9491640,3,4
NFLX-3335,Golden Heist 1,Crime,APAC,26111110,7740097,31812821,3,8
NFLX-3336,Golden Kingdom 4,Comedy,APAC,36844720,9579747,50180251,3,8
NFLX-3337,Ultimate Hearts 4,Unscripted,UCAN,16820938,3550015,15469116,8,8
NFLX-3338,Shadow Empire 3,Romance,UCAN,986751,236673,1110450,4,4
NFLX-3339,Rising Rivalry 3,Action,APAC,16788520,3299798,18025808,4,3
NFLX-3340,Silent Kingdom 1,Drama,EMEA,22685630,4889508,22013509,10,8
NFLX-3341,Dark Legacy 2,Romance,LATAM,8993552,1636739,8419513,8,1
NFLX-3342,Rising Vengeance 2,Documentary,UCAN,10726920,1939375,11422602,7,9
NFLX-3343,Royal Vengeance 2,Animation,APAC,31246151,5398425,41225897,2,7
NFLX-3344,Silent Hearts 1,Action,APAC,19658853,4641184,22013683,4,9
NFLX-3345,Infinite Protocol 4,Animation,UCAN,20432672,3476348,32102336,5,7
NFLX-3346,Silent Vengeance 2,Crime,LATAM,12466571,1654308,16192576,3,5
NFLX-3347,Shadow Frontier 3,Action,APAC,29873769,7129744,24592263,7,3
NFLX-3348,Dark Rivalry 3,Action,EMEA,11214592,1409890,12755439,7,1
NFLX-3349,Wild Hearts 3,Crime,UCAN,6213867,1549203,5611238,4,4
NFLX-3350,Royal Hearts 1,Sci-Fi,LATAM,34360082,9486341,41199086,7,3
NFLX-3351,Shadow Empire 2,Action,APAC,37391338,6643854,48595407,9,2
NFLX-3352,Global Hearts 1,Sci-Fi,EMEA,15160580,2583918,14635490,4,6
NFLX-3353,Infinite Kingdom 1,Comedy,APAC,33450597,8631939,31194709,2,6
NFLX-3354,Infinite Protocol 4,Animation,EMEA,31549925,7087560,42828078,5,6
NFLX-3355,Silent Protocol 3,Animation,EMEA,25185630,4575438,20660639,4,7
NFLX-3356,Ultimate Frontier 1,Romance,UCAN,20656986,5733546,25018850,5,2
NFLX-3357,Shadow Empire 3,Comedy,EMEA,9290016,2223144,12924779,6,3
NFLX-3358,Global Kingdom 2,Sci-Fi,APAC,21527561,2843321,18880199,3,2
NFLX-3359,Rising Protocol 4,Documentary,EMEA,21952653,5810638,20177785,1,3
NFLX-3360,Silent Rivalry 4,Animation,EMEA,31586799,6706520,30386025,9,3
NFLX-3361,Rising Legacy 2,Action,LATAM,12063049,1646378,16632487,3,5
NFLX-3362,Rising Legacy 2,Animation,LATAM,29793556,7028819,29401510,1,10
NFLX-3363,Rising Chronicles 2,Sci-Fi,UCAN,24773102,5915971,34056675,6,8
NFLX-3364,Royal Protocol 1,Drama,EMEA,32608428,5397298,41941798,3,4
NFLX-3365,Ultimate Protocol 3,Unscripted,UCAN,6294440,1428723,7823677,2,4
NFLX-3366,Rising Vengeance 2,Documentary,EMEA,32241924,5112957,27564455,10,7
NFLX-3367,Golden Heist 4,Unscripted,APAC,6350834,1035560,6023839,3,2
NFLX-3368,Secret Heist 1,Comedy,UCAN,14177880,4237878,17041820,1,2
NFLX-3369,Rising Frontier 3,Fantasy,UCAN,11422716,3325630,14786194,1,9
NFLX-3370,Shadow Rivalry 1,Animation,APAC,28160165,5206348,29332046,4,2
NFLX-3371,Royal Chronicles 1,Fantasy,LATAM,5204575,804600,6956231,7,9
NFLX-3372,Golden Vengeance 2,Sci-Fi,APAC,10674003,2109042,10533145,7,8
NFLX-3373,Global Odyssey 1,Romance,UCAN,1261362,200780,1875148,9,10
NFLX-3374,Secret Frontier 1,Fantasy,APAC,19999299,5327118,16571654,1,2
NFLX-3375,Dark Vengeance 2,Comedy,UCAN,17211140,4540683,17519988,10,6
NFLX-3376,Infinite Legacy 4,Sci-Fi,EMEA,35345514,6728064,41700616,1,8
NFLX-3377,Silent Protocol 2,Action,APAC,10702146,2874507,10497466,4,2
NFLX-3378,Infinite Legacy 2,Romance,UCAN,6729179,1840428,8895022,1,6
NFLX-3379,Golden Kingdom 1,Crime,APAC,14309277,2744644,12139154,8,1
NFLX-3380,Global Protocol 3,Unscripted,APAC,27156520,4459143,36637813,3,4
NFLX-3381,Dark Vengeance 4,Drama,UCAN,33594888,8150580,29781060,9,1
NFLX-3382,Global Frontier 4,Sci-Fi,EMEA,3758549,584913,4688964,3,4
NFLX-3383,Rising Empire 1,Unscripted,EMEA,36370811,6283692,51743041,9,9
NFLX-3384,Shadow Empire 2,Crime,APAC,22985077,2779740,29416828,10,8
NFLX-3385,Ultimate Heist 3,Fantasy,LATAM,25587565,4625712,31736965,5,6
NFLX-3386,Lost Chronicles 2,Animation,UCAN,39161974,10209923,61243542,4,5
NFLX-3387,Shadow Heist 2,Unscripted,APAC,36917361,5800253,46096308,8,4
NFLX-3388,Infinite Frontier 2,Comedy,LATAM,36194472,6024843,29447647,4,7
NFLX-3389,Rising Kingdom 3,Fantasy,EMEA,28235772,7452024,32100495,9,7
NFLX-3390,Golden Kingdom 3,Sci-Fi,APAC,15994650,2173682,19079618,1,7
NFLX-3391,Dark Chronicles 4,Action,EMEA,11818376,2440984,14891980,1,2
NFLX-3392,Rising Protocol 3,Drama,UCAN,7942919,1338253,11115617,2,6
NFLX-3393,Silent Heist 1,Documentary,LATAM,25950676,3453632,39271313,9,7
NFLX-3394,Secret Chronicles 3,Unscripted,UCAN,13803879,1845620,20732881,9,10
NFLX-3395,Ultimate Horizon 1,Action,EMEA,23302597,3927196,31864479,6,5
NFLX-3396,Ultimate Vengeance 4,Fantasy,LATAM,25986258,4313402,31319826,4,8
NFLX-3397,Silent Chronicles 3,Drama,LATAM,19966120,4827778,29985678,6,5
NFLX-3398,Lost Frontier 3,Unscripted,APAC,2423488,723764,1955981,2,2
NFLX-3399,Royal Horizon 2,Comedy,APAC,10555311,3107075,16520845,7,10
NFLX-3400,Silent Odyssey 2,Sci-Fi,APAC,14435784,3110447,16059276,9,6
NFLX-3401,Wild Legacy 3,Romance,UCAN,39790694,4985288,37997842,10,10
NFLX-3402,Secret Horizon 3,Drama,UCAN,5173004,1368958,4920461,5,1
NFLX-3403,Dark Odyssey 3,Fantasy,EMEA,13171457,3859466,19721412,8,1
NFLX-3404,Global Vengeance 4,Comedy,APAC,38779733,9265950,41283960,6,2
NFLX-3405,Rising Heist 3,Documentary,EMEA,26484415,4747981,30250430,3,2
NFLX-3406,Golden Vengeance 4,Action,APAC,9253050,1391104,10916013,1,1
NFLX-3407,Secret Horizon 1,Romance,LATAM,18679933,4191636,19517286,5,6
NFLX-3408,Royal Heist 2,Action,UCAN,27967611,6128948,38295463,3,7
NFLX-3409,Rising Vengeance 4,Sci-Fi,UCAN,4058166,496300,3540335,9,2
NFLX-3410,Ultimate Rivalry 3,Action,APAC,27681485,6997327,43228265,4,1
NFLX-3411,Rising Frontier 3,Fantasy,EMEA,6530549,1786586,8875543,3,4
NFLX-3412,Lost Vengeance 3,Comedy,LATAM,14812135,3575805,17577776,8,6
NFLX-3413,Infinite Rivalry 4,Animation,UCAN,14466608,2096700,12132019,6,7
NFLX-3414,Rising Rivalry 4,Romance,UCAN,6055782,1337517,6499798,2,9
NFLX-3415,Silent Legacy 3,Sci-Fi,UCAN,33225050,4709578,45922902,7,2
NFLX-3416,Secret Odyssey 4,Documentary,EMEA,26123820,3519157,35790970,2,10
NFLX-3417,Shadow Empire 1,Animation,APAC,24876681,3757452,35827284,5,8
NFLX-3418,Dark Vengeance 3,Comedy,LATAM,33855902,8140278,54169141,5,9
NFLX-3419,Wild Vengeance 4,Romance,UCAN,4292060,948080,5043191,2,3
NFLX-3420,Lost Empire 2,Action,UCAN,11024289,2612362,9582719,9,1
NFLX-3421,Shadow Heist 2,Unscripted,APAC,38869576,5086958,61307868,7,7
NFLX-3422,Infinite Vengeance 1,Comedy,APAC,24698501,6714182,37750464,9,4
NFLX-3423,Royal Rivalry 3,Romance,UCAN,28005721,7181689,29292614,9,3
NFLX-3424,Secret Vengeance 1,Drama,LATAM,32201325,8251986,26009042,10,1
NFLX-3425,Silent Legacy 2,Romance,UCAN,35915344,9170141,46877099,7,7
NFLX-3426,Royal Empire 2,Drama,APAC,2857059,800188,3589926,9,4
NFLX-3427,Rising Hearts 3,Animation,LATAM,29705377,5192628,35449396,8,7
NFLX-3428,Wild Heist 4,Action,UCAN,32361405,7804780,46560123,5,6
NFLX-3429,Infinite Protocol 4,Comedy,APAC,32100965,7763833,35828971,2,10
NFLX-3430,Shadow Heist 1,Romance,EMEA,33947855,6212610,40102710,1,4
NFLX-3431,Rising Protocol 2,Comedy,UCAN,12975713,1976450,14921689,10,4
NFLX-3432,Global Empire 2,Unscripted,EMEA,23673581,6788468,22193139,8,4
NFLX-3433,Dark Legacy 1,Romance,EMEA,3132170,503897,4341039,2,7
NFLX-3434,Shadow Protocol 2,Comedy,EMEA,31704568,6536037,35501813,2,3
NFLX-3435,Lost Vengeance 2,Romance,UCAN,4650600,857891,6399679,4,7
NFLX-3436,Golden Horizon 2,Crime,LATAM,33555607,5337955,38507757,5,3
NFLX-3437,Ultimate Hearts 3,Unscripted,LATAM,35372146,5134844,34831032,4,8
NFLX-3438,Wild Heist 2,Action,LATAM,7345581,1952340,6084168,8,1
NFLX-3439,Global Hearts 3,Comedy,LATAM,17343204,2187416,26855682,8,1
NFLX-3440,Rising Empire 2,Crime,LATAM,8807375,1908849,11500710,9,4
NFLX-3441,Shadow Odyssey 3,Unscripted,UCAN,9082059,1885760,9881624,9,1
NFLX-3442,Rising Kingdom 2,Romance,UCAN,35649260,8395727,51361936,6,2
NFLX-3443,Silent Horizon 4,Fantasy,UCAN,26414932,7183464,27382614,6,5
NFLX-3444,Rising Vengeance 2,Sci-Fi,EMEA,33347614,7239376,44437370,4,8
NFLX-3445,Royal Rivalry 2,Unscripted,EMEA,2521146,626232,2668802,8,4
NFLX-3446,Wild Frontier 4,Fantasy,EMEA,14202168,4162366,14350710,9,9
NFLX-3447,Dark Rivalry 1,Crime,APAC,31957219,7728819,48925359,9,4
NFLX-3448,Wild Empire 1,Action,UCAN,16473420,3737741,15352975,6,10
NFLX-3449,Wild Horizon 3,Action,UCAN,2503430,305676,2258628,7,7
NFLX-3450,Golden Rivalry 4,Drama,APAC,31218589,5418909,30548113,7,8
NFLX-3451,Secret Odyssey 4,Crime,LATAM,38048341,9525349,48201923,2,1
NFLX-3452,Dark Hearts 3,Comedy,EMEA,10340600,1950279,15357993,3,2
NFLX-3453,Lost Protocol 4,Crime,APAC,20294188,4907126,19578180,7,4
NFLX-3454,Royal Frontier 3,Animation,EMEA,19896500,4380008,16032164,6,6
NFLX-3455,Golden Odyssey 4,Action,APAC,25196141,5154813,24155769,9,8
NFLX-3456,Dark Legacy 1,Comedy,UCAN,1553621,392342,2065926,8,4
NFLX-3457,Infinite Rivalry 4,Crime,LATAM,24050111,5729364,33397530,8,4
NFLX-3458,Golden Vengeance 2,Comedy,LATAM,19631463,3953053,30124467,10,4
NFLX-3459,Royal Chronicles 4,Unscripted,UCAN,6945015,875136,8779945,1,5
NFLX-3460,Shadow Hearts 4,Unscripted,UCAN,30186622,8289076,29169277,3,7
NFLX-3461,Rising Odyssey 4,Fantasy,LATAM,31975974,7371318,38731807,5,2
NFLX-3462,Silent Horizon 1,Animation,UCAN,13775980,3930594,16483222,5,6
NFLX-3463,Wild Hearts 1,Drama,EMEA,23992766,6397184,33613426,5,7
NFLX-3464,Infinite Frontier 3,Documentary,APAC,14821571,4362513,20022948,9,8
NFLX-3465,Shadow Legacy 3,Comedy,UCAN,22763703,4144330,25294864,2,9
NFLX-3466,Dark Kingdom 3,Romance,APAC,6578109,1881505,8385326,9,9
NFLX-3467,Dark Kingdom 3,Crime,EMEA,24307553,6502124,20289924,9,6
NFLX-3468,Royal Empire 1,Unscripted,LATAM,22201001,3622178,18786626,9,10
NFLX-3469,Wild Frontier 4,Documentary,APAC,11599776,1856108,11740993,4,6
NFLX-3470,Rising Hearts 4,Animation,EMEA,12365122,1899278,19752005,2,6
NFLX-3471,Infinite Legacy 2,Fantasy,APAC,4761259,1039203,3828467,4,6
NFLX-3472,Rising Horizon 3,Unscripted,APAC,546423,123345,832622,1,4
NFLX-3473,Silent Horizon 3,Romance,EMEA,31340271,8916968,35861108,2,2
NFLX-3474,Infinite Chronicles 2,Comedy,UCAN,23184756,5931137,19369096,10,7
NFLX-3475,Golden Protocol 3,Fantasy,APAC,34236192,8433870,46861323,10,1
NFLX-3476,Global Odyssey 1,Action,LATAM,14918829,2142104,14521093,9,7
NFLX-3477,Golden Vengeance 4,Drama,UCAN,15493766,2739570,18786190,1,1
NFLX-3478,Ultimate Frontier 3,Romance,LATAM,35306567,10538066,28571817,1,2
NFLX-3479,Ultimate Odyssey 3,Romance,UCAN,36871475,6911957,32229874,1,7
NFLX-3480,Golden Rivalry 1,Animation,EMEA,38631548,5441965,54724688,7,6
NFLX-3481,Global Protocol 3,Sci-Fi,UCAN,15439185,3454516,22643901,9,8
NFLX-3482,Secret Hearts 4,Romance,UCAN,32915404,4017794,26537368,5,10
NFLX-3483,Ultimate Frontier 2,Comedy,EMEA,1659143,471395,1978223,2,10
NFLX-3484,Infinite Chronicles 2,Animation,LATAM,14427485,1924058,20923089,4,5
NFLX-3485,Royal Protocol 2,Comedy,UCAN,38251258,10508725,57270810,5,1
NFLX-3486,Wild Legacy 2,Romance,UCAN,32120666,6873406,38442699,6,7
NFLX-3487,Ultimate Vengeance 4,Documentary,UCAN,26582521,3516675,29760228,3,7
NFLX-3488,Golden Heist 1,Crime,UCAN,26560364,7156161,33825345,2,7
NFLX-3489,Lost Kingdom 1,Comedy,UCAN,8410770,1082061,10458740,2,9
NFLX-3490,Secret Chronicles 2,Crime,LATAM,13630994,2432018,11551310,10,9
NFLX-3491,Silent Frontier 2,Drama,APAC,10609508,2783174,10364740,6,10
NFLX-3492,Infinite Hearts 1,Drama,APAC,7730136,1490532,9713506,9,1
NFLX-3493,Rising Protocol 1,Action,LATAM,6476295,1656741,5518332,4,7
NFLX-3494,Global Hearts 1,Unscripted,EMEA,7426884,2080955,11534989,1,5
NFLX-3495,Rising Vengeance 4,Drama,UCAN,34025116,5654898,51909716,9,4
NFLX-3496,Rising Horizon 3,Documentary,EMEA,38486242,4825046,57738031,7,1
NFLX-3497,Royal Rivalry 3,Fantasy,UCAN,28281117,6918012,41351422,8,5
NFLX-3498,Lost Horizon 4,Animation,LATAM,37167077,6790785,56926657,1,8
NFLX-3499,Rising Heist 3,Sci-Fi,EMEA,10101612,2408492,13456604,5,10
NFLX-3500,Lost Kingdom 4,Unscripted,LATAM,21719558,5243251,32109708,9,5
NFLX-3501,Silent Horizon 4,Animation,UCAN,23679166,3249508,22642039,5,8
NFLX-3502,Ultimate Hearts 4,Sci-Fi,APAC,20195989,3787928,27018938,9,6
NFLX-3503,Royal Legacy 2,Unscripted,LATAM,30429907,4116083,47648727,7,7
NFLX-3504,Ultimate Vengeance 4,Unscripted,UCAN,13226590,2830183,13844975,5,7
NFLX-3505,Shadow Frontier 4,Romance,UCAN,8884311,1671371,9920818,8,8
NFLX-3506,Wild Odyssey 1,Comedy,UCAN,24922453,5221335,36324172,3,4
NFLX-3507,Secret Vengeance 2,Action,LATAM,18855375,2951888,17789087,3,6
NFLX-3508,Golden Horizon 1,Drama,EMEA,35563072,6244945,52282999,7,2
NFLX-3509,Silent Heist 1,Action,UCAN,23282063,2828441,33017963,6,4
NFLX-3510,Lost Empire 1,Crime,UCAN,35063448,10004919,35686037,1,6
NFLX-3511,Royal Frontier 2,Documentary,LATAM,16753793,4198638,15405756,2,1
NFLX-3512,Royal Chronicles 2,Animation,EMEA,17823689,2864618,26936668,2,5
NFLX-3513,Golden Rivalry 1,Documentary,UCAN,36621242,7594731,56432980,4,5
NFLX-3514,Golden Empire 4,Romance,LATAM,20883437,3064555,17460765,2,7
NFLX-3515,Shadow Heist 2,Sci-Fi,LATAM,33523346,7437252,43518903,9,2
NFLX-3516,Shadow Chronicles 1,Drama,APAC,10606850,1583310,15795851,7,6
NFLX-3517,Silent Hearts 4,Crime,EMEA,24768034,4985768,29799606,5,6
NFLX-3518,Ultimate Horizon 2,Documentary,LATAM,13614526,4065097,19049286,3,6
NFLX-3519,Rising Odyssey 2,Comedy,EMEA,14096195,1863087,14963794,8,9
NFLX-3520,Wild Hearts 2,Fantasy,UCAN,22721000,3747034,19014068,6,6
NFLX-3521,Dark Hearts 2,Fantasy,APAC,11159426,1865401,8991063,7,8
NFLX-3522,Infinite Horizon 4,Drama,LATAM,36761310,7687742,45465857,6,9
NFLX-3523,Silent Chronicles 2,Drama,APAC,21532316,5234992,20802063,4,7
NFLX-3524,Shadow Protocol 2,Sci-Fi,EMEA,9644530,1322754,10772032,1,8
NFLX-3525,Rising Vengeance 1,Documentary,EMEA,15255073,4079617,12250344,1,7
NFLX-3526,Secret Odyssey 3,Action,LATAM,26132312,4794100,40377007,8,5
NFLX-3527,Rising Empire 2,Sci-Fi,APAC,6988399,1698422,10123529,6,4
NFLX-3528,Dark Empire 3,Animation,APAC,11547975,3135968,14986696,8,1
NFLX-3529,Secret Legacy 1,Crime,EMEA,15685837,3575680,16244162,8,6
NFLX-3530,Golden Vengeance 3,Fantasy,APAC,5118383,1096504,7098835,2,8
NFLX-3531,Shadow Horizon 1,Comedy,UCAN,25085737,3703165,31561621,10,5
NFLX-3532,Dark Kingdom 4,Crime,LATAM,33453418,7527248,50930080,1,4
NFLX-3533,Dark Chronicles 2,Comedy,LATAM,15875430,2823742,23761628,9,1
NFLX-3534,Silent Legacy 3,Romance,LATAM,8395987,2113525,13303007,9,4
NFLX-3535,Infinite Hearts 4,Documentary,APAC,32148449,6730165,44314890,1,8
NFLX-3536,Global Empire 4,Unscripted,APAC,24206356,2921022,27154045,8,7
NFLX-3537,Golden Heist 2,Fantasy,LATAM,8562875,1306500,12778933,9,3
NFLX-3538,Secret Frontier 2,Fantasy,APAC,36549872,8041244,34065446,5,8
NFLX-3539,Ultimate Horizon 3,Crime,LATAM,13758118,3895416,20367380,6,10
NFLX-3540,Infinite Frontier 2,Drama,APAC,27403049,5247044,36394162,5,9
NFLX-3541,Lost Empire 1,Comedy,LATAM,17436567,2922931,23064139,6,9
NFLX-3542,Golden Odyssey 1,Sci-Fi,EMEA,29557937,4366406,31957666,5,3
NFLX-3543,Secret Legacy 4,Crime,APAC,37901801,7780904,51007010,1,5
NFLX-3544,Shadow Vengeance 2,Unscripted,EMEA,36002414,8787236,31533721,6,10
NFLX-3545,Lost Protocol 3,Animation,EMEA,11701805,1923939,10047183,10,4
NFLX-3546,Secret Empire 4,Crime,APAC,23079038,3505888,29101754,7,8
NFLX-3547,Infinite Hearts 4,Romance,APAC,25069040,4636729,31445721,9,7
NFLX-3548,Secret Empire 3,Sci-Fi,APAC,17736150,2361307,28355418,6,4
NFLX-3549,Shadow Legacy 3,Comedy,APAC,33476547,5174066,49678266,10,10
NFLX-3550,Global Rivalry 4,Unscripted,UCAN,24881955,3134340,37141523,2,2
NFLX-3551,Dark Frontier 1,Action,EMEA,35778446,6275796,56301459,3,4
NFLX-3552,Infinite Odyssey 4,Animation,LATAM,5505365,1240384,5556228,1,2
NFLX-3553,Global Vengeance 4,Sci-Fi,APAC,17283207,4264223,25240651,1,5
NFLX-3554,Wild Rivalry 1,Action,APAC,15543911,4445321,19029671,7,8
NFLX-3555,Royal Frontier 4,Romance,LATAM,26478142,7837675,30758928,10,7
NFLX-3556,Secret Legacy 2,Crime,APAC,12660412,2029081,14507296,3,1
NFLX-3557,Lost Hearts 4,Animation,APAC,11118737,3157842,16863166,10,8
NFLX-3558,Secret Rivalry 3,Action,APAC,13617719,3782455,12604079,8,1
NFLX-3559,Secret Chronicles 3,Documentary,UCAN,31809291,4994324,42648049,3,7
NFLX-3560,Global Frontier 4,Fantasy,EMEA,27766392,6769857,33505952,9,7
NFLX-3561,Secret Legacy 3,Animation,APAC,13953082,2932544,21674873,8,10
NFLX-3562,Rising Empire 2,Unscripted,EMEA,18722868,2418823,28214734,7,4
NFLX-3563,Ultimate Kingdom 4,Romance,APAC,24031734,6381039,30655418,5,6
NFLX-3564,Shadow Kingdom 4,Unscripted,EMEA,39649127,11698096,51798039,2,6
NFLX-3565,Lost Rivalry 2,Documentary,APAC,17461200,4131309,26031637,3,5
NFLX-3566,Global Protocol 2,Romance,APAC,11885224,1438121,15217990,5,9
NFLX-3567,Royal Horizon 3,Crime,EMEA,22831558,3713877,34293534,6,5
NFLX-3568,Shadow Legacy 4,Fantasy,UCAN,25638812,4073089,25219813,9,6
NFLX-3569,Infinite Frontier 2,Comedy,UCAN,17121164,3224933,19272701,9,1
NFLX-3570,Golden Odyssey 1,Romance,LATAM,31275994,9200342,30250939,5,2
NFLX-3571,Lost Legacy 4,Crime,LATAM,17785084,3140146,26157320,1,3
NFLX-3572,Infinite Protocol 2,Fantasy,APAC,39518831,6179811,45269018,5,7
NFLX-3573,Silent Odyssey 4,Documentary,APAC,29483218,4852206,41171945,3,8
NFLX-3574,Dark Frontier 4,Documentary,UCAN,23026723,6006767,29375379,10,5
NFLX-3575,Secret Legacy 1,Drama,LATAM,33331873,6897330,38297272,9,2
NFLX-3576,Wild Frontier 3,Sci-Fi,APAC,20567543,3439443,32525565,8,8
NFLX-3577,Royal Rivalry 4,Crime,LATAM,16341651,2024910,24356146,2,5
NFLX-3578,Rising Empire 3,Romance,EMEA,18591988,3814155,25371586,10,4
NFLX-3579,Lost Legacy 3,Comedy,APAC,2627641,536358,2492537,7,9
NFLX-3580,Silent Protocol 4,Romance,UCAN,32771670,8923887,28450959,9,2
NFLX-3581,Ultimate Frontier 2,Crime,APAC,6865465,1528234,10230615,3,4
NFLX-3582,Silent Kingdom 3,Action,EMEA,7375574,2167576,10030088,4,8
NFLX-3583,Infinite Hearts 4,Drama,EMEA,34391606,4199469,48932416,10,2
NFLX-3584,Global Rivalry 4,Action,UCAN,2510747,422104,3652975,8,1
NFLX-3585,Silent Hearts 2,Fantasy,EMEA,30119668,5072237,36888354,4,1
NFLX-3586,Dark Odyssey 3,Romance,LATAM,29548709,5293396,45616034,5,1
NFLX-3587,Rising Odyssey 2,Romance,LATAM,34998837,4262171,29616176,2,8
NFLX-3588,Shadow Hearts 2,Unscripted,EMEA,16988949,2291593,23639879,8,9
NFLX-3589,Lost Vengeance 3,Documentary,EMEA,3294817,786202,4087750,6,10
NFLX-3590,Dark Legacy 2,Comedy,UCAN,31448436,5878142,40916511,1,6
NFLX-3591,Ultimate Horizon 1,Sci-Fi,EMEA,11167199,3173433,10780569,1,3
NFLX-3592,Royal Frontier 4,Unscripted,LATAM,15193141,3465122,12413778,3,4
NFLX-3593,Lost Horizon 3,Documentary,UCAN,16929939,3851621,13941487,10,2
NFLX-3594,Lost Odyssey 1,Comedy,APAC,14490880,1806086,22308900,3,10
NFLX-3595,Lost Empire 1,Fantasy,EMEA,793880,113559,649070,2,9
NFLX-3596,Ultimate Vengeance 1,Unscripted,LATAM,4222294,1171296,4394416,1,10
NFLX-3597,Dark Legacy 3,Documentary,EMEA,30584062,6511865,29789231,8,8
NFLX-3598,Royal Kingdom 2,Animation,LATAM,18679472,3349443,27362104,6,4
NFLX-3599,Shadow Chronicles 3,Sci-Fi,LATAM,33116217,8018377,30343453,9,3
NFLX-3600,Infinite Odyssey 2,Animation,EMEA,7107981,1089226,8554843,6,6
NFLX-3601,Wild Kingdom 4,Fantasy,UCAN,23085050,5229104,35186486,4,1
NFLX-3602,Shadow Chronicles 4,Animation,EMEA,20856225,4386594,21053137,7,2
NFLX-3603,Wild Protocol 1,Documentary,EMEA,39772349,11106807,55345642,6,1
NFLX-3604,Shadow Frontier 2,Documentary,EMEA,27828197,3545111,38110056,6,1
NFLX-3605,Silent Horizon 3,Action,EMEA,14615012,2628881,15997794,9,2
NFLX-3606,Global Hearts 2,Comedy,APAC,29936584,5209100,42533040,8,8
NFLX-3607,Silent Odyssey 3,Animation,LATAM,25326072,6266862,26012344,3,4
NFLX-3608,Shadow Kingdom 2,Documentary,LATAM,32881872,7589961,41987128,1,8
NFLX-3609,Global Vengeance 3,Action,EMEA,19572908,3442818,24229994,7,8
NFLX-3610,Rising Vengeance 1,Unscripted,APAC,9396745,2080957,9001916,7,8
NFLX-3611,Secret Heist 3,Action,LATAM,23552302,6769479,35830359,8,7
NFLX-3612,Silent Odyssey 1,Unscripted,EMEA,8816459,2504121,12570425,3,8
NFLX-3613,Ultimate Rivalry 4,Unscripted,EMEA,13743558,3979371,19848658,6,2
NFLX-3614,Golden Rivalry 2,Documentary,UCAN,33815282,7934908,51572418,1,1
NFLX-3615,Lost Odyssey 3,Action,LATAM,19947481,4628766,21594220,6,6
NFLX-3616,Infinite Heist 1,Unscripted,LATAM,14159158,4171513,15552552,8,7
NFLX-3617,Infinite Hearts 1,Fantasy,EMEA,1022006,270459,1064130,10,2
NFLX-3618,Global Hearts 4,Drama,EMEA,13983717,1901547,12075864,6,8
NFLX-3619,Shadow Protocol 2,Sci-Fi,APAC,39629229,7544391,39043147,7,1
NFLX-3620,Royal Rivalry 2,Sci-Fi,APAC,2919060,852422,3557778,9,9
NFLX-3621,Shadow Protocol 1,Sci-Fi,UCAN,25233229,6491119,27692066,4,10
NFLX-3622,Secret Chronicles 1,Action,LATAM,12124030,2340683,10123181,1,1
NFLX-3623,Royal Vengeance 2,Crime,LATAM,38796607,8145710,44489747,1,3
NFLX-3624,Global Rivalry 2,Fantasy,APAC,35313392,8400314,33040896,2,9
NFLX-3625,Shadow Frontier 2,Fantasy,EMEA,19513724,3921537,30481866,2,7
NFLX-3626,Silent Horizon 4,Crime,EMEA,9567385,2084369,13311280,5,9
NFLX-3627,Golden Chronicles 2,Documentary,LATAM,27662821,5713264,31756139,3,7
NFLX-3628,Rising Odyssey 1,Documentary,APAC,38000784,9240282,36302130,3,8
NFLX-3629,Royal Horizon 4,Crime,APAC,22462164,5457359,27283140,9,8
NFLX-3630,Silent Odyssey 3,Animation,LATAM,21377573,4280977,23740570,2,5
NFLX-3631,Rising Horizon 2,Animation,EMEA,17231674,3082170,15051542,7,7
NFLX-3632,Rising Rivalry 2,Crime,EMEA,1186987,276317,1843674,10,1
NFLX-3633,Shadow Frontier 4,Documentary,APAC,26704190,7992028,30299630,9,2
NFLX-3634,Secret Rivalry 2,Comedy,LATAM,16806999,3983036,22386775,3,5
NFLX-3635,Infinite Hearts 4,Comedy,LATAM,4020029,632760,3944633,8,9
NFLX-3636,Rising Legacy 4,Sci-Fi,LATAM,35039666,10006808,39627724,9,6
NFLX-3637,Silent Hearts 2,Drama,EMEA,22625952,4283264,24035241,6,8
NFLX-3638,Wild Horizon 3,Romance,APAC,38189845,4954754,51235537,6,6
NFLX-3639,Secret Vengeance 2,Unscripted,APAC,28977584,4809719,29235792,10,5
NFLX-3640,Dark Horizon 2,Comedy,APAC,2944169,410201,3221262,7,6
NFLX-3641,Dark Odyssey 3,Comedy,UCAN,4623957,627935,4778727,9,7
NFLX-3642,Silent Odyssey 4,Sci-Fi,EMEA,9713244,1735207,8164635,10,2
NFLX-3643,Royal Hearts 3,Drama,EMEA,27937319,3861795,30710180,4,6
NFLX-3644,Shadow Protocol 1,Fantasy,UCAN,18157099,5160962,28889991,3,10
NFLX-3645,Shadow Kingdom 4,Unscripted,LATAM,12993440,3130006,19274036,1,5
NFLX-3646,Ultimate Empire 2,Fantasy,UCAN,604947,172782,678611,9,10
NFLX-3647,Secret Vengeance 4,Drama,UCAN,24902822,5691913,22932536,9,5
NFLX-3648,Lost Kingdom 3,Animation,APAC,24783308,3067363,32082182,3,8
NFLX-3649,Global Vengeance 2,Action,APAC,6921144,1829391,10838391,4,6
NFLX-3650,Shadow Empire 1,Documentary,UCAN,32979348,9281476,39024722,6,2
NFLX-3651,Dark Legacy 4,Sci-Fi,UCAN,10777234,3191186,16356587,2,7
NFLX-3652,Shadow Frontier 4,Documentary,EMEA,14000040,1957787,20418846,8,4
NFLX-3653,Ultimate Legacy 3,Crime,UCAN,8973095,1478801,10361912,2,3
NFLX-3654,Infinite Horizon 4,Action,APAC,3401501,531397,3198863,2,7
NFLX-3655,Lost Protocol 1,Unscripted,LATAM,17313905,3111589,20135228,3,7
NFLX-3656,Silent Heist 1,Crime,APAC,32247145,4705348,45078664,6,2
NFLX-3657,Global Legacy 3,Unscripted,APAC,3296378,397191,3761209,8,2
NFLX-3658,Secret Heist 1,Fantasy,UCAN,26207494,6391171,30477009,4,3
NFLX-3659,Dark Protocol 2,Animation,LATAM,16025397,4418314,13034391,5,9
NFLX-3660,Rising Vengeance 3,Sci-Fi,APAC,22702770,2953442,26754403,8,10
NFLX-3661,Rising Empire 2,Sci-Fi,LATAM,2651994,402558,2435391,5,7
NFLX-3662,Golden Hearts 3,Action,UCAN,38989420,9736981,31957282,5,2
NFLX-3663,Wild Chronicles 3,Documentary,UCAN,21710622,4976563,19079750,4,5
NFLX-3664,Infinite Protocol 2,Crime,APAC,14128650,1712002,19937819,8,6
NFLX-3665,Golden Odyssey 2,Romance,UCAN,694491,150875,876524,5,2
NFLX-3666,Infinite Odyssey 2,Romance,APAC,2714917,397491,3561509,8,1
NFLX-3667,Golden Odyssey 4,Drama,UCAN,12843747,3159725,13778864,10,3
NFLX-3668,Shadow Rivalry 2,Crime,APAC,6709889,1820407,7778537,9,6
NFLX-3669,Infinite Hearts 1,Romance,APAC,30326523,5574896,33358586,2,8
NFLX-3670,Golden Empire 2,Drama,UCAN,4338981,1083875,5851137,10,2
NFLX-3671,Infinite Frontier 2,Crime,UCAN,33257587,9947497,42273266,7,5
NFLX-3672,Wild Kingdom 1,Fantasy,EMEA,20631149,3776931,17217277,5,6
NFLX-3673,Ultimate Vengeance 3,Animation,LATAM,25236886,6044497,29619716,7,6
NFLX-3674,Global Frontier 3,Unscripted,LATAM,1328792,370111,1561568,6,7
NFLX-3675,Ultimate Rivalry 2,Romance,UCAN,39488015,5876635,52491830,1,3
NFLX-3676,Wild Rivalry 4,Sci-Fi,UCAN,38155656,10490263,43836575,1,2
NFLX-3677,Global Frontier 2,Unscripted,UCAN,39935519,9030303,52694216,10,1
NFLX-3678,Shadow Chronicles 4,Drama,UCAN,13673784,2870495,21819680,7,3
NFLX-3679,Shadow Legacy 3,Fantasy,APAC,31701536,8661008,46240637,1,2
NFLX-3680,Rising Rivalry 4,Comedy,APAC,34492012,10092108,31165386,2,10
NFLX-3681,Lost Horizon 4,Documentary,APAC,2390550,480327,3756300,6,10
NFLX-3682,Lost Horizon 1,Animation,LATAM,10519111,2900726,8725971,2,4
NFLX-3683,Lost Horizon 2,Animation,APAC,19445442,5072118,26921934,10,3
NFLX-3684,Lost Legacy 1,Romance,EMEA,7602845,1934630,8663689,9,7
NFLX-3685,Wild Kingdom 2,Action,UCAN,37476764,5259527,33900512,8,5
NFLX-3686,Shadow Kingdom 3,Romance,APAC,16522782,4911939,18159408,10,6
NFLX-3687,Wild Hearts 3,Crime,LATAM,25521117,5720915,28310648,8,2
NFLX-3688,Ultimate Protocol 2,Drama,UCAN,13931632,2624634,11831655,5,7
NFLX-3689,Wild Frontier 1,Comedy,APAC,33443909,4549321,29749987,7,10
NFLX-3690,Royal Empire 2,Action,LATAM,3021395,404064,2931689,9,8
NFLX-3691,Shadow Empire 1,Action,APAC,36092487,9514399,32702815,8,6
NFLX-3692,Dark Empire 3,Action,LATAM,28922327,3747968,39092480,10,5
NFLX-3693,Shadow Kingdom 3,Romance,UCAN,8132719,1206699,7718253,10,10
NFLX-3694,Dark Odyssey 3,Sci-Fi,APAC,15985925,2393675,20085808,3,3
NFLX-3695,Royal Empire 1,Romance,APAC,34771370,9840985,39820213,1,4
NFLX-3696,Royal Rivalry 3,Romance,EMEA,4223262,1240703,4447148,8,8
NFLX-3697,Royal Chronicles 4,Documentary,LATAM,5477068,1317109,8389239,4,5
NFLX-3698,Wild Protocol 2,Action,LATAM,34249336,4581480,52743770,6,8
NFLX-3699,Lost Legacy 2,Romance,LATAM,3866437,822787,5007502,4,7
NFLX-3700,Royal Vengeance 3,Romance,EMEA,28531732,6565894,27081254,4,4
NFLX-3701,Royal Chronicles 4,Fantasy,APAC,31411139,8329781,49666805,9,6
NFLX-3702,Lost Legacy 4,Animation,EMEA,15789361,3540886,22408396,5,5
NFLX-3703,Secret Legacy 1,Drama,EMEA,10291646,2679058,15298387,10,8
NFLX-3704,Rising Frontier 2,Action,EMEA,39727567,11352074,36557424,1,2
NFLX-3705,Shadow Chronicles 4,Animation,UCAN,14869879,3825706,23308656,10,4
NFLX-3706,Lost Kingdom 3,Crime,EMEA,34242145,4587129,51712184,2,6
NFLX-3707,Golden Kingdom 1,Crime,EMEA,31239588,4047960,34224375,2,7
NFLX-3708,Rising Rivalry 2,Unscripted,LATAM,20759356,3740382,30427731,6,5
NFLX-3709,Infinite Heist 1,Comedy,UCAN,15969591,2636880,17140897,7,10
NFLX-3710,Golden Vengeance 2,Comedy,LATAM,38726278,8064145,39794837,2,8
NFLX-3711,Dark Rivalry 3,Crime,EMEA,26331620,3453934,29133828,10,6
NFLX-3712,Rising Kingdom 1,Drama,APAC,3904013,644046,5609617,10,9
NFLX-3713,Secret Legacy 4,Animation,EMEA,7771632,1404438,8649409,2,5
NFLX-3714,Wild Vengeance 1,Comedy,UCAN,11939174,2793282,11131683,8,6
NFLX-3715,Infinite Chronicles 4,Fantasy,UCAN,23144876,5545566,26591102,2,9
NFLX-3716,Golden Protocol 3,Sci-Fi,LATAM,15152007,3003962,20292917,6,1
NFLX-3717,Ultimate Hearts 3,Animation,UCAN,22561312,5536447,34379664,6,9
NFLX-3718,Secret Kingdom 1,Action,APAC,37329630,4879654,34953536,6,3
NFLX-3719,Golden Odyssey 2,Comedy,UCAN,39751728,9371966,59239201,2,5
NFLX-3720,Ultimate Frontier 3,Fantasy,UCAN,19974534,2421536,17739919,2,4
NFLX-3721,Shadow Protocol 4,Animation,LATAM,39455874,10804980,35383936,7,6
NFLX-3722,Ultimate Legacy 1,Comedy,UCAN,7752631,2172328,8994444,3,1
NFLX-3723,Royal Hearts 3,Documentary,APAC,34268941,7323373,41492553,7,6
NFLX-3724,Royal Odyssey 1,Fantasy,LATAM,31594967,8337032,29992919,2,4
NFLX-3725,Wild Horizon 4,Action,UCAN,28440261,4810952,29854793,10,2
NFLX-3726,Lost Empire 2,Sci-Fi,UCAN,6882269,902227,6047443,6,3
NFLX-3727,Dark Chronicles 3,Unscripted,LATAM,16325784,3555200,16845854,1,3
NFLX-3728,Ultimate Vengeance 3,Unscripted,LATAM,26878190,3620523,31750960,4,3
NFLX-3729,Global Heist 3,Crime,EMEA,11165342,2191802,11091575,1,8
NFLX-3730,Silent Horizon 1,Documentary,LATAM,13781047,3227610,18210967,10,9
NFLX-3731,Silent Rivalry 4,Unscripted,APAC,20792642,4512721,17495910,8,8
NFLX-3732,Ultimate Chronicles 1,Romance,EMEA,12477465,3390261,17902584,1,1
NFLX-3733,Dark Empire 1,Action,UCAN,1752925,467308,2367041,10,8
NFLX-3734,Ultimate Odyssey 4,Comedy,EMEA,19056225,3474787,18032476,2,7
NFLX-3735,Golden Rivalry 2,Animation,LATAM,33074380,6555089,52868448,4,10
NFLX-3736,Shadow Protocol 2,Crime,UCAN,37499260,10763150,35077092,10,4
NFLX-3737,Infinite Rivalry 2,Comedy,APAC,37361600,7953354,49344509,8,1
NFLX-3738,Rising Heist 2,Action,APAC,16001138,3689146,13813119,6,10
NFLX-3739,Dark Chronicles 1,Unscripted,LATAM,5927426,1051375,7827999,5,8
NFLX-3740,Golden Legacy 3,Drama,APAC,721225,135224,862941,9,9
NFLX-3741,Rising Frontier 3,Animation,APAC,13775459,2783914,19640918,9,7
NFLX-3742,Golden Horizon 2,Sci-Fi,LATAM,37197411,9899569,57562664,10,6
NFLX-3743,Secret Frontier 3,Fantasy,EMEA,24591789,3709343,25140756,6,10
NFLX-3744,Lost Protocol 1,Crime,LATAM,2819885,649194,3930910,6,5
NFLX-3745,Secret Frontier 4,Crime,EMEA,7864114,1940233,12083802,2,1
NFLX-3746,Royal Horizon 4,Documentary,EMEA,7697737,2277905,10299722,7,4
NFLX-3747,Infinite Protocol 1,Action,UCAN,17398604,2831156,14822017,3,3
NFLX-3748,Dark Odyssey 2,Unscripted,APAC,34210675,6975622,48903365,1,4
NFLX-3749,Wild Heist 2,Fantasy,UCAN,9890382,1972564,11994695,9,10
NFLX-3750,Wild Vengeance 2,Action,EMEA,30237299,8263540,42132013,6,3
NFLX-3751,Secret Chronicles 2,Romance,EMEA,39513347,10128677,44985521,8,4
NFLX-3752,Secret Chronicles 3,Animation,LATAM,16512545,2294053,26295003,1,9
NFLX-3753,Shadow Horizon 2,Crime,UCAN,29490006,5313487,40861429,10,5
NFLX-3754,Wild Legacy 1,Crime,UCAN,34687358,5682544,49982165,7,5
NFLX-3755,Shadow Protocol 1,Drama,UCAN,9156318,1351031,7821123,2,5
NFLX-3756,Global Hearts 1,Romance,UCAN,9540635,2814990,11584588,2,7
NFLX-3757,Wild Hearts 4,Fantasy,APAC,13355377,1757054,12647186,10,10
NFLX-3758,Royal Kingdom 1,Crime,LATAM,1882433,444180,1927768,8,5
NFLX-3759,Dark Vengeance 2,Documentary,EMEA,9204643,1786110,8133027,2,1
NFLX-3760,Global Odyssey 4,Drama,UCAN,1304428,182482,1699937,2,4
NFLX-3761,Lost Protocol 3,Romance,EMEA,9436081,1934627,7906115,3,3
NFLX-3762,Wild Empire 3,Unscripted,APAC,9256154,1925667,12269488,2,9
NFLX-3763,Royal Hearts 4,Fantasy,APAC,33457601,8444664,38102033,6,2
NFLX-3764,Dark Hearts 4,Romance,UCAN,9143130,2095284,13091747,2,9
NFLX-3765,Royal Empire 4,Comedy,UCAN,19138480,3071122,23068434,5,6
NFLX-3766,Secret Frontier 3,Action,EMEA,34141095,7229891,38508129,2,8
NFLX-3767,Golden Empire 3,Sci-Fi,UCAN,33962572,7613492,53303316,7,5
NFLX-3768,Golden Rivalry 1,Crime,UCAN,23842876,6315367,35790498,9,6
NFLX-3769,Royal Empire 1,Fantasy,EMEA,16500496,4119393,21934767,1,6
NFLX-3770,Rising Odyssey 2,Crime,LATAM,30568683,6769048,26439469,5,1
NFLX-3771,Infinite Empire 3,Unscripted,APAC,1065940,138377,972369,8,2
NFLX-3772,Lost Empire 4,Fantasy,EMEA,12976302,3648402,10953761,6,6
NFLX-3773,Golden Protocol 2,Action,EMEA,19452585,5308522,30143257,8,9
NFLX-3774,Golden Frontier 4,Romance,APAC,34278271,7433187,51404444,10,3
NFLX-3775,Wild Vengeance 2,Sci-Fi,UCAN,3097057,449602,3606292,1,5
NFLX-3776,Global Frontier 3,Romance,UCAN,8874867,1536311,12654077,2,8
NFLX-3777,Lost Rivalry 4,Fantasy,UCAN,19256166,5387686,16864987,5,9
NFLX-3778,Infinite Horizon 4,Sci-Fi,APAC,17754504,2606508,27711742,7,3
NFLX-3779,Rising Odyssey 4,Drama,EMEA,38278999,7832013,47423515,2,1
NFLX-3780,Secret Hearts 4,Romance,UCAN,15997482,2859292,15897497,1,5
NFLX-3781,Wild Odyssey 2,Drama,APAC,16892946,4581693,15333440,7,9
NFLX-3782,Royal Frontier 4,Documentary,UCAN,14847178,1934119,19468655,4,9
NFLX-3783,Secret Kingdom 4,Animation,LATAM,18023586,4023763,20243274,5,8
NFLX-3784,Global Odyssey 1,Sci-Fi,LATAM,4472029,879562,3911217,5,4
NFLX-3785,Ultimate Empire 1,Documentary,EMEA,25931269,3564033,37664455,2,3
NFLX-3786,Silent Protocol 1,Romance,UCAN,1947803,318594,1941150,8,5
NFLX-3787,Dark Vengeance 2,Action,APAC,31973798,9433897,33150895,6,4
NFLX-3788,Infinite Heist 3,Sci-Fi,LATAM,14291196,3828488,12844608,5,2
NFLX-3789,Wild Chronicles 1,Animation,UCAN,9728048,1187643,7998540,2,4
NFLX-3790,Golden Horizon 2,Drama,UCAN,24691459,3747583,36961005,5,5
NFLX-3791,Ultimate Rivalry 4,Romance,LATAM,25030799,5529225,36370795,3,6
NFLX-3792,Infinite Chronicles 1,Unscripted,UCAN,21482934,4979986,28668124,10,5
NFLX-3793,Rising Vengeance 2,Unscripted,UCAN,36332001,9768425,37064807,6,4
NFLX-3794,Silent Protocol 2,Unscripted,LATAM,25245991,3513331,21409132,10,10
NFLX-3795,Wild Odyssey 1,Comedy,LATAM,9463490,2081294,9045988,10,4
NFLX-3796,Lost Hearts 1,Crime,EMEA,12002112,1505626,14479188,1,8
NFLX-3797,Lost Legacy 4,Fantasy,UCAN,39819707,11169882,53712825,8,4
NFLX-3798,Lost Odyssey 3,Comedy,EMEA,12635571,3111152,12943866,8,8
NFLX-3799,Silent Odyssey 3,Documentary,APAC,18253201,2996276,26201720,5,7
NFLX-3800,Rising Legacy 1,Unscripted,UCAN,26439730,7331265,33172343,3,7
NFLX-3801,Rising Hearts 4,Comedy,APAC,24937990,6594074,36034945,8,8
NFLX-3802,Royal Empire 3,Documentary,APAC,1888999,274185,2391940,1,5
NFLX-3803,Global Kingdom 2,Action,EMEA,24271823,5547310,33614318,1,2
NFLX-3804,Infinite Legacy 2,Comedy,EMEA,31956254,7077029,26359615,7,3
NFLX-3805,Lost Rivalry 1,Romance,EMEA,14008465,2675105,12600616,1,4
NFLX-3806,Ultimate Protocol 1,Crime,EMEA,17044031,3878328,22825183,9,5
NFLX-3807,Rising Heist 4,Fantasy,EMEA,10921610,1787906,14728263,2,8
NFLX-3808,Royal Odyssey 4,Documentary,EMEA,21055056,5363190,27026218,6,10
NFLX-3809,Lost Kingdom 1,Comedy,APAC,13455075,2808640,18574976,5,3
NFLX-3810,Silent Vengeance 1,Fantasy,LATAM,9406873,2706541,13922220,5,1
NFLX-3811,Ultimate Empire 2,Unscripted,LATAM,32430197,6586590,35996555,5,1
NFLX-3812,Wild Odyssey 1,Documentary,APAC,23072496,3181093,30710046,3,9
NFLX-3813,Infinite Empire 1,Sci-Fi,UCAN,24002532,3467269,19327794,3,9
NFLX-3814,Golden Frontier 2,Drama,APAC,20092674,3635403,26991227,6,3
NFLX-3815,Shadow Vengeance 2,Romance,APAC,33408049,5650081,39595731,4,10
NFLX-3816,Dark Protocol 3,Crime,LATAM,31155771,8155230,29748186,8,9
NFLX-3817,Dark Frontier 4,Animation,LATAM,5856075,1066088,8549268,1,1
NFLX-3818,Ultimate Horizon 1,Romance,APAC,11581957,1793672,9892957,5,9
NFLX-3819,Infinite Frontier 4,Action,LATAM,33834204,9557103,28915609,8,4
NFLX-3820,Secret Legacy 3,Comedy,UCAN,38102105,5906518,47789024,9,8
NFLX-3821,Dark Legacy 3,Drama,APAC,14565513,2972429,21455543,4,2
NFLX-3822,Ultimate Frontier 4,Crime,EMEA,6246865,1331175,8706014,1,3
NFLX-3823,Wild Vengeance 4,Action,UCAN,35764728,7794561,32885742,1,1
NFLX-3824,Royal Legacy 4,Comedy,LATAM,2346781,547001,2930237,2,3
NFLX-3825,Secret Hearts 3,Action,LATAM,16962529,3999297,21660592,6,10
NFLX-3826,Infinite Legacy 2,Crime,LATAM,5559085,1478296,8062273,10,9
NFLX-3827,Golden Kingdom 3,Sci-Fi,APAC,24711430,5727860,28575897,4,3
NFLX-3828,Dark Legacy 1,Unscripted,UCAN,19492439,3970107,30236031,1,3
NFLX-3829,Golden Odyssey 1,Crime,UCAN,3659440,850999,4226512,7,8
NFLX-3830,Wild Protocol 4,Action,EMEA,36819971,10985625,39414583,10,6
NFLX-3831,Royal Chronicles 3,Action,UCAN,20409589,5787582,26428180,3,4
NFLX-3832,Infinite Horizon 3,Unscripted,LATAM,30384451,5993780,28633854,6,2
NFLX-3833,Shadow Chronicles 3,Comedy,UCAN,21200701,6050562,30414184,9,5
NFLX-3834,Wild Protocol 1,Documentary,APAC,10313770,2865304,9125999,5,4
NFLX-3835,Rising Frontier 2,Animation,EMEA,7655092,2129551,8731366,7,8
NFLX-3836,Rising Legacy 4,Fantasy,APAC,38325228,10352081,46319657,6,9
NFLX-3837,Lost Kingdom 3,Animation,UCAN,6274254,1482062,5293469,7,8
NFLX-3838,Wild Heist 4,Documentary,UCAN,34323116,5577747,39748893,10,8
NFLX-3839,Shadow Frontier 3,Crime,APAC,32223004,9475585,27128802,5,10
NFLX-3840,Dark Chronicles 4,Documentary,EMEA,35499757,10179001,56752534,5,4
NFLX-3841,Silent Hearts 1,Documentary,APAC,684076,141497,707457,10,4
NFLX-3842,Infinite Protocol 1,Fantasy,APAC,25549719,5732919,28491252,7,10
NFLX-3843,Ultimate Legacy 2,Comedy,APAC,14481648,3761414,22752406,2,3
NFLX-3844,Lost Horizon 4,Comedy,UCAN,10854844,1312076,16088050,9,6
NFLX-3845,Silent Rivalry 3,Animation,UCAN,25156480,6214029,24837062,3,6
NFLX-3846,Infinite Horizon 1,Drama,UCAN,22890496,6089228,35102545,4,7
NFLX-3847,Wild Frontier 1,Crime,UCAN,14068380,2368555,21405030,4,7
NFLX-3848,Lost Rivalry 2,Comedy,EMEA,29603971,6409229,41025806,10,10
NFLX-3849,Silent Vengeance 4,Drama,APAC,3419873,425708,3901911,5,7
NFLX-3850,Secret Odyssey 2,Crime,APAC,2606333,680534,4155257,10,2
NFLX-3851,Golden Rivalry 4,Documentary,EMEA,13718785,2727060,15228063,7,4
NFLX-3852,Shadow Vengeance 4,Unscripted,LATAM,5824133,1634055,8883178,8,5
NFLX-3853,Global Vengeance 3,Documentary,EMEA,34161345,4849170,39275345,3,5
NFLX-3854,Shadow Vengeance 4,Documentary,UCAN,18891438,3987280,17687523,4,2
NFLX-3855,Rising Chronicles 4,Comedy,APAC,14407634,3508098,19695835,3,2
NFLX-3856,Wild Heist 2,Crime,LATAM,39170933,10584363,58584640,9,3
NFLX-3857,Secret Protocol 1,Drama,APAC,8749264,2577280,8480639,1,5
NFLX-3858,Golden Odyssey 3,Action,APAC,30925771,6399654,47592563,6,5
NFLX-3859,Secret Vengeance 4,Unscripted,APAC,974213,190150,1010610,10,4
NFLX-3860,Royal Chronicles 1,Unscripted,EMEA,25369411,4873993,29229035,8,7
NFLX-3861,Lost Kingdom 4,Unscripted,APAC,17391831,3320601,20601082,9,6
NFLX-3862,Ultimate Legacy 3,Comedy,APAC,21360864,3796208,22719966,3,2
NFLX-3863,Silent Protocol 1,Documentary,APAC,36015335,7941240,32683478,8,3
NFLX-3864,Silent Protocol 3,Documentary,LATAM,11681093,1563641,9391102,9,6
NFLX-3865,Golden Legacy 4,Animation,LATAM,36484427,8840138,42830183,9,7
NFLX-3866,Wild Odyssey 1,Drama,APAC,32641971,6354719,29761451,7,4
NFLX-3867,Royal Legacy 2,Comedy,UCAN,17743161,2748708,17703014,9,4
NFLX-3868,Royal Empire 2,Drama,UCAN,7780923,2055524,11962578,9,5
NFLX-3869,Wild Legacy 4,Action,EMEA,34173045,6211458,41876389,8,6
NFLX-3870,Lost Heist 3,Action,LATAM,38719382,7041061,43139443,5,4
NFLX-3871,Infinite Frontier 4,Documentary,EMEA,31022637,6644764,42377203,6,2
NFLX-3872,Silent Frontier 2,Fantasy,APAC,6472170,1158985,8578114,7,7
NFLX-3873,Royal Horizon 2,Crime,EMEA,36550761,6033086,42029372,8,9
NFLX-3874,Ultimate Protocol 4,Drama,UCAN,39634816,10284617,63199647,7,3
NFLX-3875,Rising Horizon 3,Romance,APAC,11782386,2248081,15005209,9,5
NFLX-3876,Ultimate Horizon 3,Sci-Fi,APAC,31207291,6448973,29740281,10,1
NFLX-3877,Secret Legacy 2,Romance,UCAN,4400919,1317747,5913691,6,3
NFLX-3878,Global Empire 4,Comedy,UCAN,9130608,2509839,8211703,6,2
NFLX-3879,Royal Legacy 3,Action,APAC,12010637,3204338,17547635,5,7
NFLX-3880,Golden Heist 2,Drama,UCAN,26718498,5168591,28569164,4,10
NFLX-3881,Dark Rivalry 3,Drama,LATAM,19823920,2848018,18850336,3,6
NFLX-3882,Dark Rivalry 1,Documentary,UCAN,16271762,3401007,13715848,6,10
NFLX-3883,Shadow Odyssey 1,Documentary,LATAM,4612988,788612,4211264,5,4
NFLX-3884,Lost Legacy 4,Documentary,EMEA,1471914,374180,2072415,4,4
NFLX-3885,Ultimate Hearts 1,Animation,APAC,2140375,360801,1951532,5,4
NFLX-3886,Secret Legacy 1,Romance,APAC,6955376,1052350,9288346,6,4
NFLX-3887,Ultimate Kingdom 4,Crime,APAC,29770549,4951018,32261724,7,2
NFLX-3888,Silent Heist 4,Action,APAC,15615728,2745201,16709494,2,5
NFLX-3889,Silent Chronicles 2,Unscripted,APAC,29221968,8194913,25849817,4,10
NFLX-3890,Dark Frontier 2,Animation,EMEA,12528062,1618384,14659549,3,2
NFLX-3891,Lost Legacy 1,Crime,EMEA,15437321,3434663,20211623,7,3
NFLX-3892,Silent Frontier 3,Fantasy,LATAM,19828794,4068229,28749469,4,10
NFLX-3893,Secret Heist 1,Crime,APAC,8010967,1119417,10822213,8,6
NFLX-3894,Royal Empire 3,Action,APAC,6374315,1685161,9938500,2,2
NFLX-3895,Infinite Rivalry 2,Comedy,UCAN,26779582,6692110,39770355,6,10
NFLX-3896,Secret Legacy 1,Documentary,EMEA,13223153,3673119,14745127,7,5
NFLX-3897,Rising Odyssey 2,Comedy,APAC,39976083,5857445,34952039,1,1
NFLX-3898,Silent Rivalry 2,Comedy,APAC,27207546,4435259,37389766,3,8
NFLX-3899,Shadow Legacy 4,Fantasy,EMEA,32873569,7504551,29097673,4,4
NFLX-3900,Shadow Protocol 2,Drama,UCAN,3425808,965777,4352150,7,4
NFLX-3901,Wild Heist 3,Fantasy,APAC,32433373,9056941,50124538,5,7
NFLX-3902,Lost Hearts 4,Sci-Fi,APAC,11619838,2040814,14434069,8,1
NFLX-3903,Dark Odyssey 3,Unscripted,LATAM,15278668,2622851,14469638,7,6
NFLX-3904,Wild Rivalry 4,Fantasy,EMEA,4865965,1239563,5193677,4,6
NFLX-3905,Secret Kingdom 3,Romance,LATAM,21544142,5518177,34002988,9,6
NFLX-3906,Secret Vengeance 4,Unscripted,APAC,24590431,5457540,33514507,10,7
NFLX-3907,Lost Horizon 1,Drama,LATAM,15192003,2683816,17594810,3,10
NFLX-3908,Infinite Vengeance 3,Fantasy,EMEA,9873213,2187031,8595822,3,3
NFLX-3909,Lost Chronicles 3,Action,EMEA,32709379,7657316,50184274,4,8
NFLX-3910,Wild Heist 2,Romance,APAC,28230235,3743769,23602144,3,7
NFLX-3911,Rising Empire 1,Comedy,APAC,3603011,575481,4453676,8,3
NFLX-3912,Ultimate Frontier 2,Sci-Fi,UCAN,13942984,3573554,15188969,5,4
NFLX-3913,Royal Heist 2,Animation,EMEA,2710386,807870,2356841,5,10
NFLX-3914,Infinite Heist 3,Drama,APAC,29525784,7091226,39608746,6,4
NFLX-3915,Royal Legacy 4,Fantasy,LATAM,20233897,3895377,28352130,10,1
NFLX-3916,Global Kingdom 2,Documentary,EMEA,27292448,5201497,31243119,10,5
NFLX-3917,Golden Hearts 2,Unscripted,UCAN,38421039,6065340,50217299,7,9
NFLX-3918,Ultimate Rivalry 3,Drama,EMEA,23007659,4144959,29068454,7,3
NFLX-3919,Royal Kingdom 2,Unscripted,APAC,38454453,5627490,53860266,3,6
NFLX-3920,Silent Vengeance 2,Romance,LATAM,20912513,5829456,28739482,9,10
NFLX-3921,Golden Heist 4,Drama,EMEA,31875061,8305758,30009368,4,5
NFLX-3922,Wild Odyssey 4,Unscripted,APAC,7570265,1044873,6334633,5,10
NFLX-3923,Golden Vengeance 4,Sci-Fi,UCAN,25895899,4952694,38742106,9,9
NFLX-3924,Infinite Vengeance 4,Animation,LATAM,18742815,4287095,29566615,5,1
NFLX-3925,Dark Rivalry 3,Sci-Fi,APAC,22243902,3016316,25217251,5,5
NFLX-3926,Global Hearts 2,Crime,UCAN,37038315,4628999,36966429,7,10
NFLX-3927,Golden Empire 3,Romance,APAC,39800091,5744729,34008923,4,8
NFLX-3928,Silent Frontier 2,Animation,UCAN,6610862,1836486,9392160,3,1
NFLX-3929,Secret Horizon 2,Sci-Fi,EMEA,12605134,2935646,10397515,4,10
NFLX-3930,Secret Protocol 2,Crime,UCAN,13575987,3647523,13493074,4,2
NFLX-3931,Rising Legacy 2,Sci-Fi,LATAM,33050088,5419987,27643134,9,10
NFLX-3932,Infinite Kingdom 2,Drama,UCAN,12776389,2923124,16582987,4,2
NFLX-3933,Wild Kingdom 4,Action,APAC,39107401,4789617,53107471,1,2
NFLX-3934,Wild Frontier 1,Romance,APAC,23501808,6558025,34649095,3,5
NFLX-3935,Rising Hearts 2,Documentary,LATAM,34746525,7177683,53083534,6,2
NFLX-3936,Lost Odyssey 4,Documentary,APAC,8235566,2435638,7336680,1,9
NFLX-3937,Silent Legacy 2,Romance,LATAM,36271620,10268511,57087535,5,1
NFLX-3938,Global Frontier 2,Fantasy,UCAN,37095536,5800962,57367267,10,2
NFLX-3939,Ultimate Empire 2,Sci-Fi,APAC,1346837,370382,1104414,4,3
NFLX-3940,Rising Vengeance 1,Fantasy,LATAM,9816881,2510603,13219341,3,8
NFLX-3941,Infinite Heist 3,Comedy,UCAN,11507585,1612288,10018575,7,8
NFLX-3942,Royal Protocol 3,Comedy,LATAM,11738405,2452614,17753514,1,2
NFLX-3943,Golden Chronicles 4,Romance,UCAN,8079259,2405186,11654846,8,9
NFLX-3944,Infinite Vengeance 2,Animation,UCAN,12547275,2257966,13248503,9,7
NFLX-3945,Rising Heist 4,Romance,LATAM,1556324,198187,1457506,10,5
NFLX-3946,Secret Kingdom 3,Crime,UCAN,19485987,2380147,30326802,4,2
NFLX-3947,Royal Hearts 3,Sci-Fi,UCAN,23499385,4183439,19315905,6,1
NFLX-3948,Shadow Odyssey 3,Comedy,EMEA,28206594,5652166,43530375,4,8
NFLX-3949,Shadow Odyssey 4,Romance,APAC,3822629,843439,5302251,4,1
NFLX-3950,Wild Kingdom 4,Documentary,EMEA,3207004,679207,3437247,6,6
NFLX-3951,Golden Legacy 1,Romance,LATAM,30153123,7098749,28150905,8,4
NFLX-3952,Golden Heist 2,Animation,UCAN,8405749,1836537,12418659,4,3
NFLX-3953,Global Protocol 1,Sci-Fi,LATAM,4742013,787228,6928714,7,4
NFLX-3954,Infinite Hearts 1,Sci-Fi,UCAN,24919354,4348746,20522986,7,6
NFLX-3955,Secret Chronicles 4,Documentary,APAC,5710325,1158966,7852908,7,5
NFLX-3956,Shadow Protocol 4,Animation,APAC,34739957,10122637,43248485,2,3
NFLX-3957,Rising Legacy 4,Animation,UCAN,21163193,4608167,27676715,2,4
NFLX-3958,Shadow Rivalry 1,Animation,UCAN,8841433,2259441,7779035,5,6
NFLX-3959,Golden Horizon 4,Unscripted,APAC,29959322,3979221,33940146,6,3
NFLX-3960,Rising Frontier 4,Drama,UCAN,32976613,4867022,27410438,2,8
NFLX-3961,Infinite Odyssey 3,Sci-Fi,APAC,31819789,4048175,44761085,3,4
NFLX-3962,Shadow Legacy 3,Action,LATAM,20990596,5821019,24384627,8,8
NFLX-3963,Wild Heist 3,Crime,LATAM,4480810,822660,5797338,10,3
NFLX-3964,Shadow Odyssey 4,Crime,EMEA,34190750,10124722,40997468,3,10
NFLX-3965,Royal Empire 2,Action,APAC,1566781,442154,1458245,1,10
NFLX-3966,Dark Frontier 4,Unscripted,LATAM,35967609,6802998,37646139,9,5
NFLX-3967,Rising Heist 4,Crime,LATAM,21914111,4179497,30203543,6,3
NFLX-3968,Golden Empire 1,Fantasy,APAC,30965666,8113813,34811878,3,8
NFLX-3969,Dark Protocol 2,Crime,EMEA,699512,163362,1085125,1,2
NFLX-3970,Infinite Horizon 2,Crime,EMEA,4466177,1091570,3989871,3,2
NFLX-3971,Lost Horizon 2,Documentary,EMEA,12381803,2412079,19536427,7,3
NFLX-3972,Shadow Hearts 4,Comedy,LATAM,13583428,1708629,14826986,5,5
NFLX-3973,Lost Protocol 1,Documentary,LATAM,18679464,5381978,27963348,2,2
NFLX-3974,Secret Kingdom 3,Documentary,EMEA,20164763,3626450,32128544,5,3
NFLX-3975,Secret Rivalry 3,Comedy,EMEA,25905094,3619949,25648883,6,2
NFLX-3976,Ultimate Frontier 1,Sci-Fi,APAC,18828151,4434079,26396029,3,5
NFLX-3977,Wild Horizon 3,Comedy,APAC,12145363,3049933,12176319,6,4
NFLX-3978,Wild Frontier 4,Action,UCAN,24668157,2969503,24468156,8,6
NFLX-3979,Secret Odyssey 3,Sci-Fi,LATAM,19153520,4259560,22679407,4,1
NFLX-3980,Lost Kingdom 2,Documentary,EMEA,13691580,1706354,21880701,9,2
NFLX-3981,Ultimate Odyssey 4,Documentary,LATAM,32604937,7906690,40040758,7,3
NFLX-3982,Rising Empire 1,Sci-Fi,EMEA,28401362,5558978,23022059,10,7
NFLX-3983,Secret Vengeance 1,Unscripted,APAC,16763535,4766949,23468298,10,2
NFLX-3984,Ultimate Chronicles 4,Animation,UCAN,26387746,5183960,28248934,5,8
NFLX-3985,Secret Protocol 1,Sci-Fi,UCAN,11552154,1674863,12184482,4,2
NFLX-3986,Infinite Legacy 1,Documentary,UCAN,13065893,2698206,19968494,9,10
NFLX-3987,Shadow Horizon 2,Comedy,UCAN,12086484,2301265,10250091,2,5
NFLX-3988,Golden Vengeance 3,Comedy,EMEA,2961975,685181,4384829,7,10
NFLX-3989,Royal Rivalry 4,Fantasy,EMEA,11500932,1507746,9499036,2,5
NFLX-3990,Secret Odyssey 3,Comedy,EMEA,26823894,5515620,21756119,8,3
NFLX-3991,Dark Vengeance 4,Sci-Fi,EMEA,39343633,8395436,43064409,6,10
NFLX-3992,Golden Frontier 3,Romance,EMEA,32077269,5081078,43561679,8,10
NFLX-3993,Shadow Heist 2,Drama,EMEA,21598463,4826406,25899364,10,9
NFLX-3994,Dark Horizon 4,Unscripted,UCAN,31977173,7438921,33560246,1,6
NFLX-3995,Royal Empire 3,Fantasy,UCAN,21737205,3706920,17467007,4,10
NFLX-3996,Global Empire 3,Unscripted,UCAN,9450166,2439558,11572590,7,10
NFLX-3997,Wild Horizon 4,Drama,APAC,14692118,3552148,15952423,7,1
NFLX-3998,Silent Protocol 1,Comedy,UCAN,4321209,744861,3763263,7,3
NFLX-3999,Wild Heist 4,Documentary,EMEA,7464765,2073419,9115355,3,5
NFLX-4000,Lost Frontier 3,Drama,EMEA,16212394,3035449,17141692,6,3
NFLX-4001,Rising Rivalry 2,Romance,APAC,22703094,4552133,18853872,7,6
NFLX-4002,Lost Kingdom 2,Romance,EMEA,38089743,10048169,55227623,6,3
NFLX-4003,Lost Chronicles 2,Comedy,EMEA,37464189,7323333,54831081,10,1
NFLX-4004,Secret Rivalry 4,Action,LATAM,11089674,2506465,16429732,3,10
NFLX-4005,Rising Frontier 4,Action,LATAM,14527468,2782497,20763100,5,10
NFLX-4006,Royal Frontier 1,Comedy,UCAN,15537118,2813701,20692625,1,8
NFLX-4007,Global Legacy 3,Sci-Fi,EMEA,38775541,11223272,53184490,5,3
NFLX-4008,Infinite Frontier 3,Romance,EMEA,15356303,3344670,22569546,2,4
NFLX-4009,Wild Frontier 4,Unscripted,LATAM,22894859,3919087,21265201,2,5
NFLX-4010,Ultimate Vengeance 4,Comedy,UCAN,18694526,3435120,15846239,1,7
NFLX-4011,Dark Empire 3,Unscripted,UCAN,5127010,1074992,6264017,8,4
NFLX-4012,Silent Heist 2,Unscripted,EMEA,13156318,3216428,17461188,1,5
NFLX-4013,Secret Vengeance 1,Romance,UCAN,26309529,4318382,22063585,4,1
NFLX-4014,Shadow Protocol 3,Documentary,UCAN,36010049,5940368,47536290,7,1
NFLX-4015,Wild Heist 1,Animation,LATAM,6349330,1802618,6209736,9,1
NFLX-4016,Golden Heist 1,Drama,LATAM,28384013,8394837,33732080,7,8
NFLX-4017,Silent Kingdom 4,Crime,APAC,23455799,4740540,33124179,5,6
NFLX-4018,Lost Odyssey 3,Animation,UCAN,14460477,4241155,14462722,2,10
NFLX-4019,Lost Vengeance 3,Crime,EMEA,7951719,1026518,7047631,7,10
NFLX-4020,Dark Frontier 3,Action,LATAM,16273220,3526799,23727464,3,4
NFLX-4021,Golden Empire 2,Sci-Fi,LATAM,25009730,7428178,33587366,5,9
NFLX-4022,Lost Protocol 1,Romance,UCAN,10113758,1245261,11137400,3,7
NFLX-4023,Global Horizon 4,Documentary,UCAN,21963173,3123015,28679371,5,5
NFLX-4024,Shadow Kingdom 4,Comedy,UCAN,28690120,6347622,44967372,4,5
NFLX-4025,Wild Heist 4,Animation,APAC,17226762,3875398,14532934,1,7
NFLX-4026,Royal Protocol 4,Comedy,EMEA,11756088,1744403,15675062,6,9
NFLX-4027,Royal Empire 4,Romance,UCAN,11291644,1722343,12413938,5,9
NFLX-4028,Shadow Frontier 1,Animation,EMEA,24540844,4641575,38317063,6,10
NFLX-4029,Royal Chronicles 3,Action,APAC,20176713,3992176,32257508,6,3
NFLX-4030,Dark Frontier 1,Drama,EMEA,5368768,808415,8454885,3,9
NFLX-4031,Infinite Kingdom 3,Action,EMEA,33632350,8803043,50867702,9,10
NFLX-4032,Silent Kingdom 3,Drama,UCAN,20717294,5987286,22801462,10,4
NFLX-4033,Infinite Kingdom 2,Action,UCAN,9101664,2235206,13889770,1,5
NFLX-4034,Wild Chronicles 4,Romance,UCAN,33738149,8305982,33503695,7,1
NFLX-4035,Wild Empire 1,Unscripted,UCAN,15368643,1879029,20454097,8,10
NFLX-4036,Royal Heist 1,Unscripted,EMEA,23991473,6519579,28433378,8,6
NFLX-4037,Rising Rivalry 2,Fantasy,LATAM,8922303,2282323,12564606,8,9
NFLX-4038,Lost Chronicles 3,Drama,APAC,26757116,5657959,32559528,6,6
NFLX-4039,Golden Kingdom 1,Action,EMEA,28409226,3823062,38121613,7,7
NFLX-4040,Shadow Frontier 3,Drama,LATAM,28724497,4682581,44447646,5,7
NFLX-4041,Wild Legacy 3,Animation,EMEA,21544237,4188150,19293614,2,4
NFLX-4042,Dark Frontier 3,Unscripted,LATAM,13073889,3701660,11836564,2,9
NFLX-4043,Ultimate Protocol 4,Animation,APAC,5021525,676270,6401274,3,7
NFLX-4044,Royal Kingdom 3,Fantasy,APAC,39405282,6886114,46847649,8,10
NFLX-4045,Shadow Rivalry 4,Crime,UCAN,38863018,6233784,44299408,6,3
NFLX-4046,Silent Rivalry 1,Documentary,LATAM,26583951,7165439,33404404,3,3
NFLX-4047,Lost Frontier 1,Unscripted,EMEA,9435352,2730897,9322585,3,8
NFLX-4048,Rising Horizon 1,Sci-Fi,APAC,26702864,3723058,25715915,10,2
NFLX-4049,Royal Hearts 4,Crime,APAC,1639460,303804,2409160,6,4
NFLX-4050,Infinite Legacy 4,Comedy,LATAM,13428400,2067186,10872393,7,8
NFLX-4051,Dark Rivalry 3,Romance,APAC,25579485,6437177,28476983,3,10
NFLX-4052,Shadow Odyssey 1,Drama,EMEA,1063701,263572,1564147,4,3
NFLX-4053,Silent Empire 1,Crime,LATAM,21205633,3209274,29976103,8,5
NFLX-4054,Golden Horizon 2,Action,LATAM,15885933,4305556,22711121,2,2
NFLX-4055,Shadow Hearts 2,Drama,LATAM,36741657,9984630,29490496,10,6
NFLX-4056,Shadow Rivalry 4,Comedy,UCAN,38227394,10907274,40821988,2,2
NFLX-4057,Secret Rivalry 2,Fantasy,UCAN,31815192,7270450,37781854,4,7
NFLX-4058,Infinite Horizon 4,Crime,APAC,20882204,4412018,24727225,4,3
NFLX-4059,Infinite Protocol 3,Action,UCAN,13418099,3261890,12892662,10,1
NFLX-4060,Golden Heist 3,Drama,LATAM,33421452,6086263,36395346,4,2
NFLX-4061,Wild Empire 2,Documentary,EMEA,8965407,1799164,13235982,6,7
NFLX-4062,Silent Chronicles 3,Drama,LATAM,4158413,874258,4554804,9,1
NFLX-4063,Silent Chronicles 2,Unscripted,EMEA,10684624,2925203,10975577,5,9
NFLX-4064,Royal Chronicles 3,Comedy,LATAM,34569724,5201522,41560688,1,2
NFLX-4065,Lost Chronicles 3,Animation,APAC,30143143,5072621,36091029,2,4
NFLX-4066,Infinite Vengeance 1,Unscripted,EMEA,30059002,5481205,34001082,9,3
NFLX-4067,Ultimate Vengeance 4,Sci-Fi,EMEA,18545142,4106629,25346529,1,3
NFLX-4068,Royal Odyssey 3,Animation,EMEA,13231348,3361325,17686638,5,6
NFLX-4069,Silent Kingdom 4,Unscripted,UCAN,16452660,3561836,25252292,7,6
NFLX-4070,Wild Protocol 1,Drama,UCAN,25162778,6281820,32094376,8,9
NFLX-4071,Dark Heist 2,Animation,EMEA,13134544,1612235,14538608,2,10
NFLX-4072,Rising Chronicles 2,Romance,UCAN,28354767,6270535,31368574,6,4
NFLX-4073,Infinite Legacy 4,Fantasy,UCAN,29916560,7192223,27183673,1,4
NFLX-4074,Wild Vengeance 2,Fantasy,UCAN,4975587,1276254,4609158,10,10
NFLX-4075,Infinite Horizon 4,Unscripted,LATAM,30220864,3721438,28139052,8,4
NFLX-4076,Rising Odyssey 2,Unscripted,EMEA,28721119,5824646,34075036,2,10
NFLX-4077,Wild Vengeance 1,Action,APAC,22375922,3841060,26678966,4,10
NFLX-4078,Infinite Kingdom 4,Drama,EMEA,17991242,3618154,20021999,10,4
NFLX-4079,Secret Horizon 3,Animation,UCAN,23432395,4607447,23817549,9,9
NFLX-4080,Silent Vengeance 2,Drama,EMEA,35227774,6946068,55465605,2,1
NFLX-4081,Ultimate Protocol 2,Sci-Fi,LATAM,12317696,3434119,14016765,3,6
NFLX-4082,Rising Kingdom 1,Drama,EMEA,35106739,4302094,29538777,2,5
NFLX-4083,Infinite Chronicles 3,Animation,APAC,1372153,182031,1142603,10,1
NFLX-4084,Global Kingdom 2,Fantasy,EMEA,17789468,5073226,19817300,4,5
NFLX-4085,Golden Kingdom 3,Crime,APAC,38916810,8689063,38355695,1,9
NFLX-4086,Royal Odyssey 1,Crime,UCAN,39045793,11336429,47827324,7,8
NFLX-4087,Secret Hearts 2,Comedy,UCAN,13997460,2561920,21937454,3,9
NFLX-4088,Wild Odyssey 2,Action,UCAN,7450103,2104940,6476145,1,4
NFLX-4089,Lost Frontier 3,Drama,EMEA,11643569,1989695,15479720,3,6
NFLX-4090,Royal Kingdom 1,Crime,LATAM,17069348,4228895,21272805,7,8
NFLX-4091,Infinite Horizon 1,Unscripted,LATAM,35637411,6330366,44966960,2,4
NFLX-4092,Rising Legacy 2,Animation,APAC,37417478,7595912,36455623,5,4
NFLX-4093,Global Hearts 1,Fantasy,LATAM,27844650,6802575,27595568,10,4
NFLX-4094,Wild Frontier 4,Drama,LATAM,26325407,4307469,36900018,3,1
NFLX-4095,Silent Chronicles 3,Documentary,UCAN,37472381,5997198,39741826,2,2
NFLX-4096,Silent Hearts 4,Drama,EMEA,29874465,5768117,43717296,8,8
NFLX-4097,Secret Frontier 2,Fantasy,LATAM,2739385,357855,4108139,3,9
NFLX-4098,Silent Protocol 4,Documentary,UCAN,24492875,6256270,29459666,3,4
NFLX-4099,Wild Legacy 2,Unscripted,UCAN,25871942,5572184,29761140,2,10
NFLX-4100,Wild Heist 3,Animation,APAC,12241863,2221759,13495479,8,2
NFLX-4101,Dark Horizon 3,Animation,APAC,32485753,7979879,50626458,2,5
NFLX-4102,Lost Empire 4,Action,LATAM,24353448,4239465,28121460,5,9
NFLX-4103,Shadow Heist 3,Comedy,APAC,38983240,9640372,61348431,9,6
NFLX-4104,Secret Chronicles 1,Action,APAC,32465511,8496950,49169788,9,6
NFLX-4105,Secret Protocol 4,Unscripted,EMEA,28716581,3637641,34332290,6,1
NFLX-4106,Wild Horizon 1,Animation,LATAM,34323193,10250556,47646981,10,4
NFLX-4107,Rising Horizon 3,Drama,LATAM,33038932,9632592,34890123,1,4
NFLX-4108,Wild Odyssey 3,Unscripted,LATAM,16676248,4334767,24735682,10,3
NFLX-4109,Dark Odyssey 3,Comedy,EMEA,22043510,3990323,25606981,6,6
NFLX-4110,Golden Kingdom 2,Unscripted,LATAM,36431057,9774442,44997192,4,3
NFLX-4111,Rising Rivalry 2,Romance,UCAN,25836016,5543382,22944484,7,3
NFLX-4112,Golden Vengeance 4,Animation,APAC,17340115,4338514,20550138,3,4
NFLX-4113,Wild Kingdom 1,Crime,EMEA,19230701,4929528,22608901,3,7
NFLX-4114,Shadow Chronicles 2,Sci-Fi,LATAM,12502628,3641465,17242664,2,3
NFLX-4115,Golden Empire 2,Fantasy,UCAN,26790405,4375342,25406515,10,5
NFLX-4116,Golden Chronicles 3,Documentary,EMEA,25199886,6849234,25768491,10,3
NFLX-4117,Lost Hearts 2,Sci-Fi,EMEA,741604,119994,623639,7,4
NFLX-4118,Global Empire 2,Fantasy,LATAM,29430127,5260606,34723863,5,10
NFLX-4119,Global Odyssey 4,Animation,APAC,24678619,4856599,28489567,9,10
NFLX-4120,Golden Horizon 2,Sci-Fi,LATAM,10415947,2738103,14827814,1,9
NFLX-4121,Infinite Heist 4,Fantasy,EMEA,26399636,6138423,27290299,5,8
NFLX-4122,Infinite Legacy 2,Crime,UCAN,39196298,7254063,36687687,8,3
NFLX-4123,Shadow Frontier 3,Unscripted,APAC,14825623,1987317,16520863,4,4
NFLX-4124,Global Hearts 3,Unscripted,UCAN,7420789,1884580,8721442,3,9
NFLX-4125,Global Empire 2,Unscripted,EMEA,3795144,1008709,4601435,8,5
NFLX-4126,Royal Chronicles 1,Unscripted,LATAM,17554178,4341597,26025592,1,4
NFLX-4127,Secret Legacy 1,Unscripted,APAC,16261757,3214557,23008479,3,9
NFLX-4128,Rising Protocol 3,Documentary,UCAN,19968569,4313528,27958080,6,8
NFLX-4129,Royal Horizon 2,Comedy,EMEA,5597089,776520,7897750,1,9
NFLX-4130,Rising Hearts 4,Sci-Fi,UCAN,26179189,6789434,36255335,1,1
NFLX-4131,Ultimate Horizon 1,Documentary,APAC,1680275,335375,2200679,10,6
NFLX-4132,Dark Hearts 1,Unscripted,LATAM,21455653,6299222,21926926,7,7
NFLX-4133,Wild Kingdom 3,Action,APAC,15320916,2245283,22654977,2,7
NFLX-4134,Lost Legacy 2,Documentary,LATAM,14690796,3276082,20851373,6,5
NFLX-4135,Golden Odyssey 1,Romance,UCAN,5041353,618856,6623285,8,3
NFLX-4136,Royal Hearts 3,Drama,LATAM,16866703,2101527,22415487,6,1
NFLX-4137,Infinite Horizon 4,Sci-Fi,EMEA,36798397,10576466,39442526,4,2
NFLX-4138,Silent Chronicles 3,Romance,EMEA,24446573,6499563,24553505,3,10
NFLX-4139,Shadow Vengeance 2,Documentary,LATAM,11010197,2873006,8859126,9,9
NFLX-4140,Secret Protocol 2,Drama,EMEA,9807443,1954503,8714208,7,9
NFLX-4141,Global Chronicles 2,Unscripted,APAC,11656483,1494217,12441331,6,1
NFLX-4142,Silent Vengeance 2,Comedy,EMEA,4751704,1084059,4682077,4,1
NFLX-4143,Dark Vengeance 2,Action,UCAN,11800227,2691203,14031356,3,4
NFLX-4144,Shadow Empire 3,Documentary,UCAN,16067144,3064602,19047037,5,4
NFLX-4145,Royal Frontier 3,Comedy,EMEA,35701626,5728597,29108469,1,9
NFLX-4146,Infinite Rivalry 3,Sci-Fi,EMEA,37854479,6217316,42744208,3,10
NFLX-4147,Wild Legacy 3,Drama,EMEA,4340380,733649,6090243,9,8
NFLX-4148,Wild Chronicles 3,Animation,UCAN,21636143,3084152,19349954,4,8
NFLX-4149,Silent Heist 1,Drama,UCAN,32933882,5476509,33016473,10,4
NFLX-4150,Royal Chronicles 1,Romance,UCAN,33009218,9035936,51221202,1,1
NFLX-4151,Dark Vengeance 3,Action,APAC,35924977,7570918,48271706,5,9
NFLX-4152,Infinite Protocol 4,Crime,APAC,20214664,4604851,28797535,7,7
NFLX-4153,Global Kingdom 2,Crime,APAC,25897051,6685263,35833463,8,5
NFLX-4154,Secret Heist 1,Fantasy,UCAN,36955629,7337324,29610981,10,4
NFLX-4155,Shadow Rivalry 2,Action,LATAM,36301129,8182762,48741692,5,1
NFLX-4156,Rising Empire 2,Action,UCAN,27488085,5257543,22391014,6,8
NFLX-4157,Silent Protocol 2,Unscripted,APAC,38123826,8410326,39333695,1,4
NFLX-4158,Wild Vengeance 1,Unscripted,LATAM,27369237,3626685,32183603,6,3
NFLX-4159,Rising Rivalry 1,Crime,EMEA,16881584,4719298,20088878,3,10
NFLX-4160,Shadow Empire 2,Drama,LATAM,24518007,4560474,24328323,7,1
NFLX-4161,Shadow Rivalry 3,Crime,LATAM,38004058,10578031,55841109,5,1
NFLX-4162,Secret Chronicles 3,Animation,APAC,20940042,3753036,24379187,8,4
NFLX-4163,Wild Rivalry 4,Romance,UCAN,18985770,5534306,26744891,1,10
NFLX-4164,Infinite Kingdom 1,Animation,EMEA,24967487,4745936,36410197,6,10
NFLX-4165,Silent Kingdom 2,Animation,APAC,6814426,856146,9702626,4,5
NFLX-4166,Global Protocol 4,Crime,APAC,36835072,9255703,56105365,2,1
NFLX-4167,Shadow Vengeance 1,Documentary,UCAN,33847255,5973324,53245145,10,5
NFLX-4168,Dark Legacy 4,Comedy,UCAN,34246354,7230260,45485626,8,2
NFLX-4169,Wild Vengeance 4,Animation,UCAN,26484924,5383508,27973899,4,7
NFLX-4170,Dark Odyssey 1,Sci-Fi,UCAN,18195956,3270294,22388721,9,7
NFLX-4171,Silent Chronicles 2,Unscripted,EMEA,32515022,7116205,44070573,2,9
NFLX-4172,Ultimate Frontier 1,Comedy,APAC,38229435,10421946,49661342,9,6
NFLX-4173,Wild Heist 3,Animation,UCAN,27634435,5951602,22678652,2,6
NFLX-4174,Wild Hearts 3,Action,LATAM,31718999,4158617,43474369,5,4
NFLX-4175,Silent Horizon 2,Sci-Fi,EMEA,25223580,7435147,31589717,1,8
NFLX-4176,Secret Horizon 3,Documentary,UCAN,18685385,2249869,26155568,1,5
NFLX-4177,Global Kingdom 3,Unscripted,UCAN,10499031,2887877,10401950,2,1
NFLX-4178,Golden Horizon 3,Drama,APAC,33132849,6427850,30718310,3,3
NFLX-4179,Golden Hearts 3,Documentary,LATAM,30930656,7846344,47606759,5,10
NFLX-4180,Golden Kingdom 2,Action,UCAN,32741820,8717201,44257863,7,6
NFLX-4181,Rising Kingdom 3,Fantasy,APAC,38100574,11018825,51885252,4,8
NFLX-4182,Secret Legacy 3,Crime,LATAM,24297221,5496428,32024892,7,8
NFLX-4183,Silent Chronicles 3,Crime,APAC,635726,88510,899094,5,4
NFLX-4184,Golden Legacy 3,Drama,LATAM,24001139,6307216,26440051,1,5
NFLX-4185,Secret Empire 1,Unscripted,APAC,33665385,4934628,39451743,1,8
NFLX-4186,Secret Heist 4,Animation,APAC,7384422,1169237,8501410,6,1
NFLX-4187,Infinite Odyssey 2,Romance,LATAM,38716474,11034944,53295552,5,4
NFLX-4188,Shadow Hearts 1,Romance,APAC,31494564,9068105,35214431,3,8
NFLX-4189,Global Heist 3,Documentary,LATAM,5322616,1581473,5945433,4,10
NFLX-4190,Secret Protocol 3,Unscripted,EMEA,32879504,6422600,29620768,5,7
NFLX-4191,Silent Hearts 2,Drama,LATAM,29748519,5662350,38562515,2,6
NFLX-4192,Golden Vengeance 3,Drama,LATAM,26865127,4372580,41056068,1,10
NFLX-4193,Silent Empire 1,Comedy,LATAM,4219364,1047239,6128330,7,8
NFLX-4194,Infinite Horizon 3,Documentary,UCAN,22264870,5216357,21985432,5,3
NFLX-4195,Wild Rivalry 1,Unscripted,EMEA,15348148,3779167,16391085,9,7
NFLX-4196,Secret Kingdom 1,Action,UCAN,16590051,3541526,26225522,6,8
NFLX-4197,Dark Heist 1,Crime,APAC,30268265,7757678,44972773,9,7
NFLX-4198,Rising Protocol 3,Action,LATAM,27931546,3950795,24807984,8,1
NFLX-4199,Golden Protocol 3,Romance,UCAN,24939042,3694946,39184616,6,1
NFLX-4200,Shadow Horizon 4,Documentary,EMEA,6714943,1036594,6052620,10,10
NFLX-4201,Golden Hearts 4,Comedy,EMEA,38169304,5614110,42662477,7,4
NFLX-4202,Lost Horizon 1,Drama,APAC,13055148,2379312,13940038,6,2
NFLX-4203,Silent Frontier 4,Action,UCAN,39760713,11051451,38194336,5,10
NFLX-4204,Lost Empire 1,Comedy,APAC,13779872,3807300,13968581,6,9
NFLX-4205,Wild Legacy 1,Animation,APAC,28894459,4049839,39012553,5,7
NFLX-4206,Secret Horizon 3,Unscripted,UCAN,21964342,5402882,20184298,7,6
NFLX-4207,Dark Heist 2,Comedy,EMEA,30675647,7416495,25500692,2,1
NFLX-4208,Secret Odyssey 1,Comedy,APAC,5352085,1157891,6916707,1,9
NFLX-4209,Royal Rivalry 3,Crime,APAC,20769612,5349746,25817513,2,3
NFLX-4210,Infinite Hearts 1,Romance,LATAM,1056062,225802,1459754,1,6
NFLX-4211,Shadow Hearts 1,Action,UCAN,37175399,4568641,33331112,4,5
NFLX-4212,Golden Legacy 3,Drama,UCAN,3736303,1108064,4002636,4,6
NFLX-4213,Wild Hearts 4,Animation,UCAN,12873384,3347347,20200198,2,2
NFLX-4214,Infinite Vengeance 4,Animation,EMEA,28552826,4130949,23345712,2,3
NFLX-4215,Rising Horizon 4,Unscripted,EMEA,10176202,1494129,12258009,6,10
NFLX-4216,Shadow Empire 4,Comedy,UCAN,31171244,5241310,45341601,9,9
NFLX-4217,Rising Frontier 3,Animation,UCAN,12053675,3316644,13392045,3,1
NFLX-4218,Dark Empire 1,Documentary,APAC,25292980,6162197,28677242,8,2
NFLX-4219,Infinite Horizon 3,Romance,UCAN,14665458,4346771,11998686,10,6
NFLX-4220,Global Odyssey 2,Fantasy,APAC,20008663,3834228,26399354,6,1
NFLX-4221,Shadow Horizon 2,Animation,EMEA,13252714,1900877,19023547,3,4
NFLX-4222,Global Kingdom 2,Documentary,APAC,26373697,7517393,26472295,7,2
NFLX-4223,Dark Rivalry 3,Action,APAC,17364150,3324105,18344806,9,1
NFLX-4224,Golden Protocol 2,Animation,LATAM,21457565,2714481,32349635,4,6
NFLX-4225,Rising Rivalry 3,Comedy,APAC,35058258,7769882,42922545,9,2
NFLX-4226,Royal Heist 1,Unscripted,APAC,25524214,3964063,28196915,6,10
NFLX-4227,Infinite Heist 4,Unscripted,LATAM,9818491,2130583,9739885,2,3
NFLX-4228,Silent Protocol 2,Documentary,UCAN,36230325,9170452,34950969,6,6
NFLX-4229,Wild Kingdom 1,Comedy,LATAM,34988713,9620526,28487751,8,2
NFLX-4230,Wild Legacy 4,Comedy,EMEA,24850764,3061400,37127974,7,10
NFLX-4231,Rising Odyssey 4,Crime,EMEA,14830902,4433201,15158047,5,4
NFLX-4232,Royal Chronicles 1,Crime,LATAM,16494281,2346564,22906676,9,7
NFLX-4233,Wild Vengeance 4,Romance,UCAN,28991113,6016915,32980957,5,8
NFLX-4234,Silent Rivalry 2,Drama,UCAN,5833346,764594,7755398,1,9
NFLX-4235,Dark Hearts 3,Crime,APAC,37933935,4673910,35609859,2,9
NFLX-4236,Silent Kingdom 4,Animation,EMEA,15377280,4428273,14619355,5,3
NFLX-4237,Ultimate Protocol 2,Animation,LATAM,9202126,1316518,8347671,8,8
NFLX-4238,Silent Heist 4,Romance,EMEA,24800923,4489806,28687749,3,2
NFLX-4239,Wild Hearts 3,Comedy,UCAN,7197968,1229091,11146397,5,7
NFLX-4240,Global Empire 4,Crime,LATAM,39586605,9820278,57863094,9,8
NFLX-4241,Shadow Hearts 3,Comedy,UCAN,19650320,5542152,22984922,10,9
NFLX-4242,Dark Protocol 3,Romance,APAC,4256599,952290,6403491,4,10
NFLX-4243,Ultimate Hearts 3,Crime,LATAM,4162162,1228681,3829899,6,5
NFLX-4244,Infinite Chronicles 4,Romance,EMEA,28115927,5626531,39275260,8,9
NFLX-4245,Wild Chronicles 4,Crime,APAC,5763260,1593835,8636169,6,10
NFLX-4246,Golden Odyssey 3,Animation,LATAM,4838129,1068498,4314705,8,3
NFLX-4247,Dark Rivalry 3,Drama,UCAN,19343133,4042313,22602470,10,7
NFLX-4248,Ultimate Horizon 2,Fantasy,APAC,24194747,7083946,25008846,10,8
NFLX-4249,Wild Kingdom 1,Romance,LATAM,9569455,2095952,7811165,2,1
NFLX-4250,Global Chronicles 3,Comedy,APAC,28431843,5433900,36305202,6,2
NFLX-4251,Lost Kingdom 3,Animation,EMEA,7726291,1737522,7747047,1,10
NFLX-4252,Golden Horizon 4,Sci-Fi,UCAN,34809626,8645704,28068327,6,9
NFLX-4253,Golden Kingdom 2,Documentary,LATAM,12210192,2945217,14493701,5,10
NFLX-4254,Infinite Horizon 3,Comedy,EMEA,35146583,4501478,33695026,6,2
NFLX-4255,Silent Chronicles 4,Comedy,EMEA,4791339,762234,4523182,5,4
NFLX-4256,Dark Protocol 2,Unscripted,APAC,25540902,6190404,34235295,8,8
NFLX-4257,Dark Odyssey 2,Unscripted,EMEA,36204093,6447252,53703909,4,2
NFLX-4258,Global Odyssey 4,Animation,UCAN,17730921,5039891,14199056,2,3
NFLX-4259,Shadow Legacy 4,Sci-Fi,UCAN,32804144,9820274,48349870,7,7
NFLX-4260,Royal Kingdom 3,Romance,LATAM,6546671,1670224,7643701,3,5
NFLX-4261,Dark Protocol 4,Unscripted,LATAM,3883486,709465,3784142,4,7
NFLX-4262,Royal Protocol 2,Action,EMEA,36203184,9140104,41865051,7,8
NFLX-4263,Dark Protocol 1,Romance,UCAN,4216969,639521,5604137,4,10
NFLX-4264,Rising Kingdom 4,Documentary,APAC,5330252,1003142,5046315,5,10
NFLX-4265,Golden Rivalry 2,Unscripted,LATAM,7701903,1471639,10911659,8,6
NFLX-4266,Infinite Vengeance 3,Documentary,LATAM,39429470,5003007,58907265,6,2
NFLX-4267,Wild Frontier 3,Unscripted,APAC,15110409,1980968,24162597,7,4
NFLX-4268,Infinite Heist 1,Drama,EMEA,5682178,739635,6313312,9,8
NFLX-4269,Golden Vengeance 1,Documentary,UCAN,6567039,1561158,6327902,4,8
NFLX-4270,Golden Rivalry 2,Animation,APAC,24987383,5169677,38600702,3,10
NFLX-4271,Lost Frontier 4,Romance,APAC,31961522,5760586,43390273,5,9
NFLX-4272,Royal Frontier 1,Romance,UCAN,12723672,3633728,17236962,7,10
NFLX-4273,Royal Chronicles 3,Documentary,LATAM,32595360,7765336,26323114,10,4
NFLX-4274,Dark Vengeance 1,Crime,LATAM,26745933,4148466,32294419,5,7
NFLX-4275,Global Heist 1,Crime,APAC,37075864,6365293,54703402,6,8
NFLX-4276,Silent Chronicles 2,Animation,UCAN,35819445,8814063,36275434,6,2
NFLX-4277,Golden Frontier 3,Unscripted,UCAN,32237206,9599779,37027223,6,6
NFLX-4278,Shadow Frontier 2,Comedy,LATAM,25236426,3617295,27488143,9,6
NFLX-4279,Shadow Kingdom 1,Unscripted,LATAM,885341,130362,1263441,3,9
NFLX-4280,Golden Heist 2,Crime,EMEA,10144858,2018715,12524174,10,8
NFLX-4281,Secret Protocol 2,Action,APAC,20654184,3060883,24527658,9,5
NFLX-4282,Golden Kingdom 3,Unscripted,EMEA,24654910,4977175,26054496,3,9
NFLX-4283,Dark Chronicles 1,Sci-Fi,EMEA,3807143,490516,4648781,9,8
NFLX-4284,Lost Horizon 3,Action,UCAN,23210874,5503109,28650325,6,9
NFLX-4285,Global Chronicles 1,Fantasy,APAC,33147243,8773041,42283703,5,5
NFLX-4286,Silent Horizon 1,Animation,LATAM,30466572,7889339,37324976,9,7
NFLX-4287,Infinite Empire 4,Documentary,APAC,22679093,3616554,22538244,5,8
NFLX-4288,Silent Odyssey 4,Crime,LATAM,32679484,8983965,41232544,3,7
NFLX-4289,Ultimate Hearts 1,Animation,UCAN,23647734,3768121,18927997,5,4
NFLX-4290,Shadow Rivalry 4,Crime,EMEA,21520012,6315121,18081609,2,10
NFLX-4291,Rising Legacy 3,Drama,EMEA,32258470,6290646,29176219,10,8
NFLX-4292,Wild Frontier 4,Comedy,UCAN,18598003,4198493,20166228,8,4
NFLX-4293,Infinite Horizon 1,Animation,EMEA,39463425,8689726,35196687,8,5
NFLX-4294,Silent Vengeance 2,Unscripted,APAC,24983910,4982282,24084206,9,9
NFLX-4295,Lost Hearts 4,Documentary,EMEA,24807298,4069717,28829718,10,9
NFLX-4296,Rising Odyssey 3,Animation,APAC,4829872,790980,7414120,10,6
NFLX-4297,Ultimate Protocol 4,Documentary,APAC,32492858,5285306,38559211,3,2
NFLX-4298,Ultimate Empire 3,Fantasy,APAC,30321538,8564125,33212772,2,10
NFLX-4299,Secret Hearts 4,Action,EMEA,33569659,8069691,42771166,4,3
NFLX-4300,Golden Heist 1,Drama,UCAN,22222290,3945435,28252431,6,2
NFLX-4301,Silent Empire 4,Action,EMEA,19584584,4921297,16175566,2,10
NFLX-4302,Dark Odyssey 3,Comedy,EMEA,27930732,6658335,25152965,8,2
NFLX-4303,Ultimate Empire 2,Crime,UCAN,27774376,4343693,29690468,4,6
NFLX-4304,Royal Kingdom 3,Animation,UCAN,38773641,10309889,43300895,9,3
NFLX-4305,Golden Vengeance 1,Animation,APAC,506255,111793,617771,6,8
NFLX-4306,Shadow Rivalry 2,Romance,LATAM,31710284,6230633,46980420,1,10
NFLX-4307,Silent Kingdom 2,Animation,LATAM,29849708,5795162,44071151,10,8
NFLX-4308,Wild Frontier 4,Fantasy,EMEA,22979904,6029315,36328142,1,5
NFLX-4309,Rising Protocol 1,Romance,LATAM,27325416,6278383,25294111,1,2
NFLX-4310,Global Kingdom 2,Comedy,LATAM,27663081,5553502,30002102,3,6
NFLX-4311,Rising Horizon 2,Drama,EMEA,20920516,5288925,27961711,7,8
NFLX-4312,Secret Chronicles 4,Romance,EMEA,14143013,3836008,17922633,8,3
NFLX-4313,Rising Rivalry 3,Fantasy,UCAN,37615755,4746123,43945828,9,9
NFLX-4314,Rising Legacy 4,Action,EMEA,13954089,3699989,18873548,6,4
NFLX-4315,Golden Horizon 3,Animation,APAC,10025108,1594458,11527901,10,6
NFLX-4316,Global Kingdom 1,Action,UCAN,13242759,2563457,19621058,7,8
NFLX-4317,Ultimate Chronicles 2,Fantasy,UCAN,21811900,3568857,24222143,8,1
NFLX-4318,Ultimate Kingdom 3,Crime,APAC,38695839,8521376,58118695,3,2
NFLX-4319,Rising Vengeance 2,Documentary,UCAN,15444797,3186257,18201802,1,7
NFLX-4320,Golden Empire 1,Fantasy,EMEA,36114331,6985937,35124822,5,9
NFLX-4321,Dark Horizon 1,Unscripted,APAC,11363798,2170938,10899713,6,7
NFLX-4322,Global Horizon 4,Romance,EMEA,23981125,4815468,30007521,4,6
NFLX-4323,Rising Chronicles 1,Action,APAC,32805591,4709273,49869827,1,5
NFLX-4324,Global Heist 3,Fantasy,UCAN,2230801,633882,2905721,6,9
NFLX-4325,Silent Heist 2,Action,APAC,34312846,6339710,35464689,8,3
NFLX-4326,Global Hearts 1,Comedy,EMEA,8159900,1399639,6635083,6,1
NFLX-4327,Silent Vengeance 3,Animation,LATAM,8347894,1022449,9390160,2,7
NFLX-4328,Wild Chronicles 1,Action,EMEA,26162879,3560240,41216096,5,1
NFLX-4329,Golden Odyssey 4,Action,UCAN,3324759,895247,2770006,6,9
NFLX-4330,Rising Legacy 2,Comedy,APAC,2050467,575218,2306591,10,1
NFLX-4331,Wild Horizon 3,Animation,EMEA,16740085,3964761,17838683,9,1
NFLX-4332,Wild Empire 4,Crime,LATAM,27575066,4004419,28521029,3,5
NFLX-4333,Lost Protocol 1,Romance,UCAN,35663542,5792766,49345492,2,5
NFLX-4334,Wild Rivalry 2,Documentary,EMEA,27811400,4577791,31179418,10,1
NFLX-4335,Global Vengeance 1,Documentary,EMEA,14708211,4275104,18728820,9,1
NFLX-4336,Rising Vengeance 4,Romance,LATAM,21718320,2646251,19190130,10,7
NFLX-4337,Secret Vengeance 4,Drama,APAC,14643646,3930856,12576152,10,9
NFLX-4338,Secret Horizon 4,Fantasy,UCAN,15457108,2494284,23412173,9,5
NFLX-4339,Infinite Frontier 1,Comedy,UCAN,24983622,4711511,21079163,6,5
NFLX-4340,Infinite Horizon 2,Action,APAC,16044705,4426647,14269553,4,7
NFLX-4341,Secret Heist 4,Unscripted,APAC,26985328,7449232,25306092,10,6
NFLX-4342,Silent Vengeance 3,Romance,EMEA,24918228,3258977,20674649,10,9
NFLX-4343,Royal Kingdom 1,Romance,LATAM,15295550,2762885,13332231,8,2
NFLX-4344,Infinite Legacy 3,Comedy,APAC,6035542,1710965,6108237,5,8
NFLX-4345,Secret Horizon 3,Drama,EMEA,18115560,3380295,25594551,7,5
NFLX-4346,Rising Protocol 2,Animation,APAC,19680146,3669164,27212136,2,10
NFLX-4347,Secret Empire 4,Fantasy,UCAN,17565146,3641590,22412242,7,3
NFLX-4348,Global Frontier 2,Fantasy,LATAM,30312698,5777353,30228562,6,3
NFLX-4349,Rising Heist 4,Unscripted,UCAN,33104348,7999905,33933755,5,7
NFLX-4350,Rising Odyssey 1,Comedy,APAC,8819767,1362042,8398783,3,6
NFLX-4351,Lost Protocol 4,Sci-Fi,LATAM,10121959,1998516,14715345,3,2
NFLX-4352,Dark Hearts 3,Sci-Fi,EMEA,23630916,2873540,20273324,6,5
NFLX-4353,Ultimate Rivalry 3,Comedy,APAC,23267921,4475662,18737716,9,9
NFLX-4354,Wild Legacy 3,Fantasy,LATAM,1388803,284352,1598347,3,7
NFLX-4355,Dark Empire 3,Drama,LATAM,14719788,4247153,17530830,4,3
NFLX-4356,Infinite Kingdom 2,Romance,LATAM,16864011,3266503,15577637,8,8
NFLX-4357,Golden Horizon 4,Documentary,APAC,23031338,6053295,35219906,2,10
NFLX-4358,Wild Odyssey 4,Fantasy,APAC,31222736,7026444,43775852,3,10
NFLX-4359,Rising Odyssey 2,Sci-Fi,LATAM,28489873,6686491,33936766,8,3
NFLX-4360,Golden Horizon 4,Fantasy,EMEA,807153,144851,1233216,7,7
NFLX-4361,Silent Rivalry 2,Comedy,UCAN,13343941,1897770,11482646,4,2
NFLX-4362,Silent Kingdom 1,Action,LATAM,20794194,3271487,17321244,9,4
NFLX-4363,Dark Empire 1,Action,UCAN,34865836,6681771,28331257,5,9
NFLX-4364,Global Heist 2,Unscripted,LATAM,36587496,5175744,30977055,10,4
NFLX-4365,Shadow Hearts 3,Crime,UCAN,7905372,2051292,8560641,4,10
NFLX-4366,Silent Hearts 1,Action,APAC,17013486,2306783,17150828,6,10
NFLX-4367,Secret Legacy 4,Unscripted,UCAN,34061684,5211539,38700587,7,6
NFLX-4368,Global Odyssey 4,Drama,LATAM,28041341,6661047,42911084,3,5
NFLX-4369,Silent Hearts 2,Comedy,EMEA,7530689,1649576,9870190,3,7
NFLX-4370,Wild Chronicles 2,Action,UCAN,28404611,3717089,25572616,5,1
NFLX-4371,Secret Protocol 4,Animation,APAC,1685244,417329,1880306,9,2
NFLX-4372,Global Frontier 4,Action,LATAM,28863682,5637420,35351655,6,1
NFLX-4373,Shadow Empire 4,Fantasy,UCAN,26761935,7111028,33337943,3,2
NFLX-4374,Rising Legacy 4,Crime,APAC,13650971,3323501,11509591,8,2
NFLX-4375,Rising Empire 1,Crime,UCAN,10905485,1410829,8952671,7,3
NFLX-4376,Infinite Legacy 4,Drama,LATAM,19595509,4163259,23396060,6,8
NFLX-4377,Royal Hearts 2,Sci-Fi,LATAM,11790277,2545885,13788457,6,3
NFLX-4378,Ultimate Frontier 2,Comedy,LATAM,39080675,9466131,45443443,6,5
NFLX-4379,Global Chronicles 3,Animation,LATAM,37454671,10196520,50456989,5,8
NFLX-4380,Lost Odyssey 2,Sci-Fi,APAC,21390055,3599685,23289621,9,1
NFLX-4381,Global Kingdom 2,Documentary,APAC,15041492,4477223,16843862,9,4
NFLX-4382,Silent Protocol 3,Action,UCAN,19300060,3483906,28279671,4,9
NFLX-4383,Silent Protocol 1,Drama,APAC,31690437,7322805,49926541,1,4
NFLX-4384,Secret Kingdom 2,Sci-Fi,UCAN,15735140,4696118,22229151,9,1
NFLX-4385,Rising Empire 2,Crime,UCAN,25649689,5758959,34336307,5,1
NFLX-4386,Secret Legacy 1,Documentary,APAC,2579989,596636,2251061,4,4
NFLX-4387,Lost Heist 1,Unscripted,LATAM,12186971,2303082,17641394,10,4
NFLX-4388,Secret Horizon 3,Comedy,APAC,27250118,4382058,40065942,2,7
NFLX-4389,Secret Odyssey 1,Fantasy,LATAM,13270911,1744928,11735772,2,8
NFLX-4390,Secret Frontier 3,Action,APAC,17280483,4445123,14463089,10,10
NFLX-4391,Lost Legacy 1,Animation,UCAN,881153,225817,1298118,6,7
NFLX-4392,Silent Empire 3,Comedy,APAC,15655262,2918680,17093061,8,7
NFLX-4393,Dark Protocol 2,Documentary,UCAN,16593248,2075210,21931762,3,9
NFLX-4394,Infinite Kingdom 1,Drama,APAC,28297377,5552444,30029932,3,5
NFLX-4395,Royal Heist 2,Action,APAC,30048058,4044696,34706580,5,10
NFLX-4396,Global Protocol 4,Sci-Fi,APAC,23124479,3309827,22044898,8,10
NFLX-4397,Royal Kingdom 3,Comedy,APAC,8688775,1769262,9146906,9,10
NFLX-4398,Golden Hearts 1,Unscripted,LATAM,7119198,989996,8414042,2,2
NFLX-4399,Secret Odyssey 2,Documentary,UCAN,11050454,2929187,11428491,5,6
NFLX-4400,Rising Horizon 4,Crime,UCAN,14182910,4058525,16380343,8,5
NFLX-4401,Secret Frontier 1,Unscripted,APAC,22053787,6393560,23117050,1,9
NFLX-4402,Lost Kingdom 1,Crime,EMEA,999273,236743,1513123,2,8
NFLX-4403,Infinite Chronicles 4,Drama,APAC,7497166,2082944,7235043,2,2
NFLX-4404,Wild Heist 4,Crime,LATAM,6571625,1406475,8751651,2,8
NFLX-4405,Ultimate Legacy 2,Action,APAC,39901715,11647443,44073220,7,5
NFLX-4406,Global Legacy 1,Animation,UCAN,21786420,3123702,22496996,7,1
NFLX-4407,Golden Kingdom 2,Documentary,UCAN,8752525,1491681,9950891,5,3
NFLX-4408,Rising Rivalry 1,Sci-Fi,EMEA,32244276,5561991,33975242,7,7
NFLX-4409,Ultimate Odyssey 2,Comedy,LATAM,4690748,1318194,6170100,5,3
NFLX-4410,Golden Chronicles 1,Unscripted,EMEA,27365783,5838038,23092652,10,6
NFLX-4411,Secret Rivalry 3,Animation,LATAM,16476336,4021874,16859610,7,6
NFLX-4412,Ultimate Chronicles 4,Documentary,APAC,17755067,4563495,18816845,4,2
NFLX-4413,Infinite Odyssey 3,Drama,APAC,2763764,652810,3933672,5,2
NFLX-4414,Secret Vengeance 2,Romance,UCAN,15516650,2673644,20380942,7,4
NFLX-4415,Wild Chronicles 1,Romance,UCAN,32949188,7373648,40475539,6,8
NFLX-4416,Golden Horizon 1,Sci-Fi,LATAM,1418772,347868,1446340,6,5
NFLX-4417,Wild Odyssey 4,Documentary,APAC,16635986,4098843,16477849,6,10
NFLX-4418,Silent Empire 4,Animation,APAC,2810444,553047,2459204,6,3
NFLX-4419,Lost Empire 1,Romance,EMEA,3773665,455622,3786082,10,4
NFLX-4420,Silent Legacy 1,Sci-Fi,EMEA,27197793,6673675,33877763,5,1
NFLX-4421,Golden Frontier 3,Comedy,UCAN,22481529,5357266,31011195,6,1
NFLX-4422,Royal Protocol 4,Animation,LATAM,34201412,5747281,29205841,3,7
NFLX-4423,Infinite Hearts 1,Unscripted,LATAM,12036766,2367436,12402877,2,2
NFLX-4424,Royal Protocol 3,Drama,APAC,12411943,2635104,17274182,10,1
NFLX-4425,Shadow Hearts 1,Unscripted,LATAM,6474696,951888,9127447,2,8
NFLX-4426,Royal Protocol 2,Fantasy,LATAM,11250204,3285090,10887202,3,6
NFLX-4427,Infinite Kingdom 4,Comedy,EMEA,654965,162116,956020,4,9
NFLX-4428,Lost Horizon 1,Unscripted,LATAM,31403205,9183403,42690871,5,2
NFLX-4429,Dark Odyssey 2,Romance,APAC,13158675,2326436,12042545,8,4
NFLX-4430,Golden Kingdom 3,Comedy,UCAN,21271435,2598003,29310834,5,3
NFLX-4431,Global Kingdom 2,Romance,EMEA,8011718,1694264,8778381,2,10
NFLX-4432,Golden Frontier 3,Comedy,EMEA,3883245,929074,6143400,10,3
NFLX-4433,Wild Protocol 2,Drama,EMEA,24584966,6221334,33220920,9,8
NFLX-4434,Silent Frontier 2,Unscripted,EMEA,12722870,2580958,15151039,6,8
NFLX-4435,Ultimate Empire 1,Unscripted,UCAN,9067095,1226887,11482535,6,2
NFLX-4436,Secret Rivalry 1,Crime,LATAM,3904088,802588,3457162,4,6
NFLX-4437,Wild Legacy 2,Documentary,APAC,39206526,8411711,40113589,5,2
NFLX-4438,Ultimate Empire 2,Comedy,LATAM,15810701,4476685,23477020,9,8
NFLX-4439,Dark Hearts 3,Romance,UCAN,39122563,8812670,40825379,2,4
NFLX-4440,Silent Legacy 3,Fantasy,APAC,35341543,8172189,34072127,2,4
NFLX-4441,Secret Horizon 2,Comedy,APAC,4129567,954379,5007890,10,4
NFLX-4442,Silent Chronicles 3,Sci-Fi,LATAM,5500485,1494157,8472542,5,5
NFLX-4443,Golden Frontier 2,Fantasy,UCAN,13743419,2337688,15879287,8,4
NFLX-4444,Shadow Chronicles 1,Crime,LATAM,30389439,5015391,25799420,5,7
NFLX-4445,Ultimate Odyssey 3,Action,EMEA,2592019,538854,2985220,1,1
NFLX-4446,Lost Empire 3,Action,LATAM,14221359,3119007,21812372,2,2
NFLX-4447,Shadow Legacy 2,Animation,LATAM,35227119,4594764,56150122,3,9
NFLX-4448,Rising Kingdom 4,Animation,LATAM,23358029,5898785,28318250,4,8
NFLX-4449,Secret Protocol 4,Documentary,UCAN,22050487,5848558,33238937,4,4
NFLX-4450,Golden Legacy 4,Drama,APAC,28079424,7876455,31810454,1,7
NFLX-4451,Dark Empire 1,Sci-Fi,UCAN,29407072,8816297,39922143,10,6
NFLX-4452,Lost Vengeance 2,Drama,LATAM,33388341,4692263,32201362,4,5
NFLX-4453,Wild Legacy 2,Romance,APAC,5679065,690096,8961700,4,8
NFLX-4454,Royal Rivalry 2,Drama,APAC,7044632,1581715,10204856,1,1
NFLX-4455,Rising Protocol 2,Drama,APAC,10155652,1933714,14676549,5,8
NFLX-4456,Golden Odyssey 2,Documentary,APAC,38005839,7831966,38614429,3,6
NFLX-4457,Lost Legacy 4,Action,LATAM,39123391,4864365,51973711,4,7
NFLX-4458,Silent Frontier 1,Comedy,UCAN,30718872,8698802,48821176,1,10
NFLX-4459,Lost Kingdom 1,Crime,EMEA,22029957,6523760,17820896,2,10
NFLX-4460,Royal Horizon 3,Documentary,EMEA,29721570,7333140,31543905,9,2
NFLX-4461,Golden Kingdom 3,Documentary,LATAM,2755949,459841,4342786,6,2
NFLX-4462,Lost Vengeance 3,Unscripted,APAC,19331295,5058448,15613805,1,2
NFLX-4463,Golden Horizon 4,Action,LATAM,2878004,357812,4431563,4,5
NFLX-4464,Wild Chronicles 3,Drama,EMEA,36661222,8557246,30858872,1,10
NFLX-4465,Secret Odyssey 3,Unscripted,EMEA,21258732,2572313,25836114,1,1
NFLX-4466,Global Odyssey 1,Drama,EMEA,28171926,5200011,28281684,10,8
NFLX-4467,Infinite Hearts 2,Documentary,APAC,24055670,4645916,22523729,5,9
NFLX-4468,Royal Frontier 2,Documentary,APAC,29021197,5799217,26340829,1,2
NFLX-4469,Dark Hearts 1,Romance,EMEA,5809645,1227494,5062184,3,2
NFLX-4470,Infinite Protocol 2,Action,UCAN,37871103,7054038,50748403,6,10
NFLX-4471,Global Odyssey 2,Sci-Fi,EMEA,1945142,526885,2239546,2,8
NFLX-4472,Rising Chronicles 4,Documentary,APAC,32993633,9723703,49008913,7,4
NFLX-4473,Secret Rivalry 1,Crime,LATAM,17109768,3465446,15352796,8,1
NFLX-4474,Ultimate Protocol 3,Unscripted,UCAN,28235746,8067332,34106426,5,7
NFLX-4475,Royal Horizon 3,Action,LATAM,17364136,2346234,23381626,9,4
NFLX-4476,Ultimate Hearts 1,Sci-Fi,LATAM,30291818,5117321,39566327,5,8
NFLX-4477,Golden Frontier 2,Animation,APAC,22284528,3044446,35283235,5,5
NFLX-4478,Shadow Frontier 3,Drama,UCAN,39049512,7388481,51874920,9,5
NFLX-4479,Infinite Empire 2,Documentary,APAC,38091022,11136381,31029992,4,8
NFLX-4480,Infinite Rivalry 4,Unscripted,EMEA,38897619,6108482,45744261,9,1
NFLX-4481,Lost Empire 3,Comedy,EMEA,7983635,2186721,9982116,8,2
NFLX-4482,Infinite Heist 4,Documentary,APAC,29706923,5877678,42937943,7,1
NFLX-4483,Golden Frontier 1,Animation,UCAN,13232334,1977740,20050986,5,3
NFLX-4484,Lost Frontier 2,Sci-Fi,APAC,29707685,6218386,44316053,1,9
NFLX-4485,Lost Horizon 4,Action,UCAN,2255429,613992,2938103,7,4
NFLX-4486,Golden Frontier 4,Romance,UCAN,20834720,5444476,30930746,8,8
NFLX-4487,Secret Odyssey 1,Action,APAC,31911669,4147652,49645369,6,1
NFLX-4488,Golden Chronicles 3,Action,EMEA,17683053,2235855,22884728,10,10
NFLX-4489,Shadow Protocol 4,Action,LATAM,25343848,5914936,28171059,8,5
NFLX-4490,Rising Vengeance 3,Action,EMEA,23104199,5494391,31597648,7,7
NFLX-4491,Dark Empire 3,Documentary,LATAM,716364,212697,979173,1,10
NFLX-4492,Lost Empire 1,Romance,LATAM,32069409,6562262,49477606,9,3
NFLX-4493,Silent Horizon 3,Fantasy,APAC,4539365,998469,7069632,5,3
NFLX-4494,Golden Rivalry 4,Unscripted,UCAN,16254159,3190048,18331419,10,9
NFLX-4495,Global Rivalry 2,Romance,APAC,21050882,3179657,21290068,10,5
NFLX-4496,Dark Vengeance 3,Drama,UCAN,32842848,6294613,42121798,2,7
NFLX-4497,Lost Empire 4,Romance,APAC,35765909,6082880,35938972,2,7
NFLX-4498,Rising Frontier 1,Animation,UCAN,26645021,6460450,25430960,10,6
NFLX-4499,Global Rivalry 4,Comedy,EMEA,12306592,1696334,13234690,10,2
NFLX-4500,Lost Horizon 4,Fantasy,UCAN,32736297,4764646,42554105,1,8
NFLX-4501,Wild Legacy 1,Fantasy,UCAN,13698741,3739676,13323492,5,10
NFLX-4502,Global Heist 2,Romance,EMEA,16049016,4777802,15122666,10,3
NFLX-4503,Rising Frontier 3,Sci-Fi,UCAN,6559053,1581343,8903016,6,10
NFLX-4504,Royal Chronicles 1,Comedy,EMEA,28721287,3650382,43681901,2,2
NFLX-4505,Shadow Heist 4,Animation,UCAN,18160882,3347068,20843546,6,2
NFLX-4506,Secret Rivalry 2,Drama,LATAM,15967804,4519967,19964640,1,6
NFLX-4507,Royal Horizon 4,Unscripted,EMEA,10847046,3151503,10559319,5,4
NFLX-4508,Shadow Rivalry 2,Romance,EMEA,19759714,4255890,29823176,5,7
NFLX-4509,Dark Kingdom 4,Crime,EMEA,37402689,6673038,48770631,4,1
NFLX-4510,Golden Heist 4,Romance,LATAM,5823151,1301951,9295814,2,7
NFLX-4511,Ultimate Protocol 1,Action,EMEA,13778682,2753429,12763914,10,3
NFLX-4512,Rising Rivalry 3,Fantasy,LATAM,31762853,9266827,29058766,8,8
NFLX-4513,Royal Empire 3,Animation,UCAN,12006935,3531889,17818581,8,3
NFLX-4514,Shadow Kingdom 4,Documentary,APAC,36629692,8460864,40543204,1,5
NFLX-4515,Global Kingdom 4,Comedy,APAC,26061661,7043766,27385511,5,2
NFLX-4516,Golden Protocol 4,Crime,UCAN,34980034,4312510,29388702,1,5
NFLX-4517,Secret Vengeance 1,Romance,UCAN,38535883,8752482,32957777,5,4
NFLX-4518,Golden Empire 4,Drama,LATAM,28842303,6208005,31482250,2,5
NFLX-4519,Royal Horizon 2,Action,EMEA,2510863,395994,2167271,4,2
NFLX-4520,Wild Chronicles 1,Sci-Fi,EMEA,34803187,6655067,36254977,4,2
NFLX-4521,Dark Kingdom 1,Drama,UCAN,31448816,4852566,32083628,8,6
NFLX-4522,Infinite Legacy 4,Crime,UCAN,12907441,3188341,20070760,8,4
NFLX-4523,Silent Empire 2,Animation,APAC,3472188,970184,3009490,1,2
NFLX-4524,Wild Odyssey 2,Unscripted,LATAM,5650549,1674306,8259231,10,3
NFLX-4525,Ultimate Vengeance 3,Drama,UCAN,28412485,6090479,24488050,6,5
NFLX-4526,Golden Frontier 4,Unscripted,UCAN,11980369,2112817,18359195,2,5
NFLX-4527,Dark Protocol 1,Documentary,APAC,6100933,1343915,5193819,1,1
NFLX-4528,Rising Protocol 1,Sci-Fi,EMEA,16768754,4148450,25793348,10,6
NFLX-4529,Royal Rivalry 4,Drama,LATAM,32841038,8554520,36945761,5,8
NFLX-4530,Silent Frontier 4,Unscripted,UCAN,22467054,4727888,22586911,6,7
NFLX-4531,Ultimate Protocol 4,Action,UCAN,18845203,3311681,17626159,5,1
NFLX-4532,Infinite Frontier 3,Fantasy,APAC,7857091,2017816,11190762,6,5
NFLX-4533,Secret Vengeance 2,Romance,APAC,7839709,1364263,11247376,9,2
NFLX-4534,Infinite Legacy 3,Fantasy,UCAN,5576023,1342759,6992432,6,6
NFLX-4535,Silent Legacy 2,Unscripted,APAC,37302632,10905243,41224374,1,5
NFLX-4536,Rising Vengeance 3,Sci-Fi,EMEA,19222910,4466320,26859776,5,3
NFLX-4537,Golden Horizon 4,Drama,UCAN,23756481,3127862,35122513,2,4
NFLX-4538,Silent Rivalry 4,Comedy,APAC,34715308,8023967,34772697,8,1
NFLX-4539,Rising Heist 3,Sci-Fi,APAC,38311811,5400112,51040031,3,1
NFLX-4540,Silent Horizon 1,Romance,UCAN,3458917,463514,3954714,5,4
NFLX-4541,Infinite Protocol 4,Comedy,LATAM,31875268,8054745,35481862,1,6
NFLX-4542,Rising Chronicles 4,Sci-Fi,EMEA,3033943,634022,2498260,1,2
NFLX-4543,Golden Kingdom 3,Sci-Fi,UCAN,865361,245992,1314741,9,5
NFLX-4544,Ultimate Hearts 3,Action,EMEA,31138784,6704346,35792184,7,8
NFLX-4545,Silent Legacy 4,Unscripted,APAC,9306492,2128768,12567924,3,3
NFLX-4546,Shadow Empire 3,Animation,UCAN,17877494,5204539,17238218,10,3
NFLX-4547,Secret Protocol 2,Romance,LATAM,24897006,5384040,32309534,4,7
NFLX-4548,Silent Odyssey 1,Fantasy,UCAN,11947295,1530316,16123821,10,10
NFLX-4549,Rising Odyssey 4,Unscripted,UCAN,6580341,1706660,6192712,6,7
NFLX-4550,Ultimate Legacy 2,Unscripted,UCAN,1476935,320715,2197320,3,6
NFLX-4551,Silent Rivalry 1,Sci-Fi,APAC,11801302,2977945,16216721,7,4
NFLX-4552,Silent Legacy 2,Action,EMEA,24105030,5594648,36350352,6,2
NFLX-4553,Infinite Kingdom 4,Sci-Fi,APAC,28239461,6299018,26018110,6,9
NFLX-4554,Infinite Vengeance 2,Unscripted,UCAN,9408950,1541416,13402472,7,9
NFLX-4555,Silent Empire 2,Drama,LATAM,12431212,2109121,13189286,1,9
NFLX-4556,Global Horizon 3,Drama,APAC,38023895,7732371,54777425,4,9
NFLX-4557,Silent Chronicles 2,Documentary,UCAN,4253199,1000139,6744693,7,7
NFLX-4558,Lost Hearts 3,Fantasy,EMEA,16662973,4264794,24683195,10,4
NFLX-4559,Global Legacy 3,Unscripted,UCAN,15609232,2753038,21248071,7,1
NFLX-4560,Golden Hearts 4,Drama,APAC,19016655,5188534,23812388,4,8
NFLX-4561,Lost Frontier 1,Documentary,EMEA,31871951,9432661,48026638,6,9
NFLX-4562,Dark Legacy 3,Romance,UCAN,8988482,1935743,10704011,1,3
NFLX-4563,Silent Horizon 3,Action,UCAN,13121351,3804260,10543090,1,6
NFLX-4564,Wild Legacy 1,Animation,EMEA,33446572,6916598,35544428,9,9
NFLX-4565,Global Hearts 3,Comedy,APAC,21133081,3144273,17318335,3,9
NFLX-4566,Lost Legacy 4,Comedy,EMEA,21621426,2645739,21166437,3,9
NFLX-4567,Lost Chronicles 3,Action,UCAN,8356188,1238890,7945266,8,2
NFLX-4568,Secret Kingdom 4,Action,UCAN,24756071,7352787,22222729,10,2
NFLX-4569,Shadow Rivalry 3,Sci-Fi,UCAN,24582433,6585861,34389005,2,3
NFLX-4570,Global Vengeance 1,Romance,EMEA,3299422,832430,5219778,6,2
NFLX-4571,Lost Horizon 2,Crime,LATAM,32230541,7493411,36282972,7,9
NFLX-4572,Royal Frontier 3,Romance,LATAM,34787819,8005210,40784344,1,10
NFLX-4573,Ultimate Rivalry 3,Comedy,LATAM,3750555,484654,4127032,7,4
NFLX-4574,Infinite Legacy 4,Sci-Fi,LATAM,20744696,5654549,30360907,4,8
NFLX-4575,Dark Frontier 3,Animation,UCAN,9687440,2095745,12750069,2,10
NFLX-4576,Dark Horizon 4,Animation,EMEA,13230094,2081903,15142416,7,6
NFLX-4577,Wild Vengeance 2,Sci-Fi,EMEA,21647163,4920670,29318635,5,6
NFLX-4578,Infinite Hearts 1,Action,UCAN,36943432,11031380,46804648,5,7
NFLX-4579,Golden Empire 1,Fantasy,APAC,37449564,10408483,47304429,4,4
NFLX-4580,Wild Legacy 2,Crime,UCAN,19370415,5199880,17908406,4,4
NFLX-4581,Golden Hearts 2,Sci-Fi,APAC,772954,137888,1093585,10,3
NFLX-4582,Silent Legacy 3,Drama,UCAN,21326206,5764634,21243611,7,7
NFLX-4583,Infinite Hearts 3,Romance,UCAN,34030581,6464643,44983450,3,8
NFLX-4584,Lost Kingdom 4,Unscripted,LATAM,28237855,5202717,33963714,8,4
NFLX-4585,Shadow Legacy 2,Crime,LATAM,3396542,425646,4250406,10,10
NFLX-4586,Shadow Heist 3,Romance,APAC,3880667,791688,5063198,2,9
NFLX-4587,Golden Horizon 2,Sci-Fi,UCAN,38312049,8909830,46189270,7,4
NFLX-4588,Infinite Kingdom 2,Fantasy,UCAN,28928531,6460216,35742772,1,1
NFLX-4589,Infinite Horizon 1,Comedy,APAC,39959572,10023626,33468530,3,6
NFLX-4590,Ultimate Hearts 3,Unscripted,EMEA,34294713,6722180,52920831,2,8
NFLX-4591,Royal Heist 2,Documentary,UCAN,31124502,6216055,49634963,4,2
NFLX-4592,Global Hearts 1,Fantasy,LATAM,18243839,2203659,22750281,9,6
NFLX-4593,Golden Odyssey 3,Fantasy,APAC,37475666,10865774,47174821,5,9
NFLX-4594,Dark Empire 3,Unscripted,EMEA,36684169,8971816,40415585,3,7
NFLX-4595,Global Heist 1,Crime,UCAN,34346641,6732774,46374640,7,7
NFLX-4596,Rising Legacy 3,Animation,APAC,20880479,2596975,20422285,8,9
NFLX-4597,Global Vengeance 2,Romance,LATAM,22943088,6226106,31313437,8,2
NFLX-4598,Ultimate Horizon 4,Drama,EMEA,5888547,1718529,6282532,8,9
NFLX-4599,Wild Chronicles 2,Romance,LATAM,5722856,858862,5877168,2,8
NFLX-4600,Wild Protocol 4,Comedy,EMEA,32744048,5553318,41760460,5,4
NFLX-4601,Dark Chronicles 4,Fantasy,LATAM,30671005,8136895,30082901,6,10
NFLX-4602,Silent Horizon 4,Comedy,UCAN,35925223,4401778,37618244,8,9
NFLX-4603,Rising Vengeance 4,Documentary,UCAN,8212817,1649328,8751926,7,7
NFLX-4604,Ultimate Chronicles 4,Fantasy,EMEA,29184646,4159941,31354691,6,5
NFLX-4605,Ultimate Odyssey 3,Fantasy,APAC,27471092,6313511,31963542,10,10
NFLX-4606,Global Kingdom 2,Comedy,APAC,32187398,4115508,41609080,1,2
NFLX-4607,Lost Odyssey 1,Crime,LATAM,29913346,8585338,41095426,9,7
NFLX-4608,Wild Hearts 2,Crime,LATAM,14115628,3387095,20714019,10,9
NFLX-4609,Infinite Heist 2,Action,EMEA,28900846,7315825,38130236,3,10
NFLX-4610,Infinite Horizon 1,Drama,LATAM,24686191,5171825,27677053,9,1
NFLX-4611,Shadow Odyssey 2,Romance,UCAN,20995482,4709959,30778250,7,3
NFLX-4612,Silent Empire 3,Drama,APAC,2610883,349562,2197918,7,7
NFLX-4613,Rising Horizon 1,Animation,APAC,5564641,1452225,5719307,10,2
NFLX-4614,Global Legacy 1,Unscripted,APAC,24365117,5524011,35758850,6,5
NFLX-4615,Lost Odyssey 2,Drama,UCAN,6948226,1482799,8196518,5,7
NFLX-4616,Ultimate Rivalry 4,Documentary,LATAM,785101,138697,1200472,3,6
NFLX-4617,Wild Rivalry 4,Crime,UCAN,33992348,5292374,48234577,2,7
NFLX-4618,Infinite Protocol 4,Animation,UCAN,3576874,467287,5006146,9,7
NFLX-4619,Secret Chronicles 4,Sci-Fi,LATAM,17466965,2557656,13986558,1,1
NFLX-4620,Infinite Odyssey 2,Comedy,APAC,28721094,4776384,43843457,5,10
NFLX-4621,Wild Odyssey 4,Action,LATAM,29427664,8375621,39402563,1,6
NFLX-4622,Dark Odyssey 4,Romance,EMEA,5837296,1132581,5051333,3,9
NFLX-4623,Lost Vengeance 3,Crime,APAC,23542619,5534322,25598365,9,8
NFLX-4624,Lost Frontier 2,Drama,EMEA,5181018,1443891,6934712,3,9
NFLX-4625,Golden Heist 2,Drama,UCAN,27301015,4621525,42013675,4,1
NFLX-4626,Wild Empire 2,Animation,APAC,31234824,5406255,42601989,5,4
NFLX-4627,Dark Vengeance 2,Animation,EMEA,23655977,5075484,31776700,8,5
NFLX-4628,Golden Legacy 3,Romance,APAC,9189169,2155433,9276121,7,5
NFLX-4629,Royal Kingdom 2,Fantasy,LATAM,20352084,5354953,17955007,7,8
NFLX-4630,Wild Rivalry 1,Drama,UCAN,38906789,6710780,44891977,3,10
NFLX-4631,Shadow Heist 2,Sci-Fi,APAC,17926386,2566373,16221722,3,7
NFLX-4632,Lost Hearts 3,Animation,APAC,3876426,1069868,6101529,3,5
NFLX-4633,Shadow Frontier 1,Drama,EMEA,24909343,5558164,29284867,2,6
NFLX-4634,Shadow Vengeance 3,Crime,EMEA,24038005,4400158,36388498,2,3
NFLX-4635,Dark Odyssey 2,Documentary,EMEA,4249630,867484,5836345,1,9
NFLX-4636,Global Horizon 2,Sci-Fi,LATAM,22563968,3895504,29068730,6,8
NFLX-4637,Shadow Vengeance 3,Action,UCAN,32214575,7872423,31164926,2,3
NFLX-4638,Shadow Heist 1,Sci-Fi,UCAN,12746572,2991999,14209366,2,9
NFLX-4639,Secret Protocol 3,Documentary,APAC,37653202,5991893,45341088,8,8
NFLX-4640,Global Kingdom 1,Action,UCAN,30292878,5658250,24843510,1,7
NFLX-4641,Ultimate Horizon 2,Comedy,APAC,27656553,4590067,26092417,4,3
NFLX-4642,Infinite Protocol 4,Comedy,UCAN,33788167,4374344,43420991,8,1
NFLX-4643,Silent Hearts 2,Romance,APAC,33694189,5032388,44841841,4,10
NFLX-4644,Royal Frontier 4,Crime,APAC,38464314,10229080,55559042,5,6
NFLX-4645,Rising Odyssey 1,Animation,LATAM,34520286,6953329,52870730,10,3
NFLX-4646,Shadow Heist 4,Comedy,UCAN,7251741,2068407,8234552,2,6
NFLX-4647,Royal Vengeance 3,Comedy,APAC,19562956,5167989,22635641,8,2
NFLX-4648,Lost Rivalry 3,Crime,LATAM,14242466,3369309,12199264,10,4
NFLX-4649,Secret Rivalry 2,Documentary,APAC,22610215,6294109,34308624,10,7
NFLX-4650,Golden Chronicles 4,Unscripted,EMEA,3894874,1030089,3559908,1,1
NFLX-4651,Ultimate Kingdom 4,Documentary,EMEA,35517665,9091132,47460840,8,1
NFLX-4652,Global Protocol 1,Comedy,EMEA,15754167,3738972,19065515,7,4
NFLX-4653,Secret Frontier 1,Action,LATAM,33782083,6383251,49583583,10,4
NFLX-4654,Ultimate Vengeance 4,Animation,LATAM,33916148,9213591,34919644,7,3
NFLX-4655,Ultimate Horizon 4,Action,LATAM,6462490,1801217,5566586,3,5
NFLX-4656,Dark Hearts 4,Comedy,UCAN,30328077,6928950,32151924,2,5
NFLX-4657,Wild Odyssey 3,Animation,EMEA,8220327,1821684,10480687,5,6
NFLX-4658,Wild Frontier 4,Comedy,EMEA,14090081,1706895,17503981,10,3
NFLX-4659,Silent Kingdom 1,Action,APAC,15835609,3080424,21102707,6,1
NFLX-4660,Wild Kingdom 1,Action,UCAN,36848659,5009987,34079256,2,1
NFLX-4661,Dark Chronicles 4,Romance,LATAM,1771129,397139,2092570,5,5
NFLX-4662,Golden Protocol 4,Unscripted,UCAN,27892635,7003161,40299726,7,1
NFLX-4663,Secret Vengeance 3,Drama,EMEA,16243106,1953470,16530423,2,1
NFLX-4664,Ultimate Horizon 3,Action,APAC,25900040,5259231,35107723,7,7
NFLX-4665,Lost Vengeance 4,Crime,LATAM,39956622,8244847,52515280,5,2
NFLX-4666,Global Protocol 1,Unscripted,EMEA,1910084,504867,2738713,3,4
NFLX-4667,Dark Legacy 3,Unscripted,LATAM,8370466,1735544,8776391,1,7
NFLX-4668,Secret Horizon 3,Crime,APAC,15245692,3998847,22397269,6,4
NFLX-4669,Rising Heist 1,Romance,UCAN,28542173,4464872,26234432,10,7
NFLX-4670,Secret Protocol 1,Romance,UCAN,3887739,551733,4453267,10,1
NFLX-4671,Dark Horizon 4,Drama,EMEA,39166784,5534831,33169688,8,10
NFLX-4672,Wild Rivalry 4,Romance,APAC,14105099,3153139,12456597,5,7
NFLX-4673,Silent Legacy 4,Drama,APAC,18696238,5028007,24168815,3,3
NFLX-4674,Royal Hearts 2,Drama,APAC,36809629,9135668,44674410,8,10
NFLX-4675,Shadow Hearts 2,Documentary,LATAM,31052606,5980366,33492486,9,7
NFLX-4676,Shadow Rivalry 4,Comedy,APAC,17521198,2693556,26920924,4,1
NFLX-4677,Global Frontier 4,Sci-Fi,EMEA,17770028,3197378,21155245,6,1
NFLX-4678,Secret Empire 2,Unscripted,APAC,10659442,1447688,14725577,6,7
NFLX-4679,Silent Vengeance 1,Documentary,UCAN,36450322,7882301,33807838,5,7
NFLX-4680,Rising Frontier 1,Crime,APAC,5850523,1045426,6646851,10,5
NFLX-4681,Wild Rivalry 2,Crime,UCAN,25578595,4949365,39008760,4,8
NFLX-4682,Shadow Chronicles 2,Sci-Fi,UCAN,24966430,6263643,22094453,4,7
NFLX-4683,Royal Legacy 1,Documentary,APAC,3731893,940656,3892704,5,10
NFLX-4684,Rising Legacy 3,Fantasy,UCAN,22552606,5793883,19814560,10,5
NFLX-4685,Ultimate Kingdom 1,Sci-Fi,LATAM,29626252,6407651,42415465,1,1
NFLX-4686,Royal Hearts 4,Drama,APAC,35573523,10424622,30525349,5,5
NFLX-4687,Secret Horizon 4,Unscripted,UCAN,7400568,1509621,8743962,3,10
NFLX-4688,Rising Heist 1,Unscripted,APAC,3865709,484620,4815498,9,6
NFLX-4689,Shadow Heist 3,Drama,EMEA,32686729,7947768,38819477,6,8
NFLX-4690,Ultimate Odyssey 1,Drama,LATAM,4440621,825023,4253389,9,7
NFLX-4691,Secret Kingdom 3,Animation,APAC,12450297,3031980,17661251,10,5
NFLX-4692,Wild Kingdom 4,Documentary,UCAN,18651654,5067756,23721859,9,4
NFLX-4693,Ultimate Protocol 1,Animation,UCAN,6053269,1664396,4891149,7,4
NFLX-4694,Dark Odyssey 2,Comedy,APAC,33136851,6800527,44996089,9,6
NFLX-4695,Royal Odyssey 2,Unscripted,LATAM,16256361,4126460,21029246,6,5
NFLX-4696,Dark Vengeance 3,Documentary,LATAM,6633975,1552655,6586431,2,2
NFLX-4697,Lost Rivalry 3,Romance,APAC,19053196,4591745,27111582,6,2
NFLX-4698,Dark Frontier 3,Action,LATAM,11042409,1732121,16834478,6,1
NFLX-4699,Shadow Empire 4,Crime,UCAN,31561036,4735112,33318769,6,3
NFLX-4700,Wild Vengeance 2,Comedy,EMEA,16252294,2373714,16266795,4,10
NFLX-4701,Lost Vengeance 4,Animation,APAC,22370511,3352008,34775232,1,8
NFLX-4702,Dark Empire 3,Drama,UCAN,28706990,7871554,39258705,6,6
NFLX-4703,Golden Hearts 1,Documentary,LATAM,20136455,5525955,16780386,9,3
NFLX-4704,Shadow Horizon 2,Action,EMEA,35501785,5408553,40917524,4,8
NFLX-4705,Global Horizon 2,Action,APAC,15101931,3235494,16678927,6,6
NFLX-4706,Shadow Heist 2,Unscripted,LATAM,14113752,3381524,21871573,7,8
NFLX-4707,Lost Legacy 1,Sci-Fi,EMEA,13785297,3232154,20403499,8,1
NFLX-4708,Dark Odyssey 1,Documentary,APAC,32497462,8328499,50042796,9,9
NFLX-4709,Golden Rivalry 4,Crime,APAC,6522993,1298888,6451864,10,10
NFLX-4710,Shadow Kingdom 1,Fantasy,UCAN,22831900,3497299,22798528,10,9
NFLX-4711,Golden Chronicles 2,Comedy,LATAM,26695691,4789663,38464262,6,4
NFLX-4712,Wild Kingdom 4,Documentary,EMEA,22791902,5304300,20307996,7,3
NFLX-4713,Ultimate Heist 1,Fantasy,LATAM,19332596,5212103,27399863,5,3
NFLX-4714,Royal Frontier 4,Sci-Fi,LATAM,35249425,4706888,29803561,7,1
NFLX-4715,Golden Horizon 2,Animation,EMEA,23308235,6787594,20030882,9,4
NFLX-4716,Shadow Vengeance 2,Animation,LATAM,5238102,1547253,5787615,9,7
NFLX-4717,Global Odyssey 2,Romance,EMEA,33743377,4691875,48455288,1,4
NFLX-4718,Infinite Rivalry 2,Drama,EMEA,25773462,6114533,32959037,7,3
NFLX-4719,Lost Rivalry 1,Animation,APAC,20638196,3272523,17721080,3,9
NFLX-4720,Shadow Hearts 1,Fantasy,APAC,2583878,352743,3152920,1,8
NFLX-4721,Secret Odyssey 2,Crime,APAC,2222490,656024,2212687,9,1
NFLX-4722,Shadow Rivalry 3,Fantasy,EMEA,18020178,3044673,25690327,8,3
NFLX-4723,Secret Empire 2,Unscripted,APAC,33771402,5343800,50081050,9,4
NFLX-4724,Secret Vengeance 1,Fantasy,UCAN,20929929,5871751,20644194,4,1
NFLX-4725,Royal Kingdom 4,Action,APAC,34900922,5830406,47911149,2,9
NFLX-4726,Secret Hearts 1,Sci-Fi,APAC,19241728,4381525,22515174,4,2
NFLX-4727,Secret Heist 4,Action,APAC,21248011,3380486,23587817,3,4
NFLX-4728,Secret Heist 1,Romance,UCAN,30549343,3759189,43662372,3,4
NFLX-4729,Ultimate Kingdom 3,Fantasy,UCAN,5825437,1339768,7144606,3,1
NFLX-4730,Infinite Empire 1,Documentary,UCAN,26072160,7190406,28034240,3,7
NFLX-4731,Secret Hearts 1,Drama,EMEA,15616051,1993451,13702945,2,8
NFLX-4732,Royal Rivalry 2,Action,UCAN,15633216,3669146,17471149,3,4
NFLX-4733,Shadow Rivalry 1,Sci-Fi,LATAM,30617294,4647486,47885199,10,9
NFLX-4734,Secret Frontier 3,Drama,UCAN,19105846,3625388,21217685,4,7
NFLX-4735,Global Kingdom 4,Comedy,APAC,11017265,2795503,9133988,6,1
NFLX-4736,Golden Vengeance 1,Unscripted,LATAM,24043855,7042598,23633961,6,1
NFLX-4737,Secret Horizon 2,Unscripted,LATAM,22341156,2824371,35283545,10,5
NFLX-4738,Infinite Chronicles 4,Crime,UCAN,24873005,6611853,33141635,6,2
NFLX-4739,Dark Empire 2,Drama,APAC,30237957,8336329,29101360,10,3
NFLX-4740,Rising Legacy 4,Documentary,UCAN,14024874,3277864,15011863,7,7
NFLX-4741,Lost Empire 2,Animation,UCAN,15418059,2475397,22144736,9,6
NFLX-4742,Silent Odyssey 2,Crime,UCAN,39962959,8423659,42203588,1,1
NFLX-4743,Shadow Odyssey 1,Unscripted,LATAM,25813051,3301073,30730800,5,7
NFLX-4744,Shadow Empire 1,Documentary,APAC,24841926,6694052,19981636,1,4
NFLX-4745,Royal Odyssey 3,Action,EMEA,26572471,4564177,39547234,3,1
NFLX-4746,Secret Hearts 1,Animation,UCAN,9925079,1194923,9636131,7,6
NFLX-4747,Secret Frontier 1,Unscripted,UCAN,8022311,2068269,11883569,1,8
NFLX-4748,Lost Chronicles 2,Unscripted,APAC,32253256,8528871,42161395,5,7
NFLX-4749,Secret Horizon 2,Comedy,EMEA,13672067,3299019,18958984,6,7
NFLX-4750,Shadow Vengeance 4,Comedy,UCAN,10041728,1669702,15169137,9,8
NFLX-4751,Secret Legacy 2,Unscripted,EMEA,15766088,2960667,16198776,5,2
NFLX-4752,Rising Odyssey 2,Romance,UCAN,39560267,11424181,61258492,6,4
NFLX-4753,Secret Odyssey 3,Animation,EMEA,24332394,5372298,19764241,1,1
NFLX-4754,Ultimate Rivalry 1,Unscripted,EMEA,20968883,6192085,24667306,7,5
NFLX-4755,Ultimate Kingdom 2,Animation,EMEA,14131722,1931954,15972591,10,1
NFLX-4756,Royal Hearts 2,Documentary,EMEA,4304167,606702,5664205,7,5
NFLX-4757,Silent Legacy 2,Crime,APAC,904707,126860,1041998,1,7
NFLX-4758,Global Heist 2,Action,LATAM,23023487,6557932,24368061,2,4
NFLX-4759,Rising Vengeance 1,Romance,APAC,13014137,2840701,20759684,10,6
NFLX-4760,Rising Chronicles 4,Action,EMEA,2619314,430925,2297064,8,10
NFLX-4761,Global Protocol 3,Fantasy,LATAM,37658817,5792945,33549834,4,4
NFLX-4762,Royal Vengeance 4,Animation,UCAN,2264977,663009,3190610,9,3
NFLX-4763,Royal Horizon 3,Unscripted,UCAN,9668275,2520126,14016573,7,5
NFLX-4764,Infinite Odyssey 4,Romance,APAC,17929077,4786834,20991884,7,3
NFLX-4765,Lost Legacy 3,Action,UCAN,5718275,1714182,7542501,5,4
NFLX-4766,Royal Frontier 2,Action,APAC,1547815,347037,2328693,3,9
NFLX-4767,Infinite Chronicles 1,Comedy,EMEA,22977899,3200185,32439462,4,9
NFLX-4768,Wild Heist 3,Action,LATAM,1252066,361834,1248174,9,7
NFLX-4769,Lost Frontier 1,Fantasy,UCAN,38268743,8236864,54851526,6,3
NFLX-4770,Shadow Empire 1,Action,LATAM,1514208,314981,2387310,1,9
NFLX-4771,Dark Legacy 2,Fantasy,EMEA,1745578,344817,1542537,8,8
NFLX-4772,Infinite Frontier 2,Sci-Fi,UCAN,1666208,453254,1770688,2,10
NFLX-4773,Silent Legacy 3,Romance,EMEA,21071240,5208802,22729120,1,7
NFLX-4774,Royal Chronicles 3,Crime,APAC,29624438,6500040,34857875,5,4
NFLX-4775,Secret Vengeance 3,Action,APAC,33741637,5958890,38454955,8,10
NFLX-4776,Ultimate Frontier 4,Comedy,APAC,15705569,3229947,14625841,3,5
NFLX-4777,Dark Kingdom 1,Crime,UCAN,38817491,4939611,51760060,7,7
NFLX-4778,Lost Rivalry 1,Documentary,UCAN,16174851,2002289,16927837,8,7
NFLX-4779,Shadow Rivalry 2,Comedy,APAC,26313441,5749901,38115748,7,1
NFLX-4780,Lost Vengeance 1,Animation,UCAN,32094266,4776449,46021632,5,3
NFLX-4781,Dark Horizon 2,Romance,EMEA,14929804,3226932,17467828,2,4
NFLX-4782,Secret Hearts 3,Crime,EMEA,5537922,1521310,5265200,8,2
NFLX-4783,Infinite Vengeance 2,Unscripted,UCAN,4887546,1465214,4334873,8,7
NFLX-4784,Ultimate Legacy 4,Crime,EMEA,31454854,8790017,38719105,4,6
NFLX-4785,Rising Chronicles 3,Action,EMEA,28521916,5743503,42687529,4,2
NFLX-4786,Wild Chronicles 4,Fantasy,EMEA,12319443,1991449,13842372,1,1
NFLX-4787,Shadow Rivalry 3,Crime,LATAM,3543213,774055,3187688,6,8
NFLX-4788,Shadow Vengeance 1,Unscripted,EMEA,29596336,6372467,23908478,1,5
NFLX-4789,Secret Hearts 1,Comedy,EMEA,19581249,5192109,30515479,3,9
NFLX-4790,Shadow Heist 4,Sci-Fi,APAC,14272446,2682591,14412919,9,8
NFLX-4791,Dark Horizon 2,Sci-Fi,EMEA,38347680,5248415,36664884,2,4
NFLX-4792,Silent Heist 2,Animation,LATAM,35403185,4292440,49406589,6,1
NFLX-4793,Wild Empire 1,Fantasy,LATAM,19101514,4542641,23956142,7,5
NFLX-4794,Silent Horizon 3,Animation,LATAM,32529534,7946273,31165595,7,9
NFLX-4795,Secret Empire 2,Romance,LATAM,11329029,3010911,14824248,9,2
NFLX-4796,Shadow Chronicles 3,Action,LATAM,39398945,9609698,37362906,9,4
NFLX-4797,Global Heist 1,Crime,APAC,33160697,4285806,28212050,4,4
NFLX-4798,Shadow Odyssey 1,Romance,APAC,27589462,5847917,22365989,5,10
NFLX-4799,Global Kingdom 2,Unscripted,EMEA,36118298,4358905,43596579,1,4
NFLX-4800,Royal Chronicles 4,Romance,UCAN,12152381,2922112,14885069,8,10
NFLX-4801,Wild Empire 3,Animation,LATAM,4383138,1230333,6231398,3,8
NFLX-4802,Wild Hearts 1,Documentary,APAC,38897870,8823659,41959038,4,7
NFLX-4803,Royal Hearts 2,Crime,LATAM,3368067,787525,3876432,9,7
NFLX-4804,Secret Rivalry 1,Action,APAC,11189837,1447488,11021532,7,8
NFLX-4805,Shadow Legacy 1,Animation,EMEA,26384961,7891612,31476479,5,2
NFLX-4806,Ultimate Hearts 1,Documentary,EMEA,29861688,8875335,26402350,3,1
NFLX-4807,Shadow Empire 4,Comedy,EMEA,37309142,7860378,43172199,7,3
NFLX-4808,Dark Kingdom 4,Sci-Fi,APAC,15355570,2201806,22148681,8,8
NFLX-4809,Infinite Legacy 4,Crime,EMEA,4947129,956651,6751437,10,10
NFLX-4810,Global Horizon 3,Romance,EMEA,5496456,1246922,7466552,5,4
NFLX-4811,Infinite Horizon 2,Crime,APAC,25432928,3443925,28820304,9,5
NFLX-4812,Lost Empire 3,Romance,APAC,32823647,9192435,45020270,6,10
NFLX-4813,Ultimate Vengeance 3,Action,LATAM,28282969,8347227,24294177,9,4
NFLX-4814,Silent Odyssey 3,Fantasy,LATAM,13258004,3706989,18652243,7,1
NFLX-4815,Rising Heist 3,Documentary,EMEA,791696,213654,748890,7,8
NFLX-4816,Wild Legacy 2,Sci-Fi,APAC,35197704,6332629,33031164,10,9
NFLX-4817,Shadow Chronicles 4,Sci-Fi,UCAN,16213365,3145170,18653910,3,10
NFLX-4818,Rising Legacy 2,Fantasy,UCAN,20902451,3469452,20298301,3,7
NFLX-4819,Royal Hearts 1,Fantasy,APAC,21895926,3100949,23104958,9,7
NFLX-4820,Secret Frontier 4,Drama,APAC,34218065,8976305,33040367,2,4
NFLX-4821,Ultimate Frontier 3,Drama,LATAM,32104820,7250858,46085604,3,6
NFLX-4822,Global Chronicles 4,Action,APAC,24957242,5127717,27251067,9,7
NFLX-4823,Dark Rivalry 2,Fantasy,UCAN,1221785,293149,1647441,1,6
NFLX-4824,Infinite Legacy 3,Action,APAC,14604989,3397111,17799052,5,2
NFLX-4825,Global Frontier 4,Drama,UCAN,29463520,7927119,45447078,7,2
NFLX-4826,Wild Protocol 2,Sci-Fi,APAC,25898448,6858196,29127984,3,5
NFLX-4827,Rising Vengeance 3,Unscripted,APAC,6633945,1146367,8015213,4,7
NFLX-4828,Royal Kingdom 3,Romance,EMEA,24789311,6478829,25044288,7,9
NFLX-4829,Dark Odyssey 2,Unscripted,UCAN,25512940,7061807,24377229,9,3
NFLX-4830,Wild Odyssey 4,Animation,APAC,25811225,5637488,35638792,2,9
NFLX-4831,Silent Protocol 1,Documentary,UCAN,19902924,3079646,26103477,4,5
NFLX-4832,Shadow Kingdom 3,Action,UCAN,9768645,1858597,14082447,10,4
NFLX-4833,Silent Frontier 1,Comedy,LATAM,14477966,3302697,21765292,5,5
NFLX-4834,Dark Chronicles 2,Sci-Fi,LATAM,18933325,4701829,30196889,6,8
NFLX-4835,Royal Frontier 1,Drama,APAC,12951300,2457186,13911130,9,8
NFLX-4836,Ultimate Empire 1,Unscripted,LATAM,28625156,7884321,30879857,4,8
NFLX-4837,Golden Chronicles 3,Sci-Fi,UCAN,19613831,3762097,17245164,8,8
NFLX-4838,Infinite Kingdom 3,Animation,LATAM,9131535,1313735,12561436,10,7
NFLX-4839,Silent Empire 4,Sci-Fi,APAC,32152077,8369298,33788174,10,2
NFLX-4840,Ultimate Legacy 3,Action,EMEA,2104722,456423,3237199,10,5
NFLX-4841,Rising Empire 2,Unscripted,APAC,27590659,8058485,34685296,4,7
NFLX-4842,Infinite Kingdom 3,Fantasy,APAC,34471056,7754687,44242497,10,1
NFLX-4843,Shadow Kingdom 4,Crime,UCAN,20432543,4999562,18343551,6,10
NFLX-4844,Global Vengeance 3,Animation,UCAN,19387909,3235341,27762766,5,3
NFLX-4845,Silent Legacy 4,Comedy,EMEA,20643192,5176107,21017979,8,9
NFLX-4846,Infinite Chronicles 1,Animation,EMEA,17448001,4132756,20380198,9,8
NFLX-4847,Rising Legacy 4,Action,UCAN,16987849,4887134,21893274,7,1
NFLX-4848,Dark Kingdom 2,Fantasy,UCAN,15826840,3389713,16639024,10,10
NFLX-4849,Golden Chronicles 1,Fantasy,EMEA,36399259,7375551,43527912,8,6
NFLX-4850,Global Chronicles 2,Animation,LATAM,12132829,2315722,19268177,8,10
NFLX-4851,Silent Vengeance 3,Unscripted,LATAM,6673377,1376426,9412526,8,2
NFLX-4852,Shadow Horizon 2,Unscripted,APAC,30003821,8195617,41641015,7,2
NFLX-4853,Infinite Empire 2,Fantasy,APAC,14433796,2042214,20682134,1,4
NFLX-4854,Ultimate Vengeance 4,Comedy,EMEA,35108922,4385127,39922469,5,7
NFLX-4855,Infinite Protocol 3,Animation,APAC,30867321,5442042,25442454,7,5
NFLX-4856,Rising Empire 3,Animation,EMEA,19777973,2761177,17455016,8,7
NFLX-4857,Ultimate Legacy 1,Sci-Fi,LATAM,36137305,10169471,46710875,9,3
NFLX-4858,Shadow Legacy 1,Animation,LATAM,1760259,483241,1908614,6,1
NFLX-4859,Rising Rivalry 3,Unscripted,APAC,28602919,3629784,36581265,2,10
NFLX-4860,Ultimate Empire 2,Sci-Fi,EMEA,9427684,1156065,13622225,5,2
NFLX-4861,Lost Rivalry 4,Action,EMEA,10257051,2185865,11998038,2,3
NFLX-4862,Silent Kingdom 2,Crime,LATAM,16540561,3282641,24201685,10,5
NFLX-4863,Ultimate Legacy 1,Fantasy,EMEA,17713266,3553184,25457849,7,2
NFLX-4864,Infinite Vengeance 2,Animation,EMEA,4060085,692819,5623567,1,4
NFLX-4865,Secret Hearts 3,Sci-Fi,APAC,16990246,3991336,22676758,6,3
NFLX-4866,Dark Odyssey 4,Action,EMEA,19387303,2548239,22171138,1,4
NFLX-4867,Shadow Odyssey 4,Romance,LATAM,29732166,7179601,29977377,2,10
NFLX-4868,Shadow Frontier 2,Fantasy,UCAN,20637786,5549992,27731367,4,6
NFLX-4869,Wild Odyssey 2,Action,APAC,8913565,1924713,13045181,7,1
NFLX-4870,Silent Vengeance 1,Crime,EMEA,31009045,8447682,44531199,4,5
NFLX-4871,Global Kingdom 3,Animation,UCAN,34255134,6067013,51230421,6,9
NFLX-4872,Ultimate Rivalry 3,Drama,EMEA,21657274,4227071,30646644,6,2
NFLX-4873,Ultimate Legacy 4,Animation,UCAN,29407619,6833227,26082195,6,10
NFLX-4874,Silent Empire 4,Comedy,EMEA,16498832,2668954,23635218,6,9
NFLX-4875,Rising Horizon 3,Crime,EMEA,18717727,4801488,28331714,9,1
NFLX-4876,Golden Protocol 3,Drama,UCAN,39722247,10341005,63232201,4,2
NFLX-4877,Royal Protocol 1,Romance,APAC,16803186,4593234,13645430,4,10
NFLX-4878,Global Legacy 2,Documentary,LATAM,12994728,1931413,18151132,7,3
NFLX-4879,Global Protocol 3,Action,EMEA,26174107,7325094,38087656,5,10
NFLX-4880,Silent Protocol 4,Action,APAC,37165956,10041283,50291265,4,10
NFLX-4881,Dark Frontier 3,Crime,UCAN,2478661,454087,3129760,9,9
NFLX-4882,Shadow Protocol 4,Fantasy,APAC,36118352,9439106,55510455,9,1
NFLX-4883,Wild Frontier 3,Romance,LATAM,34708070,6949444,34492852,4,1
NFLX-4884,Wild Chronicles 4,Action,EMEA,27626224,6473011,38806495,1,8
NFLX-4885,Rising Protocol 4,Comedy,EMEA,25812723,3113994,33873111,4,3
NFLX-4886,Silent Chronicles 4,Action,APAC,22525731,5053823,18983868,1,3
NFLX-4887,Global Kingdom 3,Comedy,UCAN,17417014,4893464,19512475,1,8
NFLX-4888,Rising Empire 1,Unscripted,EMEA,36266807,10851392,36307301,4,10
NFLX-4889,Ultimate Legacy 2,Documentary,EMEA,18546643,3820232,15030655,2,10
NFLX-4890,Silent Chronicles 1,Sci-Fi,UCAN,12638270,1962148,10696268,7,8
NFLX-4891,Ultimate Frontier 1,Unscripted,EMEA,8910437,1201659,13495440,7,7
NFLX-4892,Wild Horizon 3,Romance,UCAN,2458965,548755,2928556,6,3
NFLX-4893,Silent Protocol 4,Action,LATAM,2173655,302467,2684390,4,1
NFLX-4894,Wild Legacy 1,Unscripted,UCAN,35724868,4869451,34901949,3,10
NFLX-4895,Global Legacy 4,Documentary,UCAN,26215096,6502433,39349483,5,4
NFLX-4896,Global Hearts 4,Drama,EMEA,10456763,2503553,13018414,2,7
NFLX-4897,Silent Heist 2,Comedy,EMEA,26134567,4322240,38402678,5,8
NFLX-4898,Secret Legacy 4,Drama,APAC,4614239,1350543,5278905,4,8
NFLX-4899,Silent Hearts 2,Sci-Fi,EMEA,8703976,1106135,10746861,8,3
NFLX-4900,Royal Legacy 3,Romance,UCAN,7528478,1521490,9969525,6,7
NFLX-4901,Rising Kingdom 4,Action,EMEA,31003852,6230997,43562786,1,4
NFLX-4902,Golden Empire 4,Romance,EMEA,19257275,5540315,27240748,2,1
NFLX-4903,Royal Frontier 2,Romance,EMEA,36734358,7067644,50435728,3,4
NFLX-4904,Global Hearts 1,Documentary,EMEA,14861763,4129427,14191158,1,5
NFLX-4905,Royal Hearts 2,Drama,APAC,2666110,393796,2137462,8,6
NFLX-4906,Lost Odyssey 4,Action,LATAM,29636401,7770142,42793622,2,7
NFLX-4907,Dark Hearts 2,Action,UCAN,7485832,2001318,8809957,4,1
NFLX-4908,Dark Protocol 2,Sci-Fi,APAC,12262734,3583149,19442282,4,1
NFLX-4909,Shadow Legacy 3,Fantasy,UCAN,36421111,7750198,55040363,7,2
NFLX-4910,Secret Heist 3,Fantasy,UCAN,20806138,5791462,21714087,1,7
NFLX-4911,Lost Rivalry 4,Romance,LATAM,6724740,1345889,5917360,7,9
NFLX-4912,Secret Legacy 1,Romance,APAC,29283640,8325768,46248851,3,2
NFLX-4913,Lost Heist 4,Romance,LATAM,30806333,3766046,27468058,1,7
NFLX-4914,Shadow Horizon 4,Documentary,APAC,21111586,4329536,18592549,4,6
NFLX-4915,Royal Odyssey 4,Fantasy,EMEA,13346681,2302671,17465964,3,6
NFLX-4916,Ultimate Protocol 4,Romance,APAC,36629296,8151320,46385627,8,8
NFLX-4917,Dark Rivalry 3,Sci-Fi,APAC,26386996,6610626,21827462,4,8
NFLX-4918,Golden Legacy 1,Documentary,UCAN,24185265,7108645,33133484,8,2
NFLX-4919,Lost Rivalry 1,Animation,APAC,15431730,2012788,14084028,5,8
NFLX-4920,Silent Heist 3,Animation,APAC,5553423,1027670,7561621,10,6
NFLX-4921,Wild Rivalry 2,Crime,EMEA,6648922,1903802,7412464,10,1
NFLX-4922,Infinite Heist 1,Action,APAC,27182837,7314931,22911207,4,1
NFLX-4923,Royal Hearts 1,Action,UCAN,35529170,10217847,34547583,5,10
NFLX-4924,Dark Horizon 2,Action,APAC,35896484,10744703,30475734,9,8
NFLX-4925,Silent Frontier 2,Documentary,APAC,10228988,2518691,10595540,2,7
NFLX-4926,Silent Horizon 2,Sci-Fi,APAC,19977033,4616735,19839800,5,8
NFLX-4927,Rising Heist 2,Comedy,APAC,35951435,6267424,35556167,8,1
NFLX-4928,Royal Vengeance 2,Animation,EMEA,7495962,1127260,8519159,10,1
NFLX-4929,Shadow Odyssey 3,Documentary,LATAM,25842124,5318820,23565034,4,4
NFLX-4930,Secret Heist 3,Fantasy,UCAN,9266734,2698277,12383351,9,8
NFLX-4931,Infinite Horizon 2,Documentary,UCAN,17686940,4105453,25433253,5,5
NFLX-4932,Silent Horizon 3,Comedy,LATAM,20857546,4796280,23376059,9,6
NFLX-4933,Secret Horizon 2,Sci-Fi,APAC,25377703,3521820,21766968,6,3
NFLX-4934,Wild Hearts 3,Action,EMEA,30986082,7210843,25511837,6,1
NFLX-4935,Wild Legacy 3,Romance,EMEA,22815395,6659802,31197333,8,7
NFLX-4936,Infinite Odyssey 4,Fantasy,EMEA,8219619,1972447,8060782,2,3
NFLX-4937,Silent Horizon 1,Romance,LATAM,13687404,2347487,14784011,3,3
NFLX-4938,Rising Protocol 2,Documentary,UCAN,26464529,6335732,39647070,6,4
NFLX-4939,Rising Chronicles 4,Unscripted,EMEA,21397916,5677595,24092066,2,2
NFLX-4940,Wild Frontier 1,Drama,UCAN,20156264,4096673,26986541,4,10
NFLX-4941,Wild Rivalry 1,Comedy,LATAM,21530740,3675546,26177546,1,2
NFLX-4942,Ultimate Kingdom 4,Sci-Fi,LATAM,30191770,7412543,47815222,6,7
NFLX-4943,Wild Hearts 3,Crime,UCAN,6949928,1186499,9347089,8,10
NFLX-4944,Rising Legacy 1,Crime,UCAN,36595170,5445190,46698401,10,1
NFLX-4945,Infinite Odyssey 1,Animation,APAC,22363588,3872811,27835483,3,10
NFLX-4946,Dark Kingdom 4,Documentary,EMEA,9005908,2118117,13122884,9,8
NFLX-4947,Ultimate Hearts 1,Comedy,LATAM,37419027,6647280,56235402,3,7
NFLX-4948,Global Legacy 1,Action,UCAN,8561405,2211521,12759972,9,1
NFLX-4949,Global Vengeance 2,Drama,UCAN,22792207,4606114,35149998,3,9
NFLX-4950,Infinite Hearts 4,Comedy,LATAM,3930344,1178087,6000379,1,8
NFLX-4951,Secret Legacy 1,Unscripted,LATAM,11660389,2884415,11241253,8,7
NFLX-4952,Wild Horizon 2,Sci-Fi,EMEA,18559934,5070939,15873857,2,10
NFLX-4953,Shadow Legacy 4,Drama,LATAM,30990441,7175436,42986326,3,10
NFLX-4954,Rising Heist 4,Crime,EMEA,36600386,5958103,51794256,10,3
NFLX-4955,Golden Horizon 2,Fantasy,APAC,18574466,3402963,24009587,2,1
NFLX-4956,Royal Heist 2,Crime,EMEA,24876800,5242720,36801356,8,3
NFLX-4957,Shadow Rivalry 2,Documentary,APAC,14965133,3994005,19725713,2,7
NFLX-4958,Secret Rivalry 1,Action,EMEA,37751304,5943268,44946694,3,10
NFLX-4959,Infinite Chronicles 3,Animation,UCAN,20475362,4181947,17436560,6,3
NFLX-4960,Wild Legacy 2,Romance,UCAN,18944101,3170989,20130739,9,2
NFLX-4961,Secret Hearts 1,Romance,LATAM,34948529,9120740,35775067,5,9
NFLX-4962,Golden Kingdom 3,Animation,EMEA,3380758,756400,4980985,3,7
NFLX-4963,Ultimate Hearts 4,Action,UCAN,33601418,10003553,44536289,1,9
NFLX-4964,Wild Rivalry 1,Action,APAC,1886675,533211,1630590,5,4
NFLX-4965,Wild Rivalry 3,Romance,EMEA,10355566,2392584,13732274,6,6
NFLX-4966,Golden Protocol 4,Fantasy,UCAN,37224684,9947597,37776654,1,1
NFLX-4967,Secret Protocol 1,Comedy,LATAM,26013462,4400846,38649531,3,5
NFLX-4968,Royal Rivalry 3,Romance,UCAN,813317,230995,738764,2,10
NFLX-4969,Golden Legacy 4,Romance,LATAM,21187329,5521381,28720038,1,10
NFLX-4970,Lost Kingdom 4,Comedy,EMEA,36246083,6234040,42892293,7,4
NFLX-4971,Global Rivalry 2,Action,APAC,9360461,2139608,12500806,10,2
NFLX-4972,Wild Legacy 1,Unscripted,LATAM,18420391,3229665,24181465,2,9
NFLX-4973,Global Odyssey 2,Drama,LATAM,11028630,1950806,10541215,10,8
NFLX-4974,Lost Kingdom 2,Crime,APAC,37763280,9635799,53612773,9,8
NFLX-4975,Infinite Protocol 4,Action,EMEA,23789835,5034075,21673155,9,6
NFLX-4976,Infinite Hearts 3,Drama,APAC,26304378,7738577,26669973,8,9
NFLX-4977,Ultimate Rivalry 4,Documentary,APAC,7987119,1032166,7822035,3,6
NFLX-4978,Lost Odyssey 4,Documentary,EMEA,17231994,3447265,17075786,9,6
NFLX-4979,Ultimate Frontier 3,Fantasy,EMEA,19815799,3400312,23067513,2,5
NFLX-4980,Lost Legacy 3,Unscripted,LATAM,13641636,2686472,16177697,6,2
NFLX-4981,Secret Hearts 1,Animation,APAC,8595073,2029200,8236304,6,10
NFLX-4982,Lost Protocol 3,Comedy,LATAM,39078634,5415307,47660020,4,4
NFLX-4983,Wild Heist 3,Sci-Fi,APAC,31505511,4239901,43321354,1,2
NFLX-4984,Golden Vengeance 4,Romance,APAC,20264370,3138177,31463823,1,5
NFLX-4985,Shadow Frontier 1,Animation,EMEA,10918679,3265325,12565122,4,7
NFLX-4986,Royal Odyssey 4,Documentary,LATAM,21019644,3999584,29857137,9,9
NFLX-4987,Royal Empire 4,Sci-Fi,APAC,6585525,1414307,8959533,8,8
NFLX-4988,Infinite Odyssey 3,Fantasy,UCAN,36716431,4943243,37976961,10,7
NFLX-4989,Wild Protocol 2,Sci-Fi,APAC,38375241,9027193,53297232,1,6
NFLX-4990,Dark Rivalry 1,Comedy,APAC,1831285,449478,2007834,8,5
NFLX-4991,Global Heist 3,Action,EMEA,36587946,10597290,51589519,7,10
NFLX-4992,Lost Protocol 1,Comedy,APAC,35118129,4433795,30636142,9,4
NFLX-4993,Silent Empire 1,Fantasy,LATAM,23891027,4187353,30227332,3,4
NFLX-4994,Golden Odyssey 3,Animation,LATAM,14043960,2620047,13217513,9,1
NFLX-4995,Golden Heist 3,Action,EMEA,34050552,4708931,29353230,7,3
NFLX-4996,Golden Kingdom 3,Crime,EMEA,7391011,1263411,11295835,3,9
NFLX-4997,Infinite Empire 2,Romance,UCAN,10825273,2204468,10440189,1,3
NFLX-4998,Shadow Vengeance 1,Drama,APAC,693174,189630,987731,7,4
NFLX-4999,Rising Odyssey 2,Crime,EMEA,28358146,6718597,22733246,7,4
NFLX-5000,Dark Vengeance 3,Unscripted,EMEA,5455085,1281384,7464084,10,9
